store_id,model_id,allocated_units,week_start_date,strategy,flow_stockout,flow_weeks_of_cover,flow_dead_stock,flow_realized_cogs,flow_inventory_value,flow_markdown_loss,acquisition_cost,capital_tied_up
BLR-01,F19,1,2026-08-17,real_engine,0,1.0,1,0,83163567,24524.75,98099,98099
BLR-03,F19,1,2026-08-17,real_engine,0,1.0,1,0,83261666,24524.75,98099,98099
BLR-02,F17,1,2026-08-17,real_engine,0,1.0,1,0,83371096,27357.5,109430,109430
BLR-03,F16,1,2026-08-17,real_engine,0,0.5,1,0,83425312,13554.0,54216,54216
MAN-01,F16,1,2026-08-17,real_engine,0,0.5,1,0,83479528,13554.0,54216,54216
BLR-03,F17,2,2026-08-17,real_engine,1,0.5,1,0,83698388,54715.0,109430,218860
BLR-03,F20,1,2026-08-17,real_engine,1,0.5,1,0,83762819,16107.75,64431,64431
BLR-04,F20,1,2026-08-17,real_engine,0,10.0,1,0,83827250,16107.75,64431,64431
BLR-01,F18,1,2026-08-17,real_engine,0,10.0,1,0,83944714,29366.0,117464,117464
BLR-02,F18,1,2026-08-17,real_engine,0,0.5,1,0,84062178,29366.0,117464,117464
BLR-01,F20,1,2026-08-17,real_engine,1,0.5,1,0,84126609,16107.75,64431,64431
BLR-04,F15,2,2026-08-17,real_engine,0,2.0,1,0,84310631,46005.5,92011,184022
MAN-01,F15,1,2026-08-17,real_engine,0,10.0,1,0,84402642,23002.75,92011,92011
BLR-04,F12,1,2026-08-17,real_engine,0,1.0,1,0,84500938,24574.0,98296,98296
BLR-03,F15,2,2026-08-17,real_engine,0,1.0,1,0,84684960,46005.5,92011,184022
BLR-01,F15,1,2026-08-17,real_engine,0,0.3333333333333333,1,0,84776971,23002.75,92011,92011
MAN-02,F17,1,2026-08-17,real_engine,0,10.0,1,0,84886401,27357.5,109430,109430
BLR-04,F18,2,2026-08-17,real_engine,0,20.0,1,0,85121329,58732.0,117464,234928
BLR-03,F14,1,2026-08-17,real_engine,0,1.0,1,0,85179211,14470.5,57882,57882
MAN-01,F19,1,2026-08-17,real_engine,0,10.0,1,0,85277310,24524.75,98099,98099
BLR-02,F16,3,2026-08-17,real_engine,0,1.5,1,0,85439958,40662.0,54216,162648
BLR-01,F12,1,2026-08-17,real_engine,0,10.0,1,0,85538254,24574.0,98296,98296
BLR-02,F15,2,2026-08-17,real_engine,0,20.0,1,0,85722276,46005.5,92011,184022
BLR-01,F16,2,2026-08-17,real_engine,0,20.0,1,0,85830708,27108.0,54216,108432
BLR-01,F14,1,2026-08-17,real_engine,0,0.5,1,0,85888590,14470.5,57882,57882
BLR-04,F13,1,2026-08-17,real_engine,0,10.0,1,0,85948989,15099.75,60399,60399
BLR-08,F18,2,2026-08-17,real_engine,0,20.0,1,0,86183917,58732.0,117464,234928
BLR-05,F19,1,2026-08-17,real_engine,0,1.0,1,0,86282016,24524.75,98099,98099
BLR-02,F12,1,2026-08-17,real_engine,0,1.0,1,0,86380312,24574.0,98296,98296
BLR-08,M18,2,2026-08-17,real_engine,1,0.6666666666666666,1,0,86431754,12860.5,25721,51442
KAL-01,M18,1,2026-08-17,real_engine,0,10.0,1,0,86457475,6430.25,25721,25721
MAN-02,M19,1,2026-08-17,real_engine,0,10.0,1,0,86486626,7287.75,29151,29151
MAN-01,F20,1,2026-08-17,real_engine,0,10.0,1,0,86551057,16107.75,64431,64431
BLR-04,F17,2,2026-08-17,real_engine,0,2.0,1,0,86769917,54715.0,109430,218860
BLR-03,F18,2,2026-08-17,real_engine,0,2.0,1,0,87004845,58732.0,117464,234928
MYS-01,M15,1,2026-08-17,real_engine,0,10.0,1,0,87031498,6663.25,26653,26653
BLR-08,M16,4,2026-08-17,real_engine,0,1.3333333333333333,1,0,87114218,20680.0,20680,82720
BLR-08,F20,1,2026-08-17,real_engine,0,10.0,1,0,87178649,16107.75,64431,64431
BLR-02,M18,1,2026-08-17,real_engine,0,1.0,1,0,87204370,6430.25,25721,25721
BLR-02,M19,1,2026-08-17,real_engine,0,1.0,1,0,87233521,7287.75,29151,29151
BLR-04,F16,1,2026-08-17,real_engine,0,1.0,1,0,87287737,13554.0,54216,54216
MYS-02,M16,2,2026-08-17,real_engine,0,1.0,1,0,87329097,10340.0,20680,41360
MAN-01,F14,1,2026-08-17,real_engine,0,0.5,1,0,87386979,14470.5,57882,57882
MAN-01,F17,1,2026-08-17,real_engine,0,1.0,1,0,87496409,27357.5,109430,109430
MYS-02,M15,2,2026-08-17,real_engine,0,2.0,1,0,87549715,13326.5,26653,53306
HUB-02,M15,1,2026-08-17,real_engine,0,10.0,1,0,87576368,6663.25,26653,26653
BLR-08,F15,1,2026-08-17,real_engine,0,10.0,1,0,87668379,23002.75,92011,92011
BEL-01,M12,0,2026-08-17,real_engine,1,0.0,0,0,87668379,0.0,17217,0
BLR-05,M18,2,2026-08-17,real_engine,1,0.6666666666666666,1,0,87719821,12860.5,25721,51442
BLR-02,F19,1,2026-08-17,real_engine,0,0.5,1,0,87817920,24524.75,98099,98099
MAN-01,M15,3,2026-08-17,real_engine,0,0.75,1,0,87897879,19989.75,26653,79959
BLR-01,M17,2,2026-08-17,real_engine,0,0.6666666666666666,1,0,87948413,12633.5,25267,50534
MAN-01,M04,0,2026-08-17,real_engine,0,0.0,0,0,87948413,0.0,21389,0
BLR-03,M18,2,2026-08-17,real_engine,0,20.0,1,0,87999855,12860.5,25721,51442
BLR-04,M18,2,2026-08-17,real_engine,0,1.0,1,0,88051297,12860.5,25721,51442
DAV-01,M18,1,2026-08-17,real_engine,0,0.3333333333333333,1,0,88077018,6430.25,25721,25721
HOS-01,M18,1,2026-08-17,real_engine,0,1.0,1,0,88102739,6430.25,25721,25721
KAL-01,M19,1,2026-08-17,real_engine,0,10.0,1,0,88131890,7287.75,29151,29151
BLR-03,M16,4,2026-08-17,real_engine,0,1.3333333333333333,1,0,88214610,20680.0,20680,82720
BLR-08,F16,1,2026-08-17,real_engine,0,10.0,1,0,88268826,13554.0,54216,54216
SHI-01,F16,1,2026-08-17,real_engine,0,10.0,1,0,88323042,13554.0,54216,54216
BLR-02,M12,0,2026-08-17,real_engine,0,0.0,0,0,88323042,0.0,17217,0
HUB-01,M12,0,2026-08-17,real_engine,0,0.0,0,0,88323042,0.0,17217,0
HUB-02,M12,0,2026-08-17,real_engine,1,0.0,0,0,88323042,0.0,17217,0
TUM-01,M12,0,2026-08-17,real_engine,1,0.0,0,0,88323042,0.0,17217,0
BLR-03,M15,3,2026-08-17,real_engine,0,1.5,1,0,88403001,19989.75,26653,79959
BLR-03,F12,1,2026-08-17,real_engine,0,1.0,1,0,88501297,24574.0,98296,98296
BEL-02,F12,1,2026-08-17,real_engine,0,10.0,1,0,88599593,24574.0,98296,98296
BLR-08,M04,0,2026-08-17,real_engine,0,0.0,0,0,88599593,0.0,21389,0
BEL-01,M14,1,2026-08-17,real_engine,0,1.0,1,0,88622319,5681.5,22726,22726
MAN-02,M16,2,2026-08-17,real_engine,0,2.0,1,0,88663679,10340.0,20680,41360
BLR-02,M15,2,2026-08-17,real_engine,0,0.4,1,0,88716985,13326.5,26653,53306
BLR-01,F11,1,2026-08-17,real_engine,0,10.0,1,0,88783720,16683.75,66735,66735
BLR-08,F17,1,2026-08-17,real_engine,0,10.0,1,0,88893150,27357.5,109430,109430
MYS-02,F17,1,2026-08-17,real_engine,0,10.0,1,0,89002580,27357.5,109430,109430
MAN-01,M18,1,2026-08-17,real_engine,0,10.0,1,0,89028301,6430.25,25721,25721
BLR-04,M19,1,2026-08-17,real_engine,0,1.0,1,0,89057452,7287.75,29151,29151
DAV-01,M16,1,2026-08-17,real_engine,0,1.0,1,0,89078132,5170.0,20680,20680
BLR-04,F14,2,2026-08-17,real_engine,0,20.0,1,0,89193896,28941.0,57882,115764
HUB-01,M15,2,2026-08-17,real_engine,0,20.0,1,0,89247202,13326.5,26653,53306
BLR-05,M14,1,2026-08-17,real_engine,0,10.0,1,0,89269928,5681.5,22726,22726
BLR-06,M16,2,2026-08-17,real_engine,0,2.0,1,0,89311288,10340.0,20680,41360
BLR-05,M17,3,2026-08-17,real_engine,0,1.5,1,0,89387089,18950.25,25267,75801
BLR-05,F18,1,2026-08-17,real_engine,0,10.0,1,0,89504553,29366.0,117464,117464
BLR-04,M15,3,2026-08-17,real_engine,0,3.0,1,0,89584512,19989.75,26653,79959
BLR-08,M15,3,2026-08-17,real_engine,0,1.0,1,0,89664471,19989.75,26653,79959
BLR-03,M20,3,2026-08-17,real_engine,0,1.5,1,0,89749083,21153.0,28204,84612
MAN-01,M17,6,2026-08-17,real_engine,0,2.0,1,0,89900685,37900.5,25267,151602
KAL-01,M17,3,2026-08-17,real_engine,0,1.5,1,0,89976486,18950.25,25267,75801
BLR-08,M20,2,2026-08-17,real_engine,1,0.5,1,0,90032894,14102.0,28204,56408
BLR-05,M16,2,2026-08-17,real_engine,0,0.6666666666666666,1,0,90074254,10340.0,20680,41360
TUM-01,M16,2,2026-08-17,real_engine,0,20.0,1,0,90115614,10340.0,20680,41360
MAN-01,M03,0,2026-08-17,real_engine,0,0.0,0,0,90115614,0.0,24373,0
HUB-01,F17,1,2026-08-17,real_engine,0,10.0,1,0,90225044,27357.5,109430,109430
BLR-04,M17,2,2026-08-17,real_engine,0,0.6666666666666666,1,0,90275578,12633.5,25267,50534
BLR-04,M20,3,2026-08-17,real_engine,0,30.0,1,0,90360190,21153.0,28204,84612
HUB-01,F18,1,2026-08-17,real_engine,0,1.0,1,0,90477654,29366.0,117464,117464
BLR-02,M14,2,2026-08-17,real_engine,0,1.0,1,0,90523106,11363.0,22726,45452
DAV-01,M14,1,2026-08-17,real_engine,0,1.0,1,0,90545832,5681.5,22726,22726
BEL-02,M14,1,2026-08-17,real_engine,0,10.0,1,0,90568558,5681.5,22726,22726
BLR-06,M15,3,2026-08-17,real_engine,0,3.0,1,0,90648517,19989.75,26653,79959
MAN-01,M12,0,2026-08-17,real_engine,1,0.0,0,0,90648517,0.0,17217,0
HUB-01,F19,1,2026-08-17,real_engine,0,10.0,1,0,90746616,24524.75,98099,98099
BLR-04,M16,4,2026-08-17,real_engine,0,1.3333333333333333,1,0,90829336,20680.0,20680,82720
BLR-01,M16,2,2026-08-17,real_engine,0,2.0,1,0,90870696,10340.0,20680,41360
KOL-01,M20,1,2026-08-17,real_engine,1,0.5,1,0,90898900,7051.0,28204,28204
BLR-01,M15,2,2026-08-17,real_engine,0,1.0,1,0,90952206,13326.5,26653,53306
BLR-08,M14,2,2026-08-17,real_engine,0,0.6666666666666666,1,0,90997658,11363.0,22726,45452
BEL-01,F19,1,2026-08-17,real_engine,0,10.0,1,0,91095757,24524.75,98099,98099
BLR-06,F18,1,2026-08-17,real_engine,0,10.0,1,0,91213221,29366.0,117464,117464
BLR-02,F20,2,2026-08-17,real_engine,0,20.0,1,0,91342083,32215.5,64431,128862
BLR-08,M02,0,2026-08-17,real_engine,0,0.0,0,0,91342083,0.0,16548,0
KOL-01,M12,0,2026-08-17,real_engine,0,0.0,0,0,91342083,0.0,17217,0
BLR-06,F19,1,2026-08-17,real_engine,0,10.0,1,0,91440182,24524.75,98099,98099
MYS-01,F17,1,2026-08-17,real_engine,0,10.0,1,0,91549612,27357.5,109430,109430
BLR-01,M20,3,2026-08-17,real_engine,0,30.0,1,0,91634224,21153.0,28204,84612
MYS-02,M14,1,2026-08-17,real_engine,0,1.0,1,0,91656950,5681.5,22726,22726
HOS-01,M14,1,2026-08-17,real_engine,0,1.0,1,0,91679676,5681.5,22726,22726
UDU-01,M13,0,2026-08-17,real_engine,0,0.0,0,0,91679676,0.0,25696,0
SHI-01,M15,2,2026-08-17,real_engine,0,2.0,1,0,91732982,13326.5,26653,53306
BLR-01,F17,1,2026-08-17,real_engine,0,1.0,1,0,91842412,27357.5,109430,109430
BLR-07,M17,2,2026-08-17,real_engine,0,20.0,1,0,91892946,12633.5,25267,50534
MYS-01,M17,2,2026-08-17,real_engine,0,1.0,1,0,91943480,12633.5,25267,50534
DAV-02,M17,2,2026-08-17,real_engine,0,2.0,1,0,91994014,12633.5,25267,50534
MAN-02,M18,3,2026-08-17,real_engine,0,30.0,1,0,92071177,19290.75,25721,77163
MYS-01,F19,1,2026-08-17,real_engine,0,10.0,1,0,92169276,24524.75,98099,98099
BLR-05,M15,3,2026-08-17,real_engine,0,30.0,1,0,92249235,19989.75,26653,79959
KOL-01,M14,2,2026-08-17,real_engine,0,20.0,1,0,92294687,11363.0,22726,45452
DAV-01,F17,1,2026-08-17,real_engine,0,10.0,1,0,92404117,27357.5,109430,109430
BEL-01,M15,2,2026-08-17,real_engine,0,0.6666666666666666,1,0,92457423,13326.5,26653,53306
UDU-01,M15,1,2026-08-17,real_engine,0,0.5,1,0,92484076,6663.25,26653,26653
KOL-01,M15,1,2026-08-17,real_engine,0,0.5,1,0,92510729,6663.25,26653,26653
DAV-01,F18,1,2026-08-17,real_engine,0,10.0,1,0,92628193,29366.0,117464,117464
TUM-01,M18,2,2026-08-17,real_engine,0,20.0,1,0,92679635,12860.5,25721,51442
BLR-06,M18,1,2026-08-17,real_engine,0,0.5,1,0,92705356,6430.25,25721,25721
BLR-03,M17,2,2026-08-17,real_engine,0,0.6666666666666666,1,0,92755890,12633.5,25267,50534
BLR-05,M12,0,2026-08-17,real_engine,1,0.0,0,0,92755890,0.0,17217,0
BLR-06,M12,0,2026-08-17,real_engine,1,0.0,0,0,92755890,0.0,17217,0
DAV-01,F19,1,2026-08-17,real_engine,0,10.0,1,0,92853989,24524.75,98099,98099
BLR-02,M16,3,2026-08-17,real_engine,0,1.5,1,0,92916029,15510.0,20680,62040
BLR-07,M16,3,2026-08-17,real_engine,0,30.0,1,0,92978069,15510.0,20680,62040
UDU-01,M16,2,2026-08-17,real_engine,0,20.0,1,0,93019429,10340.0,20680,41360
DAV-02,M16,1,2026-08-17,real_engine,0,0.5,1,0,93040109,5170.0,20680,20680
BLR-02,F03,0,2026-08-17,real_engine,1,0.0,0,0,93040109,0.0,55530,0
MYS-01,M14,1,2026-08-17,real_engine,0,10.0,1,0,93062835,5681.5,22726,22726
TUM-02,M14,1,2026-08-17,real_engine,0,1.0,1,0,93085561,5681.5,22726,22726
HUB-01,M14,3,2026-08-17,real_engine,0,3.0,1,0,93153739,17044.5,22726,68178
BLR-07,F17,1,2026-08-17,real_engine,0,10.0,1,0,93263169,27357.5,109430,109430
HUB-01,M18,2,2026-08-17,real_engine,0,20.0,1,0,93314611,12860.5,25721,51442
BLR-08,M17,3,2026-08-17,real_engine,0,0.75,1,0,93390412,18950.25,25267,75801
BLR-05,F20,1,2026-08-17,real_engine,0,10.0,1,0,93454843,16107.75,64431,64431
BEL-01,M16,3,2026-08-17,real_engine,0,3.0,1,0,93516883,15510.0,20680,62040
TUM-02,M17,2,2026-08-17,real_engine,0,1.0,1,0,93567417,12633.5,25267,50534
BLR-01,M13,0,2026-08-17,real_engine,0,0.0,0,0,93567417,0.0,25696,0
BEL-01,M13,0,2026-08-17,real_engine,0,0.0,0,0,93567417,0.0,25696,0
KOL-01,M13,0,2026-08-17,real_engine,1,0.0,0,0,93567417,0.0,25696,0
BLR-02,F14,2,2026-08-17,real_engine,0,1.0,1,0,93683181,28941.0,57882,115764
BLR-02,M04,0,2026-08-17,real_engine,0,0.0,0,0,93683181,0.0,21389,0
UDU-01,F19,1,2026-08-17,real_engine,0,10.0,1,0,93781280,24524.75,98099,98099
MAN-02,F18,1,2026-08-17,real_engine,0,10.0,1,0,93898744,29366.0,117464,117464
BLR-02,M17,3,2026-08-17,real_engine,0,3.0,1,0,93974545,18950.25,25267,75801
HUB-02,F17,1,2026-08-17,real_engine,0,10.0,1,0,94083975,27357.5,109430,109430
MAN-01,M16,3,2026-08-17,real_engine,0,0.75,1,0,94146015,15510.0,20680,62040
BLR-06,M19,2,2026-08-17,real_engine,0,0.6666666666666666,1,0,94204317,14575.5,29151,58302
HUB-01,F20,1,2026-08-17,real_engine,0,10.0,1,0,94268748,16107.75,64431,64431
BLR-03,M12,0,2026-08-17,real_engine,1,0.0,0,0,94268748,0.0,17217,0
TUM-02,M12,0,2026-08-17,real_engine,1,0.0,0,0,94268748,0.0,17217,0
DAV-02,M12,0,2026-08-17,real_engine,0,0.0,0,0,94268748,0.0,17217,0
MAN-02,M12,0,2026-08-17,real_engine,0,0.0,0,0,94268748,0.0,17217,0
HUB-02,F19,1,2026-08-17,real_engine,0,10.0,1,0,94366847,24524.75,98099,98099
MAN-01,M19,3,2026-08-17,real_engine,1,0.375,1,0,94454300,21863.25,29151,87453
SHI-01,F18,1,2026-08-17,real_engine,0,10.0,1,0,94571764,29366.0,117464,117464
MAN-02,M17,3,2026-08-17,real_engine,0,3.0,1,0,94647565,18950.25,25267,75801
HUB-02,M17,2,2026-08-17,real_engine,0,2.0,1,0,94698099,12633.5,25267,50534
UDU-01,M14,1,2026-08-17,real_engine,0,1.0,1,0,94720825,5681.5,22726,22726
BLR-01,F10,0,2026-08-17,real_engine,0,0.0,0,0,94720825,0.0,66400,0
MYS-01,M16,3,2026-08-17,real_engine,0,1.0,1,0,94782865,15510.0,20680,62040
MYS-01,M19,2,2026-08-17,real_engine,0,1.0,1,0,94841167,14575.5,29151,58302
BEL-01,F20,1,2026-08-17,real_engine,0,10.0,1,0,94905598,16107.75,64431,64431
SHI-01,F19,1,2026-08-17,real_engine,0,10.0,1,0,95003697,24524.75,98099,98099
UDU-01,M18,2,2026-08-17,real_engine,1,0.5,1,0,95055139,12860.5,25721,51442
HUB-02,M18,1,2026-08-17,real_engine,0,1.0,1,0,95080860,6430.25,25721,25721
BEL-02,M18,1,2026-08-17,real_engine,0,1.0,1,0,95106581,6430.25,25721,25721
BLR-03,M19,1,2026-08-17,real_engine,0,1.0,1,0,95135732,7287.75,29151,29151
BLR-06,F20,1,2026-08-17,real_engine,0,10.0,1,0,95200163,16107.75,64431,64431
KAL-01,M15,2,2026-08-17,real_engine,0,2.0,1,0,95253469,13326.5,26653,53306
BLR-03,M10,0,2026-08-17,real_engine,1,0.0,0,0,95253469,0.0,25610,0
BLR-04,F03,0,2026-08-17,real_engine,0,0.0,0,0,95253469,0.0,55530,0
MAN-01,M01,0,2026-08-17,real_engine,1,0.0,0,0,95253469,0.0,20460,0
BLR-05,M09,0,2026-08-17,real_engine,0,0.0,0,0,95253469,0.0,28135,0
BEL-02,F17,1,2026-08-17,real_engine,0,10.0,1,0,95362899,27357.5,109430,109430
HOS-01,M16,2,2026-08-17,real_engine,0,2.0,1,0,95404259,10340.0,20680,41360
BEL-01,M17,2,2026-08-17,real_engine,0,20.0,1,0,95454793,12633.5,25267,50534
BEL-02,F18,1,2026-08-17,real_engine,0,10.0,1,0,95572257,29366.0,117464,117464
BLR-03,M04,0,2026-08-17,real_engine,0,0.0,0,0,95572257,0.0,21389,0
MYS-01,F20,1,2026-08-17,real_engine,0,10.0,1,0,95636688,16107.75,64431,64431
BEL-02,F19,1,2026-08-17,real_engine,0,10.0,1,0,95734787,24524.75,98099,98099
TUM-02,M15,1,2026-08-17,real_engine,0,1.0,1,0,95761440,6663.25,26653,26653
HOS-01,M15,1,2026-08-17,real_engine,0,10.0,1,0,95788093,6663.25,26653,26653
BLR-04,M04,0,2026-08-17,real_engine,0,0.0,0,0,95788093,0.0,21389,0
SHI-01,M12,0,2026-08-17,real_engine,0,0.0,0,0,95788093,0.0,17217,0
MYS-02,F18,1,2026-08-17,real_engine,0,10.0,1,0,95905557,29366.0,117464,117464
BLR-08,M01,0,2026-08-17,real_engine,0,0.0,0,0,95905557,0.0,20460,0
BLR-02,M20,4,2026-08-17,real_engine,0,1.3333333333333333,1,0,96018373,28204.0,28204,112816
KAL-01,M16,2,2026-08-17,real_engine,0,20.0,1,0,96059733,10340.0,20680,41360
HUB-01,M10,0,2026-08-17,real_engine,0,0.0,0,0,96059733,0.0,25610,0
DAV-02,M13,0,2026-08-17,real_engine,0,0.0,0,0,96059733,0.0,25696,0
MYS-02,F19,1,2026-08-17,real_engine,0,10.0,1,0,96157832,24524.75,98099,98099
SHI-01,M17,1,2026-08-17,real_engine,0,1.0,1,0,96183099,6316.75,25267,25267
DAV-01,F20,1,2026-08-17,real_engine,0,1.0,1,0,96247530,16107.75,64431,64431
BLR-01,F03,0,2026-08-17,real_engine,0,0.0,0,0,96247530,0.0,55530,0
KAL-01,F18,1,2026-08-17,real_engine,0,10.0,1,0,96364994,29366.0,117464,117464
MAN-01,F13,1,2026-08-17,real_engine,0,10.0,1,0,96425393,15099.75,60399,60399
MAN-01,M05,0,2026-08-17,real_engine,0,0.0,0,0,96425393,0.0,26834,0
KAL-01,F19,1,2026-08-17,real_engine,0,10.0,1,0,96523492,24524.75,98099,98099
BLR-04,M14,2,2026-08-17,real_engine,0,2.0,1,0,96568944,11363.0,22726,45452
TUM-01,M14,2,2026-08-17,real_engine,0,1.0,1,0,96614396,11363.0,22726,45452
MAN-01,M14,2,2026-08-17,real_engine,0,1.0,1,0,96659848,11363.0,22726,45452
BLR-01,M10,0,2026-08-17,real_engine,0,0.0,0,0,96659848,0.0,25610,0
BLR-02,F04,0,2026-08-17,real_engine,0,0.0,0,0,96659848,0.0,53816,0
BLR-07,F20,1,2026-08-17,real_engine,0,10.0,1,0,96724279,16107.75,64431,64431
BLR-06,M17,3,2026-08-17,real_engine,0,30.0,1,0,96800080,18950.25,25267,75801
BLR-02,F06,0,2026-08-17,real_engine,0,0.0,0,0,96800080,0.0,53059,0
DAV-02,F18,1,2026-08-17,real_engine,0,1.0,1,0,96917544,29366.0,117464,117464
BLR-01,M04,0,2026-08-17,real_engine,1,0.0,0,0,96917544,0.0,21389,0
TUM-02,M18,2,2026-08-17,real_engine,0,1.0,1,0,96968986,12860.5,25721,51442
BLR-01,M18,1,2026-08-17,real_engine,0,1.0,1,0,96994707,6430.25,25721,25721
BLR-08,M19,2,2026-08-17,real_engine,0,2.0,1,0,97053009,14575.5,29151,58302
BLR-01,M19,1,2026-08-17,real_engine,0,10.0,1,0,97082160,7287.75,29151,29151
BLR-05,M19,1,2026-08-17,real_engine,0,1.0,1,0,97111311,7287.75,29151,29151
HUB-01,M19,1,2026-08-17,real_engine,0,10.0,1,0,97140462,7287.75,29151,29151
TUM-02,M19,1,2026-08-17,real_engine,0,1.0,1,0,97169613,7287.75,29151,29151
DAV-02,M19,1,2026-08-17,real_engine,0,10.0,1,0,97198764,7287.75,29151,29151
BEL-01,M19,1,2026-08-17,real_engine,0,1.0,1,0,97227915,7287.75,29151,29151
SHI-01,M19,1,2026-08-17,real_engine,0,0.5,1,0,97257066,7287.75,29151,29151
UDU-01,F20,1,2026-08-17,real_engine,0,10.0,1,0,97321497,16107.75,64431,64431
BLR-02,F01,0,2026-08-17,real_engine,0,0.0,0,0,97321497,0.0,61349,0
UDU-01,M17,2,2026-08-17,real_engine,0,1.0,1,0,97372031,12633.5,25267,50534
KOL-01,M17,2,2026-08-17,real_engine,0,20.0,1,0,97422565,12633.5,25267,50534
DAV-02,F19,1,2026-08-17,real_engine,0,10.0,1,0,97520664,24524.75,98099,98099
BLR-02,M02,0,2026-08-17,real_engine,0,0.0,0,0,97520664,0.0,16548,0
BLR-03,F11,1,2026-08-17,real_engine,0,10.0,1,0,97587399,16683.75,66735,66735
DAV-02,M14,1,2026-08-17,real_engine,0,1.0,1,0,97610125,5681.5,22726,22726
KAL-01,M14,1,2026-08-17,real_engine,0,10.0,1,0,97632851,5681.5,22726,22726
BLR-02,M11,0,2026-08-17,real_engine,1,0.0,0,0,97632851,0.0,20687,0
TUM-01,M15,2,2026-08-17,real_engine,0,20.0,1,0,97686157,13326.5,26653,53306
MAN-02,F20,1,2026-08-17,real_engine,0,10.0,1,0,97750588,16107.75,64431,64431
BLR-08,M13,0,2026-08-17,real_engine,0,0.0,0,0,97750588,0.0,25696,0
HUB-02,M13,0,2026-08-17,real_engine,0,0.0,0,0,97750588,0.0,25696,0
MAN-01,F12,1,2026-08-17,real_engine,0,10.0,1,0,97848884,24574.0,98296,98296
MYS-01,M12,0,2026-08-17,real_engine,0,0.0,0,0,97848884,0.0,17217,0
HUB-02,F20,1,2026-08-17,real_engine,0,10.0,1,0,97913315,16107.75,64431,64431
BEL-02,M16,2,2026-08-17,real_engine,0,0.6666666666666666,1,0,97954675,10340.0,20680,41360
HOS-01,F17,1,2026-08-17,real_engine,0,10.0,1,0,98064105,27357.5,109430,109430
MYS-01,M04,0,2026-08-17,real_engine,0,0.0,0,0,98064105,0.0,21389,0
SHI-01,F20,1,2026-08-17,real_engine,0,10.0,1,0,98128536,16107.75,64431,64431
BLR-05,M20,2,2026-08-17,real_engine,0,20.0,1,0,98184944,14102.0,28204,56408
HOS-01,F19,1,2026-08-17,real_engine,0,10.0,1,0,98283043,24524.75,98099,98099
BLR-05,F12,1,2026-08-17,real_engine,0,10.0,1,0,98381339,24574.0,98296,98296
BLR-03,F04,0,2026-08-17,real_engine,0,0.0,0,0,98381339,0.0,53816,0
SHI-01,M18,2,2026-08-17,real_engine,0,20.0,1,0,98432781,12860.5,25721,51442
TUM-01,F20,1,2026-08-17,real_engine,0,10.0,1,0,98497212,16107.75,64431,64431
BLR-08,M12,0,2026-08-17,real_engine,0,0.0,0,0,98497212,0.0,17217,0
TUM-02,F17,1,2026-08-17,real_engine,0,10.0,1,0,98606642,27357.5,109430,109430
TUM-02,F18,1,2026-08-17,real_engine,0,1.0,1,0,98724106,29366.0,117464,117464
BLR-03,M03,0,2026-08-17,real_engine,0,0.0,0,0,98724106,0.0,24373,0
BLR-04,F04,0,2026-08-17,real_engine,0,0.0,0,0,98724106,0.0,53816,0
DAV-01,M04,0,2026-08-17,real_engine,0,0.0,0,0,98724106,0.0,21389,0
HUB-01,M20,2,2026-08-17,real_engine,0,1.0,1,0,98780514,14102.0,28204,56408
MAN-02,M13,0,2026-08-17,real_engine,0,0.0,0,0,98780514,0.0,25696,0
BLR-06,M13,0,2026-08-17,real_engine,0,0.0,0,0,98780514,0.0,25696,0
BEL-02,M13,0,2026-08-17,real_engine,0,0.0,0,0,98780514,0.0,25696,0
BEL-02,F20,1,2026-08-17,real_engine,0,10.0,1,0,98844945,16107.75,64431,64431
TUM-02,F19,1,2026-08-17,real_engine,0,10.0,1,0,98943044,24524.75,98099,98099
BLR-08,F14,1,2026-08-17,real_engine,0,10.0,1,0,99000926,14470.5,57882,57882
SHI-01,F14,1,2026-08-17,real_engine,0,1.0,1,0,99058808,14470.5,57882,57882
HUB-01,F12,1,2026-08-17,real_engine,0,10.0,1,0,99157104,24574.0,98296,98296
BLR-01,F13,1,2026-08-17,real_engine,0,10.0,1,0,99217503,15099.75,60399,60399
BLR-02,F13,1,2026-08-17,real_engine,0,10.0,1,0,99277902,15099.75,60399,60399
BLR-02,F10,0,2026-08-17,real_engine,0,0.0,0,0,99277902,0.0,66400,0
BLR-01,F05,0,2026-08-17,real_engine,0,0.0,0,0,99277902,0.0,89165,0
BLR-02,F02,0,2026-08-17,real_engine,0,0.0,0,0,99277902,0.0,66229,0
BLR-04,F01,0,2026-08-17,real_engine,0,0.0,0,0,99277902,0.0,61349,0
BLR-05,M02,0,2026-08-17,real_engine,0,0.0,0,0,99277902,0.0,16548,0
BLR-04,M02,0,2026-08-17,real_engine,0,0.0,0,0,99277902,0.0,16548,0
MYS-02,M17,2,2026-08-17,real_engine,0,20.0,1,0,99328436,12633.5,25267,50534
MYS-01,M11,0,2026-08-17,real_engine,0,0.0,0,0,99328436,0.0,20687,0
BLR-07,M04,0,2026-08-17,real_engine,0,0.0,0,0,99328436,0.0,21389,0
BEL-01,M20,2,2026-08-17,real_engine,0,2.0,1,0,99384844,14102.0,28204,56408
BLR-04,M12,0,2026-08-17,real_engine,1,0.0,0,0,99384844,0.0,17217,0
MYS-02,F20,1,2026-08-17,real_engine,0,10.0,1,0,99449275,16107.75,64431,64431
UDU-01,M04,0,2026-08-17,real_engine,0,0.0,0,0,99449275,0.0,21389,0
KOL-01,M18,2,2026-08-17,real_engine,0,20.0,1,0,99500717,12860.5,25721,51442
MYS-01,M18,1,2026-08-17,real_engine,0,10.0,1,0,99526438,6430.25,25721,25721
BLR-07,M19,1,2026-08-17,real_engine,1,0.25,1,0,99555589,7287.75,29151,29151
HOS-01,M19,1,2026-08-17,real_engine,0,10.0,1,0,99584740,7287.75,29151,29151
DAV-01,F15,1,2026-08-17,real_engine,0,10.0,1,0,99676751,23002.75,92011,92011
HOS-01,F15,1,2026-08-17,real_engine,0,10.0,1,0,99768762,23002.75,92011,92011
KOL-01,F15,1,2026-08-17,real_engine,0,10.0,1,0,99860773,23002.75,92011,92011
MYS-01,F18,1,2026-08-17,real_engine,0,10.0,1,0,99978237,29366.0,117464,117464
HUB-02,F18,1,2026-08-17,real_engine,0,10.0,1,0,100095701,29366.0,117464,117464
MAN-01,F18,1,2026-08-17,real_engine,0,10.0,1,0,100213165,29366.0,117464,117464
BLR-06,M20,2,2026-08-17,real_engine,0,20.0,1,0,100269573,14102.0,28204,56408
BLR-06,F12,1,2026-08-17,real_engine,0,10.0,1,0,100367869,24574.0,98296,98296
MAN-02,M04,0,2026-08-17,real_engine,0,0.0,0,0,100367869,0.0,21389,0
BLR-08,F19,1,2026-08-17,real_engine,0,10.0,1,0,100465968,24524.75,98099,98099
MAN-02,F19,1,2026-08-17,real_engine,0,10.0,1,0,100564067,24524.75,98099,98099
KAL-01,F20,1,2026-08-17,real_engine,0,10.0,1,0,100628498,16107.75,64431,64431
BLR-08,M10,0,2026-08-17,real_engine,1,0.0,0,0,100628498,0.0,25610,0
BLR-01,F04,0,2026-08-17,real_engine,0,0.0,0,0,100628498,0.0,53816,0
HUB-01,M02,0,2026-08-17,real_engine,0,0.0,0,0,100628498,0.0,16548,0
MAN-01,M20,3,2026-08-17,real_engine,0,1.5,1,0,100713110,21153.0,28204,84612
BLR-01,F06,0,2026-08-17,real_engine,0,0.0,0,0,100713110,0.0,53059,0
TUM-01,M09,0,2026-08-17,real_engine,0,0.0,0,0,100713110,0.0,28135,0
MYS-01,M20,2,2026-08-17,real_engine,0,2.0,1,0,100769518,14102.0,28204,56408
DAV-01,M17,1,2026-08-17,real_engine,0,0.5,1,0,100794785,6316.75,25267,25267
BLR-01,M03,0,2026-08-17,real_engine,0,0.0,0,0,100794785,0.0,24373,0
BLR-03,M13,0,2026-08-17,real_engine,0,0.0,0,0,100794785,0.0,25696,0
MYS-01,M13,0,2026-08-17,real_engine,0,0.0,0,0,100794785,0.0,25696,0
MAN-01,M13,0,2026-08-17,real_engine,1,0.0,0,0,100794785,0.0,25696,0
BEL-01,M03,0,2026-08-17,real_engine,0,0.0,0,0,100794785,0.0,24373,0
MYS-01,F12,1,2026-08-17,real_engine,0,10.0,1,0,100893081,24574.0,98296,98296
BLR-01,F01,0,2026-08-17,real_engine,0,0.0,0,0,100893081,0.0,61349,0
BLR-01,M02,0,2026-08-17,real_engine,0,0.0,0,0,100893081,0.0,16548,0
BEL-01,M02,0,2026-08-17,real_engine,0,0.0,0,0,100893081,0.0,16548,0
DAV-02,F20,1,2026-08-17,real_engine,0,10.0,1,0,100957512,16107.75,64431,64431
HUB-01,M16,2,2026-08-17,real_engine,0,2.0,1,0,100998872,10340.0,20680,41360
BLR-06,M03,0,2026-08-17,real_engine,0,0.0,0,0,100998872,0.0,24373,0
HUB-02,M14,1,2026-08-17,real_engine,0,10.0,1,0,101021598,5681.5,22726,22726
HUB-01,F16,1,2026-08-17,real_engine,0,10.0,1,0,101075814,13554.0,54216,54216
KOL-01,F17,1,2026-08-17,real_engine,0,10.0,1,0,101185244,27357.5,109430,109430
BLR-06,M02,0,2026-08-17,real_engine,0,0.0,0,0,101185244,0.0,16548,0
BLR-03,F03,0,2026-08-17,real_engine,0,0.0,0,0,101185244,0.0,55530,0
DAV-01,M20,2,2026-08-17,real_engine,0,20.0,1,0,101241652,14102.0,28204,56408
BLR-01,B01,0,2026-08-17,real_engine,0,0.0,0,0,101241652,0.0,6440,0
BEL-01,B01,0,2026-08-17,real_engine,0,0.0,0,0,101241652,0.0,6440,0
KOL-01,F19,1,2026-08-17,real_engine,0,10.0,1,0,101339751,24524.75,98099,98099
BLR-01,B05,0,2026-08-17,real_engine,0,0.0,0,0,101339751,0.0,10127,0
MYS-01,M02,0,2026-08-17,real_engine,0,0.0,0,0,101339751,0.0,16548,0
BLR-03,F07,0,2026-08-17,real_engine,0,0.0,0,0,101339751,0.0,99781,0
DAV-01,M12,0,2026-08-17,real_engine,1,0.0,0,0,101339751,0.0,17217,0
KAL-01,M12,0,2026-08-17,real_engine,0,0.0,0,0,101339751,0.0,17217,0
UDU-01,M12,0,2026-08-17,real_engine,0,0.0,0,0,101339751,0.0,17217,0
BLR-06,B01,0,2026-08-17,real_engine,0,0.0,0,0,101339751,0.0,6440,0
BLR-01,M06,0,2026-08-17,real_engine,1,0.0,0,0,101339751,0.0,20129,0
BLR-01,M14,2,2026-08-17,real_engine,0,20.0,1,0,101385203,11363.0,22726,45452
BLR-07,M20,2,2026-08-17,real_engine,0,20.0,1,0,101441611,14102.0,28204,56408
HOS-01,F20,1,2026-08-17,real_engine,0,10.0,1,0,101506042,16107.75,64431,64431
BLR-03,M11,0,2026-08-17,real_engine,0,0.0,0,0,101506042,0.0,20687,0
SHI-01,M11,0,2026-08-17,real_engine,0,0.0,0,0,101506042,0.0,20687,0
UDU-01,M20,2,2026-08-17,real_engine,0,2.0,1,0,101562450,14102.0,28204,56408
MYS-02,B15,0,2026-08-17,real_engine,1,0.0,0,0,101562450,0.0,10588,0
TUM-02,B15,0,2026-08-17,real_engine,1,0.0,0,0,101562450,0.0,10588,0
BLR-02,M01,0,2026-08-17,real_engine,0,0.0,0,0,101562450,0.0,20460,0
BLR-06,M08,0,2026-08-17,real_engine,0,0.0,0,0,101562450,0.0,24519,0
BLR-06,F15,1,2026-08-17,real_engine,0,10.0,1,0,101654461,23002.75,92011,92011
MYS-02,M04,0,2026-08-17,real_engine,0,0.0,0,0,101654461,0.0,21389,0
DAV-01,M03,0,2026-08-17,real_engine,0,0.0,0,0,101654461,0.0,24373,0
MYS-01,F16,1,2026-08-17,real_engine,0,10.0,1,0,101708677,13554.0,54216,54216
UDU-01,F12,1,2026-08-17,real_engine,0,10.0,1,0,101806973,24574.0,98296,98296
MAN-02,M20,2,2026-08-17,real_engine,0,1.0,1,0,101863381,14102.0,28204,56408
BLR-07,M15,2,2026-08-17,real_engine,0,1.0,1,0,101916687,13326.5,26653,53306
DAV-01,B15,0,2026-08-17,real_engine,1,0.0,0,0,101916687,0.0,10588,0
BLR-07,F16,1,2026-08-17,real_engine,0,10.0,1,0,101970903,13554.0,54216,54216
TUM-01,F16,1,2026-08-17,real_engine,0,1.0,1,0,102025119,13554.0,54216,54216
TUM-02,F20,1,2026-08-17,real_engine,0,10.0,1,0,102089550,16107.75,64431,64431
BLR-01,F02,0,2026-08-17,real_engine,1,0.0,0,0,102089550,0.0,66229,0
BLR-06,B15,0,2026-08-17,real_engine,1,0.0,0,0,102089550,0.0,10588,0
HOS-01,B15,0,2026-08-17,real_engine,1,0.0,0,0,102089550,0.0,10588,0
TUM-01,B15,0,2026-08-17,real_engine,1,0.0,0,0,102089550,0.0,10588,0
BEL-02,M12,0,2026-08-17,real_engine,1,0.0,0,0,102089550,0.0,17217,0
HUB-02,M20,2,2026-08-17,real_engine,0,2.0,1,0,102145958,14102.0,28204,56408
SHI-01,M14,2,2026-08-17,real_engine,0,2.0,1,0,102191410,11363.0,22726,45452
DAV-02,M10,0,2026-08-17,real_engine,1,0.0,0,0,102191410,0.0,25610,0
BLR-07,M03,0,2026-08-17,real_engine,0,0.0,0,0,102191410,0.0,24373,0
MAN-01,F08,0,2026-08-17,real_engine,0,0.0,0,0,102191410,0.0,78119,0
BLR-07,M02,0,2026-08-17,real_engine,0,0.0,0,0,102191410,0.0,16548,0
SHI-01,M20,2,2026-08-17,real_engine,0,20.0,1,0,102247818,14102.0,28204,56408
BLR-01,B04,0,2026-08-17,real_engine,0,0.0,0,0,102247818,0.0,8786,0
DAV-01,F16,1,2026-08-17,real_engine,0,10.0,1,0,102302034,13554.0,54216,54216
UDU-01,M03,0,2026-08-17,real_engine,0,0.0,0,0,102302034,0.0,24373,0
BLR-01,B03,0,2026-08-17,real_engine,0,0.0,0,0,102302034,0.0,7401,0
HUB-01,B15,0,2026-08-17,real_engine,1,0.0,0,0,102302034,0.0,10588,0
SHI-01,B15,0,2026-08-17,real_engine,1,0.0,0,0,102302034,0.0,10588,0
UDU-01,B15,0,2026-08-17,real_engine,1,0.0,0,0,102302034,0.0,10588,0
DAV-02,B15,0,2026-08-17,real_engine,1,0.0,0,0,102302034,0.0,10588,0
BLR-03,B15,0,2026-08-17,real_engine,1,0.0,0,0,102302034,0.0,10588,0
SHI-01,F12,1,2026-08-17,real_engine,0,10.0,1,0,102400330,24574.0,98296,98296
DAV-02,M04,0,2026-08-17,real_engine,0,0.0,0,0,102400330,0.0,21389,0
UDU-01,M02,0,2026-08-17,real_engine,0,0.0,0,0,102400330,0.0,16548,0
TUM-01,M20,2,2026-08-17,real_engine,0,20.0,1,0,102456738,14102.0,28204,56408
MAN-02,M03,0,2026-08-17,real_engine,0,0.0,0,0,102456738,0.0,24373,0
BLR-06,B03,0,2026-08-17,real_engine,1,0.0,0,0,102456738,0.0,7401,0
BEL-02,B15,0,2026-08-17,real_engine,1,0.0,0,0,102456738,0.0,10588,0
MAN-02,M14,2,2026-08-17,real_engine,0,2.0,1,0,102502190,11363.0,22726,45452
BLR-08,F08,0,2026-08-17,real_engine,0,0.0,0,0,102502190,0.0,78119,0
HUB-01,M07,0,2026-08-17,real_engine,0,0.0,0,0,102502190,0.0,23908,0
KOL-01,B15,0,2026-08-17,real_engine,1,0.0,0,0,102502190,0.0,10588,0
MAN-01,M09,0,2026-08-17,real_engine,0,0.0,0,0,102502190,0.0,28135,0
HUB-02,M02,0,2026-08-17,real_engine,0,0.0,0,0,102502190,0.0,16548,0
UDU-01,B01,0,2026-08-17,real_engine,0,0.0,0,0,102502190,0.0,6440,0
TUM-01,M13,0,2026-08-17,real_engine,1,0.0,0,0,102502190,0.0,25696,0
BLR-08,F10,0,2026-08-17,real_engine,0,0.0,0,0,102502190,0.0,66400,0
BEL-02,M20,2,2026-08-17,real_engine,0,20.0,1,0,102558598,14102.0,28204,56408
BLR-07,B15,0,2026-08-17,real_engine,1,0.0,0,0,102558598,0.0,10588,0
SHI-01,M03,0,2026-08-17,real_engine,0,0.0,0,0,102558598,0.0,24373,0
HUB-01,M17,2,2026-08-17,real_engine,0,1.0,1,0,102609132,12633.5,25267,50534
BEL-02,M17,2,2026-08-17,real_engine,0,0.6666666666666666,1,0,102659666,12633.5,25267,50534
UDU-01,B05,0,2026-08-17,real_engine,0,0.0,0,0,102659666,0.0,10127,0
BLR-02,F09,0,2026-08-17,real_engine,0,0.0,0,0,102659666,0.0,97367,0
BLR-05,M01,0,2026-08-17,real_engine,0,0.0,0,0,102659666,0.0,20460,0
SHI-01,M02,0,2026-08-17,real_engine,0,0.0,0,0,102659666,0.0,16548,0
MAN-02,B01,0,2026-08-17,real_engine,0,0.0,0,0,102659666,0.0,6440,0
UDU-01,M06,0,2026-08-17,real_engine,0,0.0,0,0,102659666,0.0,20129,0
HOS-01,M04,0,2026-08-17,real_engine,0,0.0,0,0,102659666,0.0,21389,0
TUM-01,M03,0,2026-08-17,real_engine,0,0.0,0,0,102659666,0.0,24373,0
TUM-01,M02,0,2026-08-17,real_engine,0,0.0,0,0,102659666,0.0,16548,0
HUB-02,B01,0,2026-08-17,real_engine,0,0.0,0,0,102659666,0.0,6440,0
UDU-01,F14,1,2026-08-17,real_engine,0,10.0,1,0,102717548,14470.5,57882,57882
SHI-01,F17,1,2026-08-17,real_engine,0,1.0,1,0,102826978,27357.5,109430,109430
UDU-01,F17,1,2026-08-17,real_engine,0,10.0,1,0,102936408,27357.5,109430,109430
MAN-01,M11,0,2026-08-17,real_engine,1,0.0,0,0,102936408,0.0,20687,0
MYS-02,M20,2,2026-08-17,real_engine,0,1.0,1,0,102992816,14102.0,28204,56408
BEL-02,F13,1,2026-08-17,real_engine,0,10.0,1,0,103053215,15099.75,60399,60399
BLR-07,F18,1,2026-08-17,real_engine,0,10.0,1,0,103170679,29366.0,117464,117464
UDU-01,F18,1,2026-08-17,real_engine,0,10.0,1,0,103288143,29366.0,117464,117464
KOL-01,F18,1,2026-08-17,real_engine,0,10.0,1,0,103405607,29366.0,117464,117464
MAN-02,M08,0,2026-08-17,real_engine,0,0.0,0,0,103405607,0.0,24519,0
HUB-02,B05,0,2026-08-17,real_engine,0,0.0,0,0,103405607,0.0,10127,0
BLR-03,M14,1,2026-08-17,real_engine,0,1.0,1,0,103428333,5681.5,22726,22726
KOL-01,F20,1,2026-08-17,real_engine,0,10.0,1,0,103492764,16107.75,64431,64431
MAN-01,F03,0,2026-08-17,real_engine,0,0.0,0,0,103492764,0.0,55530,0
MYS-02,F12,1,2026-08-17,real_engine,0,10.0,1,0,103591060,24574.0,98296,98296
BLR-04,M13,0,2026-08-17,real_engine,0,0.0,0,0,103591060,0.0,25696,0
HUB-01,M01,0,2026-08-17,real_engine,0,0.0,0,0,103591060,0.0,20460,0
KAL-01,M20,2,2026-08-17,real_engine,0,20.0,1,0,103647468,14102.0,28204,56408
BLR-04,F19,1,2026-08-17,real_engine,0,1.0,1,0,103745567,24524.75,98099,98099
BLR-07,F19,1,2026-08-17,real_engine,0,10.0,1,0,103843666,24524.75,98099,98099
TUM-01,F19,1,2026-08-17,real_engine,0,10.0,1,0,103941765,24524.75,98099,98099
HUB-02,M08,0,2026-08-17,real_engine,0,0.0,0,0,103941765,0.0,24519,0
HUB-02,F15,1,2026-08-17,real_engine,0,10.0,1,0,104033776,23002.75,92011,92011
BLR-03,M05,0,2026-08-17,real_engine,0,0.0,0,0,104033776,0.0,26834,0
KAL-01,F12,1,2026-08-17,real_engine,0,10.0,1,0,104132072,24574.0,98296,98296
MYS-01,B15,0,2026-08-17,real_engine,1,0.0,0,0,104132072,0.0,10588,0
HUB-02,B08,0,2026-08-17,real_engine,0,0.0,0,0,104132072,0.0,9684,0
BLR-05,F14,1,2026-08-17,real_engine,0,1.0,1,0,104189954,14470.5,57882,57882
SHI-01,F15,1,2026-08-17,real_engine,0,10.0,1,0,104281965,23002.75,92011,92011
BLR-01,M01,0,2026-08-17,real_engine,0,0.0,0,0,104281965,0.0,20460,0
BEL-01,M01,0,2026-08-17,real_engine,0,0.0,0,0,104281965,0.0,20460,0
TUM-01,M06,0,2026-08-17,real_engine,1,0.0,0,0,104281965,0.0,20129,0
BLR-07,B03,0,2026-08-17,real_engine,0,0.0,0,0,104281965,0.0,7401,0
TUM-02,M10,0,2026-08-17,real_engine,1,0.0,0,0,104281965,0.0,25610,0
DAV-01,M10,0,2026-08-17,real_engine,0,0.0,0,0,104281965,0.0,25610,0
DAV-02,M20,2,2026-08-17,real_engine,0,20.0,1,0,104338373,14102.0,28204,56408
TUM-01,M08,0,2026-08-17,real_engine,0,0.0,0,0,104338373,0.0,24519,0
MYS-02,M03,0,2026-08-17,real_engine,0,0.0,0,0,104338373,0.0,24373,0
BLR-05,B15,0,2026-08-17,real_engine,1,0.0,0,0,104338373,0.0,10588,0
UDU-01,B04,0,2026-08-17,real_engine,0,0.0,0,0,104338373,0.0,8786,0
TUM-01,F15,1,2026-08-17,real_engine,0,10.0,1,0,104430384,23002.75,92011,92011
BLR-06,M01,0,2026-08-17,real_engine,0,0.0,0,0,104430384,0.0,20460,0
BLR-08,F03,0,2026-08-17,real_engine,0,0.0,0,0,104430384,0.0,55530,0
KAL-01,M13,0,2026-08-17,real_engine,1,0.0,0,0,104430384,0.0,25696,0
HOS-01,M13,0,2026-08-17,real_engine,0,0.0,0,0,104430384,0.0,25696,0
DAV-02,F12,1,2026-08-17,real_engine,0,10.0,1,0,104528680,24574.0,98296,98296
TUM-01,B08,0,2026-08-17,real_engine,0,0.0,0,0,104528680,0.0,9684,0
KAL-01,M03,0,2026-08-17,real_engine,0,0.0,0,0,104528680,0.0,24373,0
DAV-01,M07,0,2026-08-17,real_engine,0,0.0,0,0,104528680,0.0,23908,0
KAL-01,M02,0,2026-08-17,real_engine,1,0.0,0,0,104528680,0.0,16548,0
MAN-02,B03,0,2026-08-17,real_engine,0,0.0,0,0,104528680,0.0,7401,0
HOS-01,M12,0,2026-08-17,real_engine,1,0.0,0,0,104528680,0.0,17217,0
BEL-02,M06,0,2026-08-17,real_engine,0,0.0,0,0,104528680,0.0,20129,0
HUB-01,F13,1,2026-08-17,real_engine,0,10.0,1,0,104589079,15099.75,60399,60399
HUB-01,M05,0,2026-08-17,real_engine,1,0.0,0,0,104589079,0.0,26834,0
HUB-02,M16,1,2026-08-17,real_engine,0,1.0,1,0,104609759,5170.0,20680,20680
SHI-01,M16,1,2026-08-17,real_engine,0,1.0,1,0,104630439,5170.0,20680,20680
BEL-02,F15,1,2026-08-17,real_engine,0,10.0,1,0,104722450,23002.75,92011,92011
HUB-02,B03,0,2026-08-17,real_engine,0,0.0,0,0,104722450,0.0,7401,0
MYS-02,B01,0,2026-08-17,real_engine,0,0.0,0,0,104722450,0.0,6440,0
BLR-07,F15,1,2026-08-17,real_engine,0,10.0,1,0,104814461,23002.75,92011,92011
HOS-01,M20,2,2026-08-17,real_engine,0,20.0,1,0,104870869,14102.0,28204,56408
DAV-02,M03,0,2026-08-17,real_engine,0,0.0,0,0,104870869,0.0,24373,0
KAL-01,B01,0,2026-08-17,real_engine,1,0.0,0,0,104870869,0.0,6440,0
BLR-06,M14,1,2026-08-17,real_engine,0,0.5,1,0,104893595,5681.5,22726,22726
HOS-01,F12,1,2026-08-17,real_engine,0,10.0,1,0,104991891,24574.0,98296,98296
UDU-01,M07,0,2026-08-17,real_engine,0,0.0,0,0,104991891,0.0,23908,0
MYS-02,F15,1,2026-08-17,real_engine,0,10.0,1,0,105083902,23002.75,92011,92011
BEL-01,B15,0,2026-08-17,real_engine,1,0.0,0,0,105083902,0.0,10588,0
HUB-02,B15,0,2026-08-17,real_engine,1,0.0,0,0,105083902,0.0,10588,0
BEL-02,B18,6,2026-08-17,real_engine,0,1.0,1,0,105148432,16132.5,10755,64530
KOL-01,M04,0,2026-08-17,real_engine,1,0.0,0,0,105148432,0.0,21389,0
KAL-01,F15,1,2026-08-17,real_engine,0,1.0,1,0,105240443,23002.75,92011,92011
TUM-02,M20,2,2026-08-17,real_engine,0,2.0,1,0,105296851,14102.0,28204,56408
DAV-02,B01,0,2026-08-17,real_engine,1,0.0,0,0,105296851,0.0,6440,0
MAN-01,B15,0,2026-08-17,real_engine,1,0.0,0,0,105296851,0.0,10588,0
KAL-01,B18,4,2026-08-17,real_engine,0,1.3333333333333333,1,0,105339871,10755.0,10755,43020
BEL-02,B04,0,2026-08-17,real_engine,0,0.0,0,0,105339871,0.0,8786,0
MAN-02,B18,7,2026-08-17,real_engine,0,3.5,1,0,105415156,18821.25,10755,75285
DAV-02,B05,0,2026-08-17,real_engine,0,0.0,0,0,105415156,0.0,10127,0
MYS-01,M05,0,2026-08-17,real_engine,1,0.0,0,0,105415156,0.0,26834,0
HOS-01,M03,0,2026-08-17,real_engine,0,0.0,0,0,105415156,0.0,24373,0
SHI-01,M13,0,2026-08-17,real_engine,0,0.0,0,0,105415156,0.0,25696,0
TUM-02,M13,0,2026-08-17,real_engine,1,0.0,0,0,105415156,0.0,25696,0
BLR-07,F13,1,2026-08-17,real_engine,0,10.0,1,0,105475555,15099.75,60399,60399
HOS-01,M02,0,2026-08-17,real_engine,0,0.0,0,0,105475555,0.0,16548,0
MAN-01,F09,0,2026-08-17,real_engine,0,0.0,0,0,105475555,0.0,97367,0
KAL-01,B15,0,2026-08-17,real_engine,1,0.0,0,0,105475555,0.0,10588,0
UDU-01,M01,0,2026-08-17,real_engine,0,0.0,0,0,105475555,0.0,20460,0
MYS-02,B04,0,2026-08-17,real_engine,1,0.0,0,0,105475555,0.0,8786,0
MYS-02,B03,0,2026-08-17,real_engine,0,0.0,0,0,105475555,0.0,7401,0
MAN-02,M01,0,2026-08-17,real_engine,0,0.0,0,0,105475555,0.0,20460,0
BLR-02,B15,0,2026-08-17,real_engine,1,0.0,0,0,105475555,0.0,10588,0
TUM-02,M03,0,2026-08-17,real_engine,0,0.0,0,0,105475555,0.0,24373,0
DAV-01,M15,1,2026-08-17,real_engine,0,1.0,1,0,105502208,6663.25,26653,26653
BEL-02,M15,1,2026-08-17,real_engine,0,1.0,1,0,105528861,6663.25,26653,26653
DAV-01,F13,1,2026-08-17,real_engine,0,10.0,1,0,105589260,15099.75,60399,60399
HOS-01,B01,0,2026-08-17,real_engine,0,0.0,0,0,105589260,0.0,6440,0
BLR-08,M09,0,2026-08-17,real_engine,0,0.0,0,0,105589260,0.0,28135,0
MAN-02,M09,0,2026-08-17,real_engine,0,0.0,0,0,105589260,0.0,28135,0
DAV-01,M05,0,2026-08-17,real_engine,0,0.0,0,0,105589260,0.0,26834,0
SHI-01,B09,0,2026-08-17,real_engine,0,0.0,0,0,105589260,0.0,12085,0
TUM-02,M02,0,2026-08-17,real_engine,0,0.0,0,0,105589260,0.0,16548,0
HUB-02,F12,1,2026-08-17,real_engine,0,10.0,1,0,105687556,24574.0,98296,98296
HOS-01,F16,1,2026-08-17,real_engine,0,10.0,1,0,105741772,13554.0,54216,54216
HUB-02,M01,0,2026-08-17,real_engine,0,0.0,0,0,105741772,0.0,20460,0
HOS-01,B05,0,2026-08-17,real_engine,0,0.0,0,0,105741772,0.0,10127,0
BLR-08,F05,0,2026-08-17,real_engine,0,0.0,0,0,105741772,0.0,89165,0
BLR-08,F09,0,2026-08-17,real_engine,1,0.0,0,0,105741772,0.0,97367,0
BLR-05,M13,0,2026-08-17,real_engine,1,0.0,0,0,105741772,0.0,25696,0
TUM-02,B18,4,2026-08-17,real_engine,0,2.0,1,0,105784792,10755.0,10755,43020
SHI-01,M01,0,2026-08-17,real_engine,0,0.0,0,0,105784792,0.0,20460,0
MAN-01,F01,0,2026-08-17,real_engine,0,0.0,0,0,105784792,0.0,61349,0
BLR-01,B15,0,2026-08-17,real_engine,0,0.0,0,0,105784792,0.0,10588,0
TUM-01,M01,0,2026-08-17,real_engine,0,0.0,0,0,105784792,0.0,20460,0
HUB-01,B16,0,2026-08-17,real_engine,1,0.0,0,0,105784792,0.0,8903,0
UDU-01,M05,0,2026-08-17,real_engine,0,0.0,0,0,105784792,0.0,26834,0
BLR-07,B16,0,2026-08-17,real_engine,1,0.0,0,0,105784792,0.0,8903,0
DAV-01,B18,3,2026-08-17,real_engine,0,1.0,1,0,105817057,8066.25,10755,32265
BLR-08,F04,0,2026-08-17,real_engine,0,0.0,0,0,105817057,0.0,53816,0
MAN-02,F13,1,2026-08-17,real_engine,0,10.0,1,0,105877456,15099.75,60399,60399
BLR-08,F06,0,2026-08-17,real_engine,0,0.0,0,0,105877456,0.0,53059,0
MAN-02,M05,0,2026-08-17,real_engine,0,0.0,0,0,105877456,0.0,26834,0
UDU-01,B18,5,2026-08-17,real_engine,1,0.7142857142857143,1,0,105931231,13443.75,10755,53775
MAN-01,B01,0,2026-08-17,real_engine,0,0.0,0,0,105931231,0.0,6440,0
BLR-06,B16,0,2026-08-17,real_engine,1,0.0,0,0,105931231,0.0,8903,0
BLR-06,B11,0,2026-08-17,real_engine,0,0.0,0,0,105931231,0.0,7505,0
BEL-02,M01,0,2026-08-17,real_engine,0,0.0,0,0,105931231,0.0,20460,0
MYS-02,M13,0,2026-08-17,real_engine,0,0.0,0,0,105931231,0.0,25696,0
HUB-01,M13,0,2026-08-17,real_engine,0,0.0,0,0,105931231,0.0,25696,0
BLR-08,F01,0,2026-08-17,real_engine,0,0.0,0,0,105931231,0.0,61349,0
KAL-01,B16,0,2026-08-17,real_engine,1,0.0,0,0,105931231,0.0,8903,0
HOS-01,B16,0,2026-08-17,real_engine,1,0.0,0,0,105931231,0.0,8903,0
HUB-02,M05,0,2026-08-17,real_engine,0,0.0,0,0,105931231,0.0,26834,0
BLR-06,F16,1,2026-08-17,real_engine,0,1.0,1,0,105985447,13554.0,54216,54216
TUM-02,F16,1,2026-08-17,real_engine,0,1.0,1,0,106039663,13554.0,54216,54216
UDU-01,B16,0,2026-08-17,real_engine,1,0.0,0,0,106039663,0.0,8903,0
SHI-01,M05,0,2026-08-17,real_engine,0,0.0,0,0,106039663,0.0,26834,0
TUM-01,B18,5,2026-08-17,real_engine,0,1.6666666666666667,1,0,106093438,13443.75,10755,53775
SHI-01,B18,5,2026-08-17,real_engine,0,0.8333333333333334,1,0,106147213,13443.75,10755,53775
MAN-02,B15,0,2026-08-17,real_engine,1,0.0,0,0,106147213,0.0,10588,0
BLR-04,B19,1,2026-08-17,real_engine,0,1.0,1,0,106160390,3294.25,13177,13177
BLR-08,B19,1,2026-08-17,real_engine,0,0.25,1,0,106173567,3294.25,13177,13177
TUM-02,B16,0,2026-08-17,real_engine,1,0.0,0,0,106173567,0.0,8903,0
DAV-02,M07,0,2026-08-17,real_engine,0,0.0,0,0,106173567,0.0,23908,0
TUM-01,F14,1,2026-08-17,real_engine,0,10.0,1,0,106231449,14470.5,57882,57882
BLR-04,M10,0,2026-08-17,real_engine,0,0.0,0,0,106231449,0.0,25610,0
BLR-05,M10,0,2026-08-17,real_engine,1,0.0,0,0,106231449,0.0,25610,0
HOS-01,M10,0,2026-08-17,real_engine,1,0.0,0,0,106231449,0.0,25610,0
BLR-03,B01,0,2026-08-17,real_engine,0,0.0,0,0,106231449,0.0,6440,0
MYS-02,M01,0,2026-08-17,real_engine,0,0.0,0,0,106231449,0.0,20460,0
TUM-01,F13,1,2026-08-17,real_engine,0,10.0,1,0,106291848,15099.75,60399,60399
TUM-01,F17,1,2026-08-17,real_engine,0,1.0,1,0,106401278,27357.5,109430,109430
BLR-04,M11,0,2026-08-17,real_engine,1,0.0,0,0,106401278,0.0,20687,0
BEL-02,M11,0,2026-08-17,real_engine,0,0.0,0,0,106401278,0.0,20687,0
MAN-02,B16,0,2026-08-17,real_engine,1,0.0,0,0,106401278,0.0,8903,0
TUM-01,M05,0,2026-08-17,real_engine,0,0.0,0,0,106401278,0.0,26834,0
MYS-01,B18,7,2026-08-17,real_engine,0,1.1666666666666667,1,0,106476563,18821.25,10755,75285
BLR-08,B01,0,2026-08-17,real_engine,0,0.0,0,0,106476563,0.0,6440,0
KOL-01,M03,0,2026-08-17,real_engine,0,0.0,0,0,106476563,0.0,24373,0
TUM-02,F15,1,2026-08-17,real_engine,0,10.0,1,0,106568574,23002.75,92011,92011
HOS-01,F18,1,2026-08-17,real_engine,0,10.0,1,0,106686038,29366.0,117464,117464
BLR-03,B05,0,2026-08-17,real_engine,0,0.0,0,0,106686038,0.0,10127,0
MYS-02,B18,6,2026-08-17,real_engine,1,0.8571428571428571,1,0,106750568,16132.5,10755,64530
BLR-02,B03,0,2026-08-17,real_engine,0,0.0,0,0,106750568,0.0,7401,0
KOL-01,M02,0,2026-08-17,real_engine,0,0.0,0,0,106750568,0.0,16548,0
BLR-05,B16,0,2026-08-17,real_engine,1,0.0,0,0,106750568,0.0,8903,0
BLR-04,B01,0,2026-08-17,real_engine,0,0.0,0,0,106750568,0.0,6440,0
TUM-02,B04,0,2026-08-17,real_engine,0,0.0,0,0,106750568,0.0,8786,0
BLR-06,B18,6,2026-08-17,real_engine,0,1.5,1,0,106815098,16132.5,10755,64530
MAN-01,F02,0,2026-08-17,real_engine,0,0.0,0,0,106815098,0.0,66229,0
BEL-02,F14,1,2026-08-17,real_engine,0,10.0,1,0,106872980,14470.5,57882,57882
KAL-01,B19,2,2026-08-17,real_engine,0,0.4,1,0,106899334,6588.5,13177,26354
BLR-04,B05,0,2026-08-17,real_engine,0,0.0,0,0,106899334,0.0,10127,0
BLR-01,B16,0,2026-08-17,real_engine,1,0.0,0,0,106899334,0.0,8903,0
BLR-05,B18,5,2026-08-17,real_engine,1,0.45454545454545453,1,0,106953109,13443.75,10755,53775
MAN-02,B19,5,2026-08-17,real_engine,1,0.5,1,0,107018994,16471.25,13177,65885
HUB-01,B18,6,2026-08-17,real_engine,0,1.0,1,0,107083524,16132.5,10755,64530
HUB-02,B18,6,2026-08-17,real_engine,0,0.6666666666666666,1,0,107148054,16132.5,10755,64530
BEL-01,B18,6,2026-08-17,real_engine,0,1.5,1,0,107212584,16132.5,10755,64530
HUB-02,B19,3,2026-08-17,real_engine,1,0.6,1,0,107252115,9882.75,13177,39531
HOS-01,B19,3,2026-08-17,real_engine,0,1.5,1,0,107291646,9882.75,13177,39531
BLR-08,B15,0,2026-08-17,real_engine,1,0.0,0,0,107291646,0.0,10588,0
BLR-06,F13,1,2026-08-17,real_engine,0,10.0,1,0,107352045,15099.75,60399,60399
KOL-01,B01,0,2026-08-17,real_engine,0,0.0,0,0,107352045,0.0,6440,0
MYS-02,M12,0,2026-08-17,real_engine,1,0.0,0,0,107352045,0.0,17217,0
BLR-06,B20,1,2026-08-17,real_engine,0,1.0,1,0,107360537,2123.0,8492,8492
HOS-01,B18,4,2026-08-17,real_engine,0,1.3333333333333333,1,0,107403557,10755.0,10755,43020
DAV-02,B18,6,2026-08-17,real_engine,0,1.2,1,0,107468087,16132.5,10755,64530
BLR-08,B18,3,2026-08-17,real_engine,0,1.0,1,0,107500352,8066.25,10755,32265
KOL-01,F16,1,2026-08-17,real_engine,0,10.0,1,0,107554568,13554.0,54216,54216
MAN-01,B03,0,2026-08-17,real_engine,0,0.0,0,0,107554568,0.0,7401,0
KOL-01,B05,0,2026-08-17,real_engine,0,0.0,0,0,107554568,0.0,10127,0
MYS-02,F14,1,2026-08-17,real_engine,0,10.0,1,0,107612450,14470.5,57882,57882
BLR-05,F08,0,2026-08-17,real_engine,0,0.0,0,0,107612450,0.0,78119,0
BLR-03,B20,5,2026-08-17,real_engine,0,5.0,1,0,107654910,10615.0,8492,42460
BLR-05,F10,0,2026-08-17,real_engine,0,0.0,0,0,107654910,0.0,66400,0
BLR-08,F02,0,2026-08-17,real_engine,0,0.0,0,0,107654910,0.0,66229,0
MYS-02,B13,0,2026-08-17,real_engine,1,0.0,0,0,107654910,0.0,8504,0
KAL-01,F14,1,2026-08-17,real_engine,0,10.0,1,0,107712792,14470.5,57882,57882
MAN-01,B18,3,2026-08-17,real_engine,0,3.0,1,0,107745057,8066.25,10755,32265
MYS-01,M09,0,2026-08-17,real_engine,1,0.0,0,0,107745057,0.0,28135,0
MYS-02,B16,0,2026-08-17,real_engine,1,0.0,0,0,107745057,0.0,8903,0
BEL-02,B16,0,2026-08-17,real_engine,1,0.0,0,0,107745057,0.0,8903,0
BLR-05,B12,0,2026-08-17,real_engine,0,0.0,0,0,107745057,0.0,9430,0
KAL-01,F13,1,2026-08-17,real_engine,0,10.0,1,0,107805456,15099.75,60399,60399
TUM-02,M07,0,2026-08-17,real_engine,0,0.0,0,0,107805456,0.0,23908,0
BEL-01,B16,0,2026-08-17,real_engine,1,0.0,0,0,107805456,0.0,8903,0
KAL-01,M05,0,2026-08-17,real_engine,0,0.0,0,0,107805456,0.0,26834,0
BLR-01,M11,0,2026-08-17,real_engine,1,0.0,0,0,107805456,0.0,20687,0
BLR-06,M11,0,2026-08-17,real_engine,1,0.0,0,0,107805456,0.0,20687,0
BLR-03,B04,0,2026-08-17,real_engine,0,0.0,0,0,107805456,0.0,8786,0
HUB-02,M10,0,2026-08-17,real_engine,0,0.0,0,0,107805456,0.0,25610,0
SHI-01,B02,0,2026-08-17,real_engine,0,0.0,0,0,107805456,0.0,8446,0
BLR-03,B03,0,2026-08-17,real_engine,1,0.0,0,0,107805456,0.0,7401,0
BLR-05,B19,3,2026-08-17,real_engine,1,0.5,1,0,107844987,9882.75,13177,39531
BLR-08,B03,0,2026-08-17,real_engine,0,0.0,0,0,107844987,0.0,7401,0
HOS-01,M01,0,2026-08-17,real_engine,0,0.0,0,0,107844987,0.0,20460,0
BLR-02,B09,0,2026-08-17,real_engine,0,0.0,0,0,107844987,0.0,12085,0
BLR-02,B18,3,2026-08-17,real_engine,0,1.5,1,0,107877252,8066.25,10755,32265
BLR-08,F07,0,2026-08-17,real_engine,0,0.0,0,0,107877252,0.0,99781,0
BLR-04,B04,0,2026-08-17,real_engine,0,0.0,0,0,107877252,0.0,8786,0
HUB-01,F10,0,2026-08-17,real_engine,0,0.0,0,0,107877252,0.0,66400,0
DAV-02,F14,1,2026-08-17,real_engine,0,10.0,1,0,107935134,14470.5,57882,57882
BLR-04,B03,0,2026-08-17,real_engine,0,0.0,0,0,107935134,0.0,7401,0
TUM-01,B16,0,2026-08-17,real_engine,1,0.0,0,0,107935134,0.0,8903,0
DAV-02,M05,0,2026-08-17,real_engine,0,0.0,0,0,107935134,0.0,26834,0
BLR-04,B15,0,2026-08-17,real_engine,0,0.0,0,0,107935134,0.0,10588,0
BLR-08,F11,1,2026-08-17,real_engine,0,10.0,1,0,108001869,16683.75,66735,66735
BLR-01,B20,1,2026-08-17,real_engine,0,10.0,1,0,108010361,2123.0,8492,8492
KOL-01,B20,1,2026-08-17,real_engine,1,0.5,1,0,108018853,2123.0,8492,8492
HUB-02,B16,0,2026-08-17,real_engine,1,0.0,0,0,108018853,0.0,8903,0
BLR-03,B16,0,2026-08-17,real_engine,0,0.0,0,0,108018853,0.0,8903,0
BEL-01,F08,0,2026-08-17,real_engine,0,0.0,0,0,108018853,0.0,78119,0
BEL-01,F10,0,2026-08-17,real_engine,0,0.0,0,0,108018853,0.0,66400,0
TUM-02,M01,0,2026-08-17,real_engine,0,0.0,0,0,108018853,0.0,20460,0
BEL-02,B02,0,2026-08-17,real_engine,1,0.0,0,0,108018853,0.0,8446,0
KOL-01,B03,0,2026-08-17,real_engine,0,0.0,0,0,108018853,0.0,7401,0
BLR-06,B14,0,2026-08-17,real_engine,1,0.0,0,0,108018853,0.0,9926,0
BLR-06,F08,0,2026-08-17,real_engine,0,0.0,0,0,108018853,0.0,78119,0
MAN-01,B09,0,2026-08-17,real_engine,1,0.0,0,0,108018853,0.0,12085,0
TUM-01,B11,0,2026-08-17,real_engine,0,0.0,0,0,108018853,0.0,7505,0
MYS-01,B16,0,2026-08-17,real_engine,1,0.0,0,0,108018853,0.0,8903,0
DAV-01,M19,1,2026-08-17,real_engine,0,0.5,1,0,108048004,7287.75,29151,29151
BEL-02,M19,1,2026-08-17,real_engine,0,0.3333333333333333,1,0,108077155,7287.75,29151,29151
MYS-01,B19,4,2026-08-17,real_engine,0,4.0,1,0,108129863,13177.0,13177,52708
BLR-01,B19,2,2026-08-17,real_engine,0,2.0,1,0,108156217,6588.5,13177,26354
BLR-06,F10,0,2026-08-17,real_engine,0,0.0,0,0,108156217,0.0,66400,0
SHI-01,M06,0,2026-08-17,real_engine,0,0.0,0,0,108156217,0.0,20129,0
BLR-02,B17,0,2026-08-17,real_engine,1,0.0,0,0,108156217,0.0,11850,0
BLR-05,F03,0,2026-08-17,real_engine,0,0.0,0,0,108156217,0.0,55530,0
HUB-01,B13,0,2026-08-17,real_engine,1,0.0,0,0,108156217,0.0,8504,0
MAN-01,B13,0,2026-08-17,real_engine,1,0.0,0,0,108156217,0.0,8504,0
SHI-01,B16,0,2026-08-17,real_engine,1,0.0,0,0,108156217,0.0,8903,0
KOL-01,B16,0,2026-08-17,real_engine,1,0.0,0,0,108156217,0.0,8903,0
HOS-01,F14,1,2026-08-17,real_engine,0,10.0,1,0,108214099,14470.5,57882,57882
DAV-02,B17,0,2026-08-17,real_engine,1,0.0,0,0,108214099,0.0,11850,0
HOS-01,B17,0,2026-08-17,real_engine,0,0.0,0,0,108214099,0.0,11850,0
BLR-07,B20,2,2026-08-17,real_engine,0,1.0,1,0,108231083,4246.0,8492,16984
HOS-01,M05,0,2026-08-17,real_engine,1,0.0,0,0,108231083,0.0,26834,0
MYS-01,F08,0,2026-08-17,real_engine,0,0.0,0,0,108231083,0.0,78119,0
MYS-02,B02,0,2026-08-17,real_engine,0,0.0,0,0,108231083,0.0,8446,0
DAV-02,B16,0,2026-08-17,real_engine,1,0.0,0,0,108231083,0.0,8903,0
BLR-07,B18,4,2026-08-17,real_engine,0,1.0,1,0,108274103,10755.0,10755,43020
UDU-01,M09,0,2026-08-17,real_engine,0,0.0,0,0,108274103,0.0,28135,0
TUM-01,B19,3,2026-08-17,real_engine,1,0.75,1,0,108313634,9882.75,13177,39531
MYS-01,F10,0,2026-08-17,real_engine,0,0.0,0,0,108313634,0.0,66400,0
DAV-01,M11,0,2026-08-17,real_engine,0,0.0,0,0,108313634,0.0,20687,0
KAL-01,B02,0,2026-08-17,real_engine,0,0.0,0,0,108313634,0.0,8446,0
BLR-02,M10,0,2026-08-17,real_engine,0,0.0,0,0,108313634,0.0,25610,0
MYS-02,M10,0,2026-08-17,real_engine,0,0.0,0,0,108313634,0.0,25610,0
MAN-01,M10,0,2026-08-17,real_engine,0,0.0,0,0,108313634,0.0,25610,0
BEL-02,B13,0,2026-08-17,real_engine,1,0.0,0,0,108313634,0.0,8504,0
SHI-01,B13,0,2026-08-17,real_engine,0,0.0,0,0,108313634,0.0,8504,0
MAN-02,M15,1,2026-08-17,real_engine,0,0.5,1,0,108340287,6663.25,26653,26653
KOL-01,M07,0,2026-08-17,real_engine,0,0.0,0,0,108340287,0.0,23908,0
BLR-05,B17,0,2026-08-17,real_engine,1,0.0,0,0,108340287,0.0,11850,0
BLR-07,B17,0,2026-08-17,real_engine,1,0.0,0,0,108340287,0.0,11850,0
TUM-02,F14,1,2026-08-17,real_engine,0,10.0,1,0,108398169,14470.5,57882,57882
HUB-01,F03,0,2026-08-17,real_engine,0,0.0,0,0,108398169,0.0,55530,0
UDU-01,B17,0,2026-08-17,real_engine,0,0.0,0,0,108398169,0.0,11850,0
BEL-01,B19,3,2026-08-17,real_engine,0,0.6,1,0,108437700,9882.75,13177,39531
BLR-07,M12,0,2026-08-17,real_engine,1,0.0,0,0,108437700,0.0,17217,0
MYS-02,B17,0,2026-08-17,real_engine,1,0.0,0,0,108437700,0.0,11850,0
BLR-08,B20,2,2026-08-17,real_engine,0,0.6666666666666666,1,0,108454684,4246.0,8492,16984
SHI-01,B14,0,2026-08-17,real_engine,1,0.0,0,0,108454684,0.0,9926,0
HOS-01,B20,2,2026-08-17,real_engine,0,2.0,1,0,108471668,4246.0,8492,16984
DAV-01,B16,0,2026-08-17,real_engine,1,0.0,0,0,108471668,0.0,8903,0
DAV-01,F08,0,2026-08-17,real_engine,0,0.0,0,0,108471668,0.0,78119,0
BLR-03,B17,0,2026-08-17,real_engine,1,0.0,0,0,108471668,0.0,11850,0
BLR-05,B13,0,2026-08-17,real_engine,1,0.0,0,0,108471668,0.0,8504,0
MAN-02,B13,0,2026-08-17,real_engine,1,0.0,0,0,108471668,0.0,8504,0
HOS-01,B13,0,2026-08-17,real_engine,1,0.0,0,0,108471668,0.0,8504,0
DAV-01,F10,0,2026-08-17,real_engine,0,0.0,0,0,108471668,0.0,66400,0
HOS-01,M17,1,2026-08-17,real_engine,0,10.0,1,0,108496935,6316.75,25267,25267
BEL-01,F03,0,2026-08-17,real_engine,0,0.0,0,0,108496935,0.0,55530,0
BEL-02,B17,0,2026-08-17,real_engine,1,0.0,0,0,108496935,0.0,11850,0
BLR-05,F16,1,2026-08-17,real_engine,0,10.0,1,0,108551151,13554.0,54216,54216
MYS-02,F16,1,2026-08-17,real_engine,0,1.0,1,0,108605367,13554.0,54216,54216
DAV-02,F16,1,2026-08-17,real_engine,0,10.0,1,0,108659583,13554.0,54216,54216
MAN-02,F16,1,2026-08-17,real_engine,0,10.0,1,0,108713799,13554.0,54216,54216
KOL-01,B19,4,2026-08-17,real_engine,0,40.0,1,0,108766507,13177.0,13177,52708
DAV-02,B19,3,2026-08-17,real_engine,0,1.5,1,0,108806038,9882.75,13177,39531
BLR-06,F03,0,2026-08-17,real_engine,0,0.0,0,0,108806038,0.0,55530,0
BLR-07,F08,0,2026-08-17,real_engine,0,0.0,0,0,108806038,0.0,78119,0
TUM-02,B17,0,2026-08-17,real_engine,1,0.0,0,0,108806038,0.0,11850,0
BLR-06,F14,1,2026-08-17,real_engine,0,1.0,1,0,108863920,14470.5,57882,57882
MAN-01,B16,0,2026-08-17,real_engine,0,0.0,0,0,108863920,0.0,8903,0
BLR-07,F10,0,2026-08-17,real_engine,0,0.0,0,0,108863920,0.0,66400,0
BLR-05,F13,1,2026-08-17,real_engine,0,10.0,1,0,108924319,15099.75,60399,60399
TUM-02,F13,1,2026-08-17,real_engine,0,10.0,1,0,108984718,15099.75,60399,60399
BLR-07,B14,0,2026-08-17,real_engine,1,0.0,0,0,108984718,0.0,9926,0
KOL-01,M01,0,2026-08-17,real_engine,0,0.0,0,0,108984718,0.0,20460,0
BEL-01,B17,0,2026-08-17,real_engine,1,0.0,0,0,108984718,0.0,11850,0
HUB-01,F15,1,2026-08-17,real_engine,0,10.0,1,0,109076729,23002.75,92011,92011
BLR-04,B16,0,2026-08-17,real_engine,1,0.0,0,0,109076729,0.0,8903,0
HUB-01,B17,0,2026-08-17,real_engine,1,0.0,0,0,109076729,0.0,11850,0
UDU-01,B19,4,2026-08-17,real_engine,0,1.0,1,0,109129437,13177.0,13177,52708
BLR-07,B06,0,2026-08-17,real_engine,0,0.0,0,0,109129437,0.0,8055,0
UDU-01,F10,0,2026-08-17,real_engine,0,0.0,0,0,109129437,0.0,66400,0
BLR-06,B19,3,2026-08-17,real_engine,0,1.0,1,0,109168968,9882.75,13177,39531
MYS-01,F03,0,2026-08-17,real_engine,0,0.0,0,0,109168968,0.0,55530,0
MAN-02,F08,0,2026-08-17,real_engine,0,0.0,0,0,109168968,0.0,78119,0
DAV-01,B17,0,2026-08-17,real_engine,1,0.0,0,0,109168968,0.0,11850,0
MAN-02,F10,0,2026-08-17,real_engine,0,0.0,0,0,109168968,0.0,66400,0
BLR-01,B18,3,2026-08-17,real_engine,0,1.5,1,0,109201233,8066.25,10755,32265
BLR-08,M11,0,2026-08-17,real_engine,1,0.0,0,0,109201233,0.0,20687,0
BLR-07,B19,4,2026-08-17,real_engine,1,0.8,1,0,109253941,13177.0,13177,52708
HUB-02,F08,0,2026-08-17,real_engine,0,0.0,0,0,109253941,0.0,78119,0
DAV-02,B14,0,2026-08-17,real_engine,1,0.0,0,0,109253941,0.0,9926,0
KAL-01,B14,0,2026-08-17,real_engine,1,0.0,0,0,109253941,0.0,9926,0
HUB-02,F10,0,2026-08-17,real_engine,0,0.0,0,0,109253941,0.0,66400,0
TUM-01,B17,0,2026-08-17,real_engine,1,0.0,0,0,109253941,0.0,11850,0
SHI-01,F08,0,2026-08-17,real_engine,0,0.0,0,0,109253941,0.0,78119,0
SHI-01,B19,4,2026-08-17,real_engine,0,2.0,1,0,109306649,13177.0,13177,52708
BLR-05,F05,0,2026-08-17,real_engine,0,0.0,0,0,109306649,0.0,89165,0
SHI-01,F10,0,2026-08-17,real_engine,0,0.0,0,0,109306649,0.0,66400,0
DAV-01,F03,0,2026-08-17,real_engine,0,0.0,0,0,109306649,0.0,55530,0
BLR-03,B18,3,2026-08-17,real_engine,0,3.0,1,0,109338914,8066.25,10755,32265
KOL-01,F14,1,2026-08-17,real_engine,0,10.0,1,0,109396796,14470.5,57882,57882
KOL-01,F13,1,2026-08-17,real_engine,0,10.0,1,0,109457195,15099.75,60399,60399
KOL-01,B17,0,2026-08-17,real_engine,1,0.0,0,0,109457195,0.0,11850,0
KAL-01,B20,4,2026-08-17,real_engine,0,2.0,1,0,109491163,8492.0,8492,33968
TUM-01,F08,0,2026-08-17,real_engine,0,0.0,0,0,109491163,0.0,78119,0
KOL-01,M05,0,2026-08-17,real_engine,0,0.0,0,0,109491163,0.0,26834,0
TUM-01,F10,0,2026-08-17,real_engine,0,0.0,0,0,109491163,0.0,66400,0
BLR-06,B17,0,2026-08-17,real_engine,1,0.0,0,0,109491163,0.0,11850,0
TUM-02,B19,3,2026-08-17,real_engine,1,0.75,1,0,109530694,9882.75,13177,39531
MAN-01,B02,0,2026-08-17,real_engine,0,0.0,0,0,109530694,0.0,8446,0
BLR-07,F03,0,2026-08-17,real_engine,0,0.0,0,0,109530694,0.0,55530,0
SHI-01,B17,0,2026-08-17,real_engine,0,0.0,0,0,109530694,0.0,11850,0
BLR-02,B16,0,2026-08-17,real_engine,1,0.0,0,0,109530694,0.0,8903,0
MAN-02,B20,2,2026-08-17,real_engine,1,0.2857142857142857,1,0,109547678,4246.0,8492,16984
BLR-02,F11,1,2026-08-17,real_engine,0,1.0,1,0,109614413,16683.75,66735,66735
BLR-03,M08,0,2026-08-17,real_engine,0,0.0,0,0,109614413,0.0,24519,0
KOL-01,B18,3,2026-08-17,real_engine,0,1.0,1,0,109646678,8066.25,10755,32265
MAN-01,B17,0,2026-08-17,real_engine,1,0.0,0,0,109646678,0.0,11850,0
HUB-01,F05,0,2026-08-17,real_engine,0,0.0,0,0,109646678,0.0,89165,0
HUB-01,B05,0,2026-08-17,real_engine,0,0.0,0,0,109646678,0.0,10127,0
BLR-07,B13,0,2026-08-17,real_engine,1,0.0,0,0,109646678,0.0,8504,0
BLR-05,F04,0,2026-08-17,real_engine,0,0.0,0,0,109646678,0.0,53816,0
BEL-02,F08,0,2026-08-17,real_engine,0,0.0,0,0,109646678,0.0,78119,0
HUB-01,F09,0,2026-08-17,real_engine,0,0.0,0,0,109646678,0.0,97367,0
UDU-01,F03,0,2026-08-17,real_engine,0,0.0,0,0,109646678,0.0,55530,0
BLR-07,M13,0,2026-08-17,real_engine,0,0.0,0,0,109646678,0.0,25696,0
BLR-05,F06,0,2026-08-17,real_engine,0,0.0,0,0,109646678,0.0,53059,0
BEL-02,F10,0,2026-08-17,real_engine,0,0.0,0,0,109646678,0.0,66400,0
BLR-05,B14,0,2026-08-17,real_engine,1,0.0,0,0,109646678,0.0,9926,0
BLR-04,B14,0,2026-08-17,real_engine,0,0.0,0,0,109646678,0.0,9926,0
MAN-02,F03,0,2026-08-17,real_engine,0,0.0,0,0,109646678,0.0,55530,0
BLR-05,F01,0,2026-08-17,real_engine,0,0.0,0,0,109646678,0.0,61349,0
BEL-01,F05,0,2026-08-17,real_engine,0,0.0,0,0,109646678,0.0,89165,0
UDU-01,B14,0,2026-08-17,real_engine,1,0.0,0,0,109646678,0.0,9926,0
MYS-01,B17,0,2026-08-17,real_engine,1,0.0,0,0,109646678,0.0,11850,0
BLR-03,B02,0,2026-08-17,real_engine,0,0.0,0,0,109646678,0.0,8446,0
MAN-01,B19,2,2026-08-17,real_engine,1,0.4,1,0,109673032,6588.5,13177,26354
KAL-01,B12,0,2026-08-17,real_engine,1,0.0,0,0,109673032,0.0,9430,0
MYS-02,F08,0,2026-08-17,real_engine,0,0.0,0,0,109673032,0.0,78119,0
HUB-02,F03,0,2026-08-17,real_engine,0,0.0,0,0,109673032,0.0,55530,0
BLR-06,F05,0,2026-08-17,real_engine,0,0.0,0,0,109673032,0.0,89165,0
BLR-06,F17,1,2026-08-17,real_engine,0,1.0,1,0,109782462,27357.5,109430,109430
HUB-01,M11,0,2026-08-17,real_engine,0,0.0,0,0,109782462,0.0,20687,0
HUB-02,M11,0,2026-08-17,real_engine,0,0.0,0,0,109782462,0.0,20687,0
DAV-01,B20,3,2026-08-17,real_engine,0,1.5,1,0,109807938,6369.0,8492,25476
HUB-01,F04,0,2026-08-17,real_engine,0,0.0,0,0,109807938,0.0,53816,0
MYS-02,F10,0,2026-08-17,real_engine,0,0.0,0,0,109807938,0.0,66400,0
BLR-06,F09,0,2026-08-17,real_engine,0,0.0,0,0,109807938,0.0,97367,0
DAV-02,M18,1,2026-08-17,real_engine,0,0.25,1,0,109833659,6430.25,25721,25721
MYS-02,M19,1,2026-08-17,real_engine,0,0.5,1,0,109862810,7287.75,29151,29151
HUB-02,M19,1,2026-08-17,real_engine,0,1.0,1,0,109891961,7287.75,29151,29151
TUM-01,M19,1,2026-08-17,real_engine,0,0.5,1,0,109921112,7287.75,29151,29151
UDU-01,M19,1,2026-08-17,real_engine,0,1.0,1,0,109950263,7287.75,29151,29151
KOL-01,M19,1,2026-08-17,real_engine,0,10.0,1,0,109979414,7287.75,29151,29151
HUB-01,B19,3,2026-08-17,real_engine,1,0.6,1,0,110018945,9882.75,13177,39531
TUM-01,F18,1,2026-08-17,real_engine,0,10.0,1,0,110136409,29366.0,117464,117464
BEL-01,F18,1,2026-08-17,real_engine,0,10.0,1,0,110253873,29366.0,117464,117464
BEL-01,B11,0,2026-08-17,real_engine,1,0.0,0,0,110253873,0.0,7505,0
SHI-01,F03,0,2026-08-17,real_engine,0,0.0,0,0,110253873,0.0,55530,0
MYS-02,B14,0,2026-08-17,real_engine,1,0.0,0,0,110253873,0.0,9926,0
KAL-01,F10,0,2026-08-17,real_engine,0,0.0,0,0,110253873,0.0,66400,0
MAN-01,B10,0,2026-08-17,real_engine,0,0.0,0,0,110253873,0.0,7060,0
BLR-05,B01,0,2026-08-17,real_engine,0,0.0,0,0,110253873,0.0,6440,0
BLR-04,B17,0,2026-08-17,real_engine,1,0.0,0,0,110253873,0.0,11850,0
MYS-01,M10,0,2026-08-17,real_engine,0,0.0,0,0,110253873,0.0,25610,0
BEL-02,M10,0,2026-08-17,real_engine,1,0.0,0,0,110253873,0.0,25610,0
MYS-01,F05,0,2026-08-17,real_engine,1,0.0,0,0,110253873,0.0,89165,0
BEL-01,F04,0,2026-08-17,real_engine,0,0.0,0,0,110253873,0.0,53816,0
TUM-01,F03,0,2026-08-17,real_engine,0,0.0,0,0,110253873,0.0,55530,0
MYS-01,F09,0,2026-08-17,real_engine,0,0.0,0,0,110253873,0.0,97367,0
BEL-01,F06,0,2026-08-17,real_engine,0,0.0,0,0,110253873,0.0,53059,0
MAN-02,B12,0,2026-08-17,real_engine,1,0.0,0,0,110253873,0.0,9430,0
HOS-01,B12,0,2026-08-17,real_engine,1,0.0,0,0,110253873,0.0,9430,0
TUM-01,B14,0,2026-08-17,real_engine,1,0.0,0,0,110253873,0.0,9926,0
BEL-02,B14,0,2026-08-17,real_engine,0,0.0,0,0,110253873,0.0,9926,0
DAV-01,B14,0,2026-08-17,real_engine,1,0.0,0,0,110253873,0.0,9926,0
BLR-08,B17,0,2026-08-17,real_engine,1,0.0,0,0,110253873,0.0,11850,0
DAV-02,F08,0,2026-08-17,real_engine,0,0.0,0,0,110253873,0.0,78119,0
BLR-06,F06,0,2026-08-17,real_engine,0,0.0,0,0,110253873,0.0,53059,0
BLR-05,B20,2,2026-08-17,real_engine,0,2.0,1,0,110270857,4246.0,8492,16984
HUB-01,B20,2,2026-08-17,real_engine,1,0.3333333333333333,1,0,110287841,4246.0,8492,16984
BEL-01,F01,0,2026-08-17,real_engine,0,0.0,0,0,110287841,0.0,61349,0
DAV-02,F10,0,2026-08-17,real_engine,0,0.0,0,0,110287841,0.0,66400,0
MAN-01,M08,0,2026-08-17,real_engine,0,0.0,0,0,110287841,0.0,24519,0
HUB-02,B17,0,2026-08-17,real_engine,1,0.0,0,0,110287841,0.0,11850,0
BLR-04,B07,0,2026-08-17,real_engine,0,0.0,0,0,110287841,0.0,11285,0
MYS-02,B11,0,2026-08-17,real_engine,0,0.0,0,0,110287841,0.0,7505,0
MAN-02,B11,0,2026-08-17,real_engine,1,0.0,0,0,110287841,0.0,7505,0
TUM-01,F12,1,2026-08-17,real_engine,0,10.0,1,0,110386137,24574.0,98296,98296
MAN-02,F12,1,2026-08-17,real_engine,0,10.0,1,0,110484433,24574.0,98296,98296
KOL-01,F12,1,2026-08-17,real_engine,0,10.0,1,0,110582729,24574.0,98296,98296
BEL-02,F03,0,2026-08-17,real_engine,0,0.0,0,0,110582729,0.0,55530,0
HOS-01,B14,0,2026-08-17,real_engine,1,0.0,0,0,110582729,0.0,9926,0
BLR-06,F01,0,2026-08-17,real_engine,0,0.0,0,0,110582729,0.0,61349,0
DAV-01,B13,0,2026-08-17,real_engine,0,0.0,0,0,110582729,0.0,8504,0
MYS-01,F04,0,2026-08-17,real_engine,0,0.0,0,0,110582729,0.0,53816,0
DAV-01,F05,0,2026-08-17,real_engine,0,0.0,0,0,110582729,0.0,89165,0
BLR-08,B16,0,2026-08-17,real_engine,0,0.0,0,0,110582729,0.0,8903,0
BLR-04,B18,2,2026-08-17,real_engine,0,0.6666666666666666,1,0,110604239,5377.5,10755,21510
DAV-01,F09,0,2026-08-17,real_engine,0,0.0,0,0,110604239,0.0,97367,0
KAL-01,B17,0,2026-08-17,real_engine,0,0.0,0,0,110604239,0.0,11850,0
MYS-01,F06,0,2026-08-17,real_engine,0,0.0,0,0,110604239,0.0,53059,0
BLR-06,B13,0,2026-08-17,real_engine,1,0.0,0,0,110604239,0.0,8504,0
BEL-01,B13,0,2026-08-17,real_engine,0,0.0,0,0,110604239,0.0,8504,0
BLR-08,M07,0,2026-08-17,real_engine,1,0.0,0,0,110604239,0.0,23908,0
BLR-05,F02,0,2026-08-17,real_engine,0,0.0,0,0,110604239,0.0,66229,0
MYS-02,F03,0,2026-08-17,real_engine,0,0.0,0,0,110604239,0.0,55530,0
MYS-01,F01,0,2026-08-17,real_engine,0,0.0,0,0,110604239,0.0,61349,0
MAN-02,B17,0,2026-08-17,real_engine,1,0.0,0,0,110604239,0.0,11850,0
HOS-01,F08,0,2026-08-17,real_engine,0,0.0,0,0,110604239,0.0,78119,0
BLR-07,F05,0,2026-08-17,real_engine,0,0.0,0,0,110604239,0.0,89165,0
UDU-01,B20,3,2026-08-17,real_engine,0,1.0,1,0,110629715,6369.0,8492,25476
HUB-02,B13,0,2026-08-17,real_engine,1,0.0,0,0,110629715,0.0,8504,0
BEL-01,F14,1,2026-08-17,real_engine,0,10.0,1,0,110687597,14470.5,57882,57882
HOS-01,F10,0,2026-08-17,real_engine,0,0.0,0,0,110687597,0.0,66400,0
BLR-07,F09,0,2026-08-17,real_engine,0,0.0,0,0,110687597,0.0,97367,0
HOS-01,B11,0,2026-08-17,real_engine,0,0.0,0,0,110687597,0.0,7505,0
KAL-01,F03,0,2026-08-17,real_engine,0,0.0,0,0,110687597,0.0,55530,0
MYS-02,B19,3,2026-08-17,real_engine,0,1.0,1,0,110727128,9882.75,13177,39531
DAV-01,B19,3,2026-08-17,real_engine,0,1.5,1,0,110766659,9882.75,13177,39531
DAV-01,F04,0,2026-08-17,real_engine,0,0.0,0,0,110766659,0.0,53816,0
HUB-01,B14,0,2026-08-17,real_engine,1,0.0,0,0,110766659,0.0,9926,0
UDU-01,F05,0,2026-08-17,real_engine,0,0.0,0,0,110766659,0.0,89165,0
BLR-05,F07,0,2026-08-17,real_engine,0,0.0,0,0,110766659,0.0,99781,0
BLR-07,M11,0,2026-08-17,real_engine,1,0.0,0,0,110766659,0.0,20687,0
KAL-01,M11,0,2026-08-17,real_engine,0,0.0,0,0,110766659,0.0,20687,0
UDU-01,F09,0,2026-08-17,real_engine,0,0.0,0,0,110766659,0.0,97367,0
HUB-01,B12,0,2026-08-17,real_engine,1,0.0,0,0,110766659,0.0,9430,0
MAN-02,F05,0,2026-08-17,real_engine,0,0.0,0,0,110766659,0.0,89165,0
DAV-02,B10,0,2026-08-17,real_engine,0,0.0,0,0,110766659,0.0,7060,0
TUM-02,F08,0,2026-08-17,real_engine,0,0.0,0,0,110766659,0.0,78119,0
KOL-01,B09,0,2026-08-17,real_engine,1,0.0,0,0,110766659,0.0,12085,0
MYS-02,B20,3,2026-08-17,real_engine,0,1.5,1,0,110792135,6369.0,8492,25476
DAV-01,F01,0,2026-08-17,real_engine,0,0.0,0,0,110792135,0.0,61349,0
MAN-02,F09,0,2026-08-17,real_engine,0,0.0,0,0,110792135,0.0,97367,0
MYS-01,B14,0,2026-08-17,real_engine,1,0.0,0,0,110792135,0.0,9926,0
HUB-02,B14,0,2026-08-17,real_engine,1,0.0,0,0,110792135,0.0,9926,0
BLR-02,B06,0,2026-08-17,real_engine,0,0.0,0,0,110792135,0.0,8055,0
TUM-02,F10,0,2026-08-17,real_engine,0,0.0,0,0,110792135,0.0,66400,0
BLR-07,F04,0,2026-08-17,real_engine,0,0.0,0,0,110792135,0.0,53816,0
DAV-02,F03,0,2026-08-17,real_engine,0,0.0,0,0,110792135,0.0,55530,0
BLR-03,M09,0,2026-08-17,real_engine,0,0.0,0,0,110792135,0.0,28135,0
KAL-01,M09,0,2026-08-17,real_engine,0,0.0,0,0,110792135,0.0,28135,0
HUB-02,F05,0,2026-08-17,real_engine,0,0.0,0,0,110792135,0.0,89165,0
HUB-01,B04,0,2026-08-17,real_engine,0,0.0,0,0,110792135,0.0,8786,0
BLR-07,F06,0,2026-08-17,real_engine,0,0.0,0,0,110792135,0.0,53059,0
HUB-02,F09,0,2026-08-17,real_engine,0,0.0,0,0,110792135,0.0,97367,0
BEL-01,F02,0,2026-08-17,real_engine,0,0.0,0,0,110792135,0.0,66229,0
TUM-01,B13,0,2026-08-17,real_engine,1,0.0,0,0,110792135,0.0,8504,0
KAL-01,B13,0,2026-08-17,real_engine,1,0.0,0,0,110792135,0.0,8504,0
UDU-01,F04,0,2026-08-17,real_engine,0,0.0,0,0,110792135,0.0,53816,0
HUB-01,F07,0,2026-08-17,real_engine,0,0.0,0,0,110792135,0.0,99781,0
UDU-01,B11,0,2026-08-17,real_engine,0,0.0,0,0,110792135,0.0,7505,0
SHI-01,F05,0,2026-08-17,real_engine,0,0.0,0,0,110792135,0.0,89165,0
BLR-02,M08,0,2026-08-17,real_engine,1,0.0,0,0,110792135,0.0,24519,0
UDU-01,F06,0,2026-08-17,real_engine,0,0.0,0,0,110792135,0.0,53059,0
BLR-07,F01,0,2026-08-17,real_engine,0,0.0,0,0,110792135,0.0,61349,0
BLR-06,F02,0,2026-08-17,real_engine,0,0.0,0,0,110792135,0.0,66229,0
UDU-01,F15,1,2026-08-17,real_engine,0,10.0,1,0,110884146,23002.75,92011,92011
SHI-01,F09,0,2026-08-17,real_engine,0,0.0,0,0,110884146,0.0,97367,0
MAN-02,F04,0,2026-08-17,real_engine,0,0.0,0,0,110884146,0.0,53816,0
BEL-01,B12,0,2026-08-17,real_engine,0,0.0,0,0,110884146,0.0,9430,0
TUM-01,F05,0,2026-08-17,real_engine,0,0.0,0,0,110884146,0.0,89165,0
HUB-01,F11,1,2026-08-17,real_engine,0,10.0,1,0,110950881,16683.75,66735,66735
TUM-02,B08,0,2026-08-17,real_engine,1,0.0,0,0,110950881,0.0,9684,0
MAN-02,F06,0,2026-08-17,real_engine,0,0.0,0,0,110950881,0.0,53059,0
UDU-01,F01,0,2026-08-17,real_engine,0,0.0,0,0,110950881,0.0,61349,0
DAV-02,B13,0,2026-08-17,real_engine,1,0.0,0,0,110950881,0.0,8504,0
BLR-01,F08,0,2026-08-17,real_engine,0,0.0,0,0,110950881,0.0,78119,0
BEL-01,F07,0,2026-08-17,real_engine,0,0.0,0,0,110950881,0.0,99781,0
BLR-01,B17,0,2026-08-17,real_engine,0,0.0,0,0,110950881,0.0,11850,0
HUB-02,F04,0,2026-08-17,real_engine,0,0.0,0,0,110950881,0.0,53816,0
BLR-04,F10,0,2026-08-17,real_engine,0,0.0,0,0,110950881,0.0,66400,0
BLR-01,B14,0,2026-08-17,real_engine,1,0.0,0,0,110950881,0.0,9926,0
MAN-01,B14,0,2026-08-17,real_engine,0,0.0,0,0,110950881,0.0,9926,0
MYS-01,F02,0,2026-08-17,real_engine,0,0.0,0,0,110950881,0.0,66229,0
DAV-01,B09,0,2026-08-17,real_engine,1,0.0,0,0,110950881,0.0,12085,0
HUB-02,F06,0,2026-08-17,real_engine,0,0.0,0,0,110950881,0.0,53059,0
HOS-01,F03,0,2026-08-17,real_engine,0,0.0,0,0,110950881,0.0,55530,0
MAN-02,F01,0,2026-08-17,real_engine,0,0.0,0,0,110950881,0.0,61349,0
BLR-06,F07,0,2026-08-17,real_engine,0,0.0,0,0,110950881,0.0,99781,0
SHI-01,F04,0,2026-08-17,real_engine,0,0.0,0,0,110950881,0.0,53816,0
BEL-02,B19,2,2026-08-17,real_engine,0,1.0,1,0,110977235,6588.5,13177,26354
BEL-02,F05,0,2026-08-17,real_engine,0,0.0,0,0,110977235,0.0,89165,0
BLR-02,B20,2,2026-08-17,real_engine,0,2.0,1,0,110994219,4246.0,8492,16984
HUB-02,B20,2,2026-08-17,real_engine,0,1.0,1,0,111011203,4246.0,8492,16984
TUM-01,B20,2,2026-08-17,real_engine,1,0.3333333333333333,1,0,111028187,4246.0,8492,16984
BEL-01,B20,1,2026-08-17,real_engine,1,0.5,1,0,111036679,2123.0,8492,8492
SHI-01,B07,0,2026-08-17,real_engine,0,0.0,0,0,111036679,0.0,11285,0
HUB-02,F01,0,2026-08-17,real_engine,0,0.0,0,0,111036679,0.0,61349,0
SHI-01,F06,0,2026-08-17,real_engine,0,0.0,0,0,111036679,0.0,53059,0
BEL-02,F09,0,2026-08-17,real_engine,0,0.0,0,0,111036679,0.0,97367,0
BEL-01,B14,0,2026-08-17,real_engine,0,0.0,0,0,111036679,0.0,9926,0
KOL-01,B14,0,2026-08-17,real_engine,1,0.0,0,0,111036679,0.0,9926,0
TUM-01,F04,0,2026-08-17,real_engine,0,0.0,0,0,111036679,0.0,53816,0
MYS-01,B12,0,2026-08-17,real_engine,1,0.0,0,0,111036679,0.0,9430,0
BLR-01,F09,0,2026-08-17,real_engine,0,0.0,0,0,111036679,0.0,97367,0
SHI-01,F01,0,2026-08-17,real_engine,0,0.0,0,0,111036679,0.0,61349,0
MYS-01,F07,0,2026-08-17,real_engine,0,0.0,0,0,111036679,0.0,99781,0
TUM-01,F06,0,2026-08-17,real_engine,0,0.0,0,0,111036679,0.0,53059,0
TUM-02,F03,0,2026-08-17,real_engine,0,0.0,0,0,111036679,0.0,55530,0
DAV-01,F02,0,2026-08-17,real_engine,0,0.0,0,0,111036679,0.0,66229,0
MYS-02,F05,0,2026-08-17,real_engine,0,0.0,0,0,111036679,0.0,89165,0
TUM-01,F01,0,2026-08-17,real_engine,0,0.0,0,0,111036679,0.0,61349,0
BLR-04,B06,0,2026-08-17,real_engine,0,0.0,0,0,111036679,0.0,8055,0
MYS-01,F11,1,2026-08-17,real_engine,0,10.0,1,0,111103414,16683.75,66735,66735
BLR-05,M11,0,2026-08-17,real_engine,1,0.0,0,0,111103414,0.0,20687,0
KOL-01,F08,0,2026-08-17,real_engine,0,0.0,0,0,111103414,0.0,78119,0
BEL-02,F04,0,2026-08-17,real_engine,0,0.0,0,0,111103414,0.0,53816,0
MAN-01,F11,1,2026-08-17,real_engine,0,10.0,1,0,111170149,16683.75,66735,66735
KAL-01,F11,1,2026-08-17,real_engine,0,10.0,1,0,111236884,16683.75,66735,66735
KAL-01,F05,0,2026-08-17,real_engine,0,0.0,0,0,111236884,0.0,89165,0
BEL-02,F06,0,2026-08-17,real_engine,0,0.0,0,0,111236884,0.0,53059,0
KOL-01,B13,0,2026-08-17,real_engine,1,0.0,0,0,111236884,0.0,8504,0
BLR-06,B07,0,2026-08-17,real_engine,0,0.0,0,0,111236884,0.0,11285,0
KAL-01,F09,0,2026-08-17,real_engine,0,0.0,0,0,111236884,0.0,97367,0
DAV-02,B20,2,2026-08-17,real_engine,1,0.6666666666666666,1,0,111253868,4246.0,8492,16984
BLR-07,F02,0,2026-08-17,real_engine,0,0.0,0,0,111253868,0.0,66229,0
DAV-01,F07,0,2026-08-17,real_engine,0,0.0,0,0,111253868,0.0,99781,0
BLR-02,B14,0,2026-08-17,real_engine,1,0.0,0,0,111253868,0.0,9926,0
KOL-01,B12,0,2026-08-17,real_engine,1,0.0,0,0,111253868,0.0,9430,0
BLR-08,M06,0,2026-08-17,real_engine,0,0.0,0,0,111253868,0.0,20129,0
KOL-01,M06,0,2026-08-17,real_engine,1,0.0,0,0,111253868,0.0,20129,0
DAV-01,M08,0,2026-08-17,real_engine,0,0.0,0,0,111253868,0.0,24519,0
UDU-01,F02,0,2026-08-17,real_engine,0,0.0,0,0,111253868,0.0,66229,0
MYS-02,F04,0,2026-08-17,real_engine,0,0.0,0,0,111253868,0.0,53816,0
BLR-07,M09,0,2026-08-17,real_engine,1,0.0,0,0,111253868,0.0,28135,0
HUB-01,M09,0,2026-08-17,real_engine,0,0.0,0,0,111253868,0.0,28135,0
MAN-01,M07,0,2026-08-17,real_engine,0,0.0,0,0,111253868,0.0,23908,0
DAV-02,F05,0,2026-08-17,real_engine,0,0.0,0,0,111253868,0.0,89165,0
BLR-05,B05,0,2026-08-17,real_engine,0,0.0,0,0,111253868,0.0,10127,0
MYS-02,F06,0,2026-08-17,real_engine,0,0.0,0,0,111253868,0.0,53059,0
MAN-02,F02,0,2026-08-17,real_engine,0,0.0,0,0,111253868,0.0,66229,0
HOS-01,B04,0,2026-08-17,real_engine,1,0.0,0,0,111253868,0.0,8786,0
DAV-02,F09,0,2026-08-17,real_engine,0,0.0,0,0,111253868,0.0,97367,0
UDU-01,M10,0,2026-08-17,real_engine,0,0.0,0,0,111253868,0.0,25610,0
BLR-07,F07,0,2026-08-17,real_engine,0,0.0,0,0,111253868,0.0,99781,0
KAL-01,F04,0,2026-08-17,real_engine,0,0.0,0,0,111253868,0.0,53816,0
MYS-01,B13,0,2026-08-17,real_engine,0,0.0,0,0,111253868,0.0,8504,0
MYS-02,F01,0,2026-08-17,real_engine,0,0.0,0,0,111253868,0.0,61349,0
KAL-01,F06,0,2026-08-17,real_engine,0,0.0,0,0,111253868,0.0,53059,0
BLR-07,M18,1,2026-08-17,real_engine,0,0.3333333333333333,1,0,111279589,6430.25,25721,25721
BEL-01,M18,1,2026-08-17,real_engine,0,0.5,1,0,111305310,6430.25,25721,25721
HUB-02,F02,0,2026-08-17,real_engine,0,0.0,0,0,111305310,0.0,66229,0
UDU-01,F07,0,2026-08-17,real_engine,0,0.0,0,0,111305310,0.0,99781,0
BLR-08,B14,0,2026-08-17,real_engine,1,0.0,0,0,111305310,0.0,9926,0
TUM-02,B14,0,2026-08-17,real_engine,1,0.0,0,0,111305310,0.0,9926,0
BLR-07,F11,1,2026-08-17,real_engine,0,10.0,1,0,111372045,16683.75,66735,66735
BLR-06,B08,0,2026-08-17,real_engine,1,0.0,0,0,111372045,0.0,9684,0
KAL-01,F01,0,2026-08-17,real_engine,0,0.0,0,0,111372045,0.0,61349,0
BLR-07,B11,0,2026-08-17,real_engine,0,0.0,0,0,111372045,0.0,7505,0
BLR-04,B20,1,2026-08-17,real_engine,0,10.0,1,0,111380537,2123.0,8492,8492
MYS-01,B20,1,2026-08-17,real_engine,0,0.25,1,0,111389029,2123.0,8492,8492
SHI-01,F02,0,2026-08-17,real_engine,0,0.0,0,0,111389029,0.0,66229,0
DAV-01,B12,0,2026-08-17,real_engine,1,0.0,0,0,111389029,0.0,9430,0
MAN-02,F07,0,2026-08-17,real_engine,0,0.0,0,0,111389029,0.0,99781,0
BLR-03,B19,2,2026-08-17,real_engine,0,2.0,1,0,111415383,6588.5,13177,26354
DAV-02,F04,0,2026-08-17,real_engine,0,0.0,0,0,111415383,0.0,53816,0
BLR-06,B10,0,2026-08-17,real_engine,0,0.0,0,0,111415383,0.0,7060,0
HOS-01,F05,0,2026-08-17,real_engine,0,0.0,0,0,111415383,0.0,89165,0
TUM-01,F02,0,2026-08-17,real_engine,0,0.0,0,0,111415383,0.0,66229,0
HUB-02,F07,0,2026-08-17,real_engine,0,0.0,0,0,111415383,0.0,99781,0
KOL-01,F03,0,2026-08-17,real_engine,0,0.0,0,0,111415383,0.0,55530,0
MAN-02,F11,1,2026-08-17,real_engine,0,10.0,1,0,111482118,16683.75,66735,66735
BLR-04,B13,0,2026-08-17,real_engine,0,0.0,0,0,111482118,0.0,8504,0
HOS-01,F09,0,2026-08-17,real_engine,0,0.0,0,0,111482118,0.0,97367,0
DAV-02,F01,0,2026-08-17,real_engine,0,0.0,0,0,111482118,0.0,61349,0
SHI-01,F07,0,2026-08-17,real_engine,0,0.0,0,0,111482118,0.0,99781,0
MAN-02,B14,0,2026-08-17,real_engine,1,0.0,0,0,111482118,0.0,9926,0
HUB-02,F11,1,2026-08-17,real_engine,0,10.0,1,0,111548853,16683.75,66735,66735
TUM-01,F07,0,2026-08-17,real_engine,0,0.0,0,0,111548853,0.0,99781,0
SHI-01,F11,1,2026-08-17,real_engine,0,10.0,1,0,111615588,16683.75,66735,66735
TUM-02,F05,0,2026-08-17,real_engine,0,0.0,0,0,111615588,0.0,89165,0
TUM-02,B11,0,2026-08-17,real_engine,0,0.0,0,0,111615588,0.0,7505,0
HOS-01,F04,0,2026-08-17,real_engine,0,0.0,0,0,111615588,0.0,53816,0
TUM-02,B20,2,2026-08-17,real_engine,0,1.0,1,0,111632572,4246.0,8492,16984
HOS-01,F06,0,2026-08-17,real_engine,0,0.0,0,0,111632572,0.0,53059,0
TUM-01,F11,1,2026-08-17,real_engine,0,10.0,1,0,111699307,16683.75,66735,66735
BLR-02,B19,1,2026-08-17,real_engine,0,10.0,1,0,111712484,3294.25,13177,13177
MYS-01,B10,0,2026-08-17,real_engine,1,0.0,0,0,111712484,0.0,7060,0
TUM-01,B10,0,2026-08-17,real_engine,0,0.0,0,0,111712484,0.0,7060,0
MYS-01,F14,1,2026-08-17,real_engine,0,10.0,1,0,111770366,14470.5,57882,57882
HUB-01,F14,1,2026-08-17,real_engine,0,10.0,1,0,111828248,14470.5,57882,57882
BEL-02,F07,0,2026-08-17,real_engine,0,0.0,0,0,111828248,0.0,99781,0
BEL-02,M07,0,2026-08-17,real_engine,0,0.0,0,0,111828248,0.0,23908,0
HOS-01,M07,0,2026-08-17,real_engine,0,0.0,0,0,111828248,0.0,23908,0
MYS-02,F02,0,2026-08-17,real_engine,0,0.0,0,0,111828248,0.0,66229,0
HOS-01,F01,0,2026-08-17,real_engine,0,0.0,0,0,111828248,0.0,61349,0
BLR-03,F13,1,2026-08-17,real_engine,0,0.5,1,0,111888647,15099.75,60399,60399
BLR-08,F13,1,2026-08-17,real_engine,0,10.0,1,0,111949046,15099.75,60399,60399
HUB-02,F13,1,2026-08-17,real_engine,0,10.0,1,0,112009445,15099.75,60399,60399
BEL-01,F13,1,2026-08-17,real_engine,0,10.0,1,0,112069844,15099.75,60399,60399
TUM-02,M05,0,2026-08-17,real_engine,0,0.0,0,0,112069844,0.0,26834,0
TUM-02,F04,0,2026-08-17,real_engine,0,0.0,0,0,112069844,0.0,53816,0
KAL-01,F02,0,2026-08-17,real_engine,0,0.0,0,0,112069844,0.0,66229,0
BLR-02,F05,0,2026-08-17,real_engine,0,0.0,0,0,112069844,0.0,89165,0
BLR-03,F05,0,2026-08-17,real_engine,0,0.0,0,0,112069844,0.0,89165,0
TUM-02,F06,0,2026-08-17,real_engine,0,0.0,0,0,112069844,0.0,53059,0
MYS-02,F09,0,2026-08-17,real_engine,0,0.0,0,0,112069844,0.0,97367,0
TUM-02,F09,0,2026-08-17,real_engine,0,0.0,0,0,112069844,0.0,97367,0
BEL-01,F09,0,2026-08-17,real_engine,0,0.0,0,0,112069844,0.0,97367,0
HUB-01,B02,0,2026-08-17,real_engine,0,0.0,0,0,112069844,0.0,8446,0
MYS-02,F07,0,2026-08-17,real_engine,0,0.0,0,0,112069844,0.0,99781,0
HUB-02,B12,0,2026-08-17,real_engine,1,0.0,0,0,112069844,0.0,9430,0
DAV-02,M15,1,2026-08-17,real_engine,0,10.0,1,0,112096497,6663.25,26653,26653
TUM-02,B13,0,2026-08-17,real_engine,1,0.0,0,0,112096497,0.0,8504,0
UDU-01,B13,0,2026-08-17,real_engine,1,0.0,0,0,112096497,0.0,8504,0
BLR-01,M09,0,2026-08-17,real_engine,0,0.0,0,0,112096497,0.0,28135,0
TUM-02,F01,0,2026-08-17,real_engine,0,0.0,0,0,112096497,0.0,61349,0
HUB-01,B11,0,2026-08-17,real_engine,1,0.0,0,0,112096497,0.0,7505,0
TUM-02,F12,1,2026-08-17,real_engine,0,10.0,1,0,112194793,24574.0,98296,98296
BEL-01,F12,1,2026-08-17,real_engine,0,10.0,1,0,112293089,24574.0,98296,98296
BLR-07,B05,0,2026-08-17,real_engine,0,0.0,0,0,112293089,0.0,10127,0
SHI-01,B20,1,2026-08-17,real_engine,1,0.16666666666666666,1,0,112301581,2123.0,8492,8492
KAL-01,F07,0,2026-08-17,real_engine,0,0.0,0,0,112301581,0.0,99781,0
TUM-01,M10,0,2026-08-17,real_engine,1,0.0,0,0,112301581,0.0,25610,0
DAV-02,F02,0,2026-08-17,real_engine,0,0.0,0,0,112301581,0.0,66229,0
HUB-02,B10,0,2026-08-17,real_engine,1,0.0,0,0,112301581,0.0,7060,0
DAV-01,B10,0,2026-08-17,real_engine,0,0.0,0,0,112301581,0.0,7060,0
MYS-02,F11,1,2026-08-17,real_engine,0,10.0,1,0,112368316,16683.75,66735,66735
KOL-01,M16,1,2026-08-17,real_engine,0,10.0,1,0,112388996,5170.0,20680,20680
BLR-05,B09,0,2026-08-17,real_engine,0,0.0,0,0,112388996,0.0,12085,0
UDU-01,B09,0,2026-08-17,real_engine,1,0.0,0,0,112388996,0.0,12085,0
KAL-01,B08,0,2026-08-17,real_engine,1,0.0,0,0,112388996,0.0,9684,0
HOS-01,B08,0,2026-08-17,real_engine,0,0.0,0,0,112388996,0.0,9684,0
DAV-02,F07,0,2026-08-17,real_engine,0,0.0,0,0,112388996,0.0,99781,0
KOL-01,F05,0,2026-08-17,real_engine,0,0.0,0,0,112388996,0.0,89165,0
DAV-01,B07,0,2026-08-17,real_engine,1,0.0,0,0,112388996,0.0,11285,0
UDU-01,B07,0,2026-08-17,real_engine,0,0.0,0,0,112388996,0.0,11285,0
KOL-01,F09,0,2026-08-17,real_engine,1,0.0,0,0,112388996,0.0,97367,0
BLR-03,B14,0,2026-08-17,real_engine,1,0.0,0,0,112388996,0.0,9926,0
HOS-01,F02,0,2026-08-17,real_engine,0,0.0,0,0,112388996,0.0,66229,0
HUB-02,F16,1,2026-08-17,real_engine,0,10.0,1,0,112443212,13554.0,54216,54216
KAL-01,F16,1,2026-08-17,real_engine,0,10.0,1,0,112497428,13554.0,54216,54216
UDU-01,F16,1,2026-08-17,real_engine,0,1.0,1,0,112551644,13554.0,54216,54216
KOL-01,F04,0,2026-08-17,real_engine,0,0.0,0,0,112551644,0.0,53816,0
HUB-02,M07,0,2026-08-17,real_engine,0,0.0,0,0,112551644,0.0,23908,0
HOS-01,F07,0,2026-08-17,real_engine,0,0.0,0,0,112551644,0.0,99781,0
KOL-01,F06,0,2026-08-17,real_engine,0,0.0,0,0,112551644,0.0,53059,0
BLR-04,M06,0,2026-08-17,real_engine,1,0.0,0,0,112551644,0.0,20129,0
HUB-01,M06,0,2026-08-17,real_engine,0,0.0,0,0,112551644,0.0,20129,0
TUM-02,F02,0,2026-08-17,real_engine,0,0.0,0,0,112551644,0.0,66229,0
BLR-05,F17,1,2026-08-17,real_engine,0,10.0,1,0,112661074,27357.5,109430,109430
DAV-02,F17,1,2026-08-17,real_engine,0,10.0,1,0,112770504,27357.5,109430,109430
KAL-01,F17,1,2026-08-17,real_engine,0,10.0,1,0,112879934,27357.5,109430,109430
TUM-01,M11,0,2026-08-17,real_engine,1,0.0,0,0,112879934,0.0,20687,0
DAV-02,M11,0,2026-08-17,real_engine,1,0.0,0,0,112879934,0.0,20687,0
HOS-01,M11,0,2026-08-17,real_engine,0,0.0,0,0,112879934,0.0,20687,0
BLR-01,M08,0,2026-08-17,real_engine,0,0.0,0,0,112879934,0.0,24519,0
BEL-01,M08,0,2026-08-17,real_engine,0,0.0,0,0,112879934,0.0,24519,0
SHI-01,M08,0,2026-08-17,real_engine,0,0.0,0,0,112879934,0.0,24519,0
MYS-01,F15,1,2026-08-17,real_engine,0,10.0,1,0,112971945,23002.75,92011,92011
KOL-01,F01,0,2026-08-17,real_engine,0,0.0,0,0,112971945,0.0,61349,0
HOS-01,F11,1,2026-08-17,real_engine,0,10.0,1,0,113038680,16683.75,66735,66735
TUM-01,B12,0,2026-08-17,real_engine,1,0.0,0,0,113038680,0.0,9430,0
DAV-02,B12,0,2026-08-17,real_engine,1,0.0,0,0,113038680,0.0,9430,0
SHI-01,B12,0,2026-08-17,real_engine,0,0.0,0,0,113038680,0.0,9430,0
TUM-02,F07,0,2026-08-17,real_engine,0,0.0,0,0,113038680,0.0,99781,0
HOS-01,B10,0,2026-08-17,real_engine,1,0.0,0,0,113038680,0.0,7060,0
BLR-03,F02,0,2026-08-17,real_engine,0,0.0,0,0,113038680,0.0,66229,0
MAN-02,B04,0,2026-08-17,real_engine,0,0.0,0,0,113038680,0.0,8786,0
BLR-04,F07,0,2026-08-17,real_engine,0,0.0,0,0,113038680,0.0,99781,0
MAN-01,F07,0,2026-08-17,real_engine,0,0.0,0,0,113038680,0.0,99781,0
TUM-01,B05,0,2026-08-17,real_engine,1,0.0,0,0,113038680,0.0,10127,0
BLR-06,M10,0,2026-08-17,real_engine,1,0.0,0,0,113038680,0.0,25610,0
BLR-05,F11,1,2026-08-17,real_engine,0,10.0,1,0,113105415,16683.75,66735,66735
BEL-02,F11,1,2026-08-17,real_engine,0,10.0,1,0,113172150,16683.75,66735,66735
UDU-01,F11,1,2026-08-17,real_engine,0,10.0,1,0,113238885,16683.75,66735,66735
BLR-03,B13,0,2026-08-17,real_engine,0,0.0,0,0,113238885,0.0,8504,0
BLR-03,B11,0,2026-08-17,real_engine,0,0.0,0,0,113238885,0.0,7505,0
BLR-05,B11,0,2026-08-17,real_engine,1,0.0,0,0,113238885,0.0,7505,0
KOL-01,F02,0,2026-08-17,real_engine,0,0.0,0,0,113238885,0.0,66229,0
DAV-01,B08,0,2026-08-17,real_engine,1,0.0,0,0,113238885,0.0,9684,0
MAN-01,F05,0,2026-08-17,real_engine,0,0.0,0,0,113238885,0.0,89165,0
BLR-02,M07,0,2026-08-17,real_engine,0,0.0,0,0,113238885,0.0,23908,0
MYS-02,M07,0,2026-08-17,real_engine,0,0.0,0,0,113238885,0.0,23908,0
KOL-01,F07,0,2026-08-17,real_engine,0,0.0,0,0,113238885,0.0,99781,0
MYS-02,M18,1,2026-08-17,real_engine,0,1.0,1,0,113264606,6430.25,25721,25721
BLR-05,B04,0,2026-08-17,real_engine,1,0.0,0,0,113264606,0.0,8786,0
DAV-01,B04,0,2026-08-17,real_engine,0,0.0,0,0,113264606,0.0,8786,0
KAL-01,B04,0,2026-08-17,real_engine,0,0.0,0,0,113264606,0.0,8786,0
BEL-02,M08,0,2026-08-17,real_engine,0,0.0,0,0,113264606,0.0,24519,0
KOL-01,F11,1,2026-08-17,real_engine,0,10.0,1,0,113331341,16683.75,66735,66735
BLR-03,B09,0,2026-08-17,real_engine,1,0.0,0,0,113331341,0.0,12085,0
DAV-02,B09,0,2026-08-17,real_engine,0,0.0,0,0,113331341,0.0,12085,0
HOS-01,B09,0,2026-08-17,real_engine,0,0.0,0,0,113331341,0.0,12085,0
BLR-04,F06,0,2026-08-17,real_engine,0,0.0,0,0,113331341,0.0,53059,0
MAN-01,F06,0,2026-08-17,real_engine,0,0.0,0,0,113331341,0.0,53059,0
TUM-02,M11,0,2026-08-17,real_engine,0,0.0,0,0,113331341,0.0,20687,0
BLR-08,B10,0,2026-08-17,real_engine,1,0.0,0,0,113331341,0.0,7060,0
BLR-02,F08,0,2026-08-17,real_engine,0,0.0,0,0,113331341,0.0,78119,0
BLR-04,F08,0,2026-08-17,real_engine,0,0.0,0,0,113331341,0.0,78119,0
HUB-01,F08,0,2026-08-17,real_engine,0,0.0,0,0,113331341,0.0,78119,0
UDU-01,F08,0,2026-08-17,real_engine,0,0.0,0,0,113331341,0.0,78119,0
DAV-01,B05,0,2026-08-17,real_engine,0,0.0,0,0,113331341,0.0,10127,0
BEL-02,B05,0,2026-08-17,real_engine,0,0.0,0,0,113331341,0.0,10127,0
MYS-01,B11,0,2026-08-17,real_engine,1,0.0,0,0,113331341,0.0,7505,0
BLR-03,F10,0,2026-08-17,real_engine,0,0.0,0,0,113331341,0.0,66400,0
MAN-01,F10,0,2026-08-17,real_engine,0,0.0,0,0,113331341,0.0,66400,0
BLR-03,F01,0,2026-08-17,real_engine,0,0.0,0,0,113331341,0.0,61349,0
BEL-02,F01,0,2026-08-17,real_engine,0,0.0,0,0,113331341,0.0,61349,0
BLR-01,M12,0,2026-08-17,real_engine,1,0.0,0,0,113331341,0.0,17217,0
BLR-04,B08,0,2026-08-17,real_engine,0,0.0,0,0,113331341,0.0,9684,0
TUM-02,M16,1,2026-08-17,real_engine,0,10.0,1,0,113352021,5170.0,20680,20680
BEL-02,B12,0,2026-08-17,real_engine,0,0.0,0,0,113352021,0.0,9430,0
MAN-01,B12,0,2026-08-17,real_engine,0,0.0,0,0,113352021,0.0,9430,0
HOS-01,B07,0,2026-08-17,real_engine,1,0.0,0,0,113352021,0.0,11285,0
BLR-07,F14,1,2026-08-17,real_engine,0,10.0,1,0,113409903,14470.5,57882,57882
HUB-02,F14,1,2026-08-17,real_engine,0,10.0,1,0,113467785,14470.5,57882,57882
MYS-01,F13,1,2026-08-17,real_engine,0,10.0,1,0,113528184,15099.75,60399,60399
BEL-02,B09,0,2026-08-17,real_engine,0,0.0,0,0,113528184,0.0,12085,0
TUM-02,B10,0,2026-08-17,real_engine,1,0.0,0,0,113528184,0.0,7060,0
MAN-02,B10,0,2026-08-17,real_engine,1,0.0,0,0,113528184,0.0,7060,0
BLR-01,B11,0,2026-08-17,real_engine,1,0.0,0,0,113528184,0.0,7505,0
MAN-01,B11,0,2026-08-17,real_engine,0,0.0,0,0,113528184,0.0,7505,0
SHI-01,B03,0,2026-08-17,real_engine,0,0.0,0,0,113528184,0.0,7401,0
BLR-02,M03,0,2026-08-17,real_engine,0,0.0,0,0,113528184,0.0,24373,0
HUB-02,M09,0,2026-08-17,real_engine,0,0.0,0,0,113528184,0.0,28135,0
HOS-01,M09,0,2026-08-17,real_engine,0,0.0,0,0,113528184,0.0,28135,0
BLR-07,M10,0,2026-08-17,real_engine,0,0.0,0,0,113528184,0.0,25610,0
KAL-01,M10,0,2026-08-17,real_engine,0,0.0,0,0,113528184,0.0,25610,0
BLR-06,B12,0,2026-08-17,real_engine,1,0.0,0,0,113528184,0.0,9430,0
BLR-05,M04,0,2026-08-17,real_engine,0,0.0,0,0,113528184,0.0,21389,0
TUM-01,M04,0,2026-08-17,real_engine,0,0.0,0,0,113528184,0.0,21389,0
SHI-01,M04,0,2026-08-17,real_engine,1,0.0,0,0,113528184,0.0,21389,0
KAL-01,M04,0,2026-08-17,real_engine,0,0.0,0,0,113528184,0.0,21389,0
BLR-07,B08,0,2026-08-17,real_engine,1,0.0,0,0,113528184,0.0,9684,0
DAV-01,M06,0,2026-08-17,real_engine,0,0.0,0,0,113528184,0.0,20129,0
MAN-01,M06,0,2026-08-17,real_engine,0,0.0,0,0,113528184,0.0,20129,0
MYS-01,B06,0,2026-08-17,real_engine,0,0.0,0,0,113528184,0.0,8055,0
HUB-01,B06,0,2026-08-17,real_engine,0,0.0,0,0,113528184,0.0,8055,0
KAL-01,B11,0,2026-08-17,real_engine,1,0.0,0,0,113528184,0.0,7505,0
BLR-07,M14,1,2026-08-17,real_engine,0,1.0,1,0,113550910,5681.5,22726,22726
MYS-01,B04,0,2026-08-17,real_engine,0,0.0,0,0,113550910,0.0,8786,0
MAN-02,M11,0,2026-08-17,real_engine,0,0.0,0,0,113550910,0.0,20687,0
BLR-07,B07,0,2026-08-17,real_engine,0,0.0,0,0,113550910,0.0,11285,0
MYS-01,B07,0,2026-08-17,real_engine,0,0.0,0,0,113550910,0.0,11285,0
KOL-01,B07,0,2026-08-17,real_engine,0,0.0,0,0,113550910,0.0,11285,0
BLR-03,B10,0,2026-08-17,real_engine,0,0.0,0,0,113550910,0.0,7060,0
TUM-01,M17,1,2026-08-17,real_engine,0,10.0,1,0,113576177,6316.75,25267,25267
BLR-04,F09,0,2026-08-17,real_engine,0,0.0,0,0,113576177,0.0,97367,0
TUM-01,F09,0,2026-08-17,real_engine,0,0.0,0,0,113576177,0.0,97367,0
BLR-01,B08,0,2026-08-17,real_engine,0,0.0,0,0,113576177,0.0,9684,0
BLR-03,B08,0,2026-08-17,real_engine,0,0.0,0,0,113576177,0.0,9684,0
MYS-01,B08,0,2026-08-17,real_engine,0,0.0,0,0,113576177,0.0,9684,0
MYS-02,B08,0,2026-08-17,real_engine,1,0.0,0,0,113576177,0.0,9684,0
HUB-02,B11,0,2026-08-17,real_engine,0,0.0,0,0,113576177,0.0,7505,0
BEL-02,B11,0,2026-08-17,real_engine,1,0.0,0,0,113576177,0.0,7505,0
BLR-07,F12,1,2026-08-17,real_engine,0,10.0,1,0,113674473,24574.0,98296,98296
BLR-08,F12,1,2026-08-17,real_engine,0,1.0,1,0,113772769,24574.0,98296,98296
DAV-01,F12,1,2026-08-17,real_engine,0,10.0,1,0,113871065,24574.0,98296,98296
BLR-06,B09,0,2026-08-17,real_engine,1,0.0,0,0,113871065,0.0,12085,0
HUB-02,B09,0,2026-08-17,real_engine,1,0.0,0,0,113871065,0.0,12085,0
BLR-01,M07,0,2026-08-17,real_engine,0,0.0,0,0,113871065,0.0,23908,0
BLR-04,M07,0,2026-08-17,real_engine,1,0.0,0,0,113871065,0.0,23908,0
MAN-02,M07,0,2026-08-17,real_engine,0,0.0,0,0,113871065,0.0,23908,0
BEL-01,B04,0,2026-08-17,real_engine,0,0.0,0,0,113871065,0.0,8786,0
MYS-01,M03,0,2026-08-17,real_engine,0,0.0,0,0,113871065,0.0,24373,0
HUB-02,M03,0,2026-08-17,real_engine,0,0.0,0,0,113871065,0.0,24373,0
DAV-01,B03,0,2026-08-17,real_engine,0,0.0,0,0,113871065,0.0,7401,0
DAV-02,B03,0,2026-08-17,real_engine,0,0.0,0,0,113871065,0.0,7401,0
BEL-01,B03,0,2026-08-17,real_engine,0,0.0,0,0,113871065,0.0,7401,0
KAL-01,B03,0,2026-08-17,real_engine,0,0.0,0,0,113871065,0.0,7401,0
UDU-01,B03,0,2026-08-17,real_engine,0,0.0,0,0,113871065,0.0,7401,0
BLR-02,B07,0,2026-08-17,real_engine,0,0.0,0,0,113871065,0.0,11285,0
BEL-01,B10,0,2026-08-17,real_engine,1,0.0,0,0,113871065,0.0,7060,0
BLR-04,M01,0,2026-08-17,real_engine,0,0.0,0,0,113871065,0.0,20460,0
KAL-01,M01,0,2026-08-17,real_engine,0,0.0,0,0,113871065,0.0,20460,0
TUM-02,M09,0,2026-08-17,real_engine,0,0.0,0,0,113871065,0.0,28135,0
DAV-01,M09,0,2026-08-17,real_engine,0,0.0,0,0,113871065,0.0,28135,0
BEL-01,M09,0,2026-08-17,real_engine,0,0.0,0,0,113871065,0.0,28135,0
BEL-01,F16,1,2026-08-17,real_engine,0,10.0,1,0,113925281,13554.0,54216,54216
BEL-02,F16,1,2026-08-17,real_engine,0,10.0,1,0,113979497,13554.0,54216,54216
MYS-01,B05,0,2026-08-17,real_engine,0,0.0,0,0,113979497,0.0,10127,0
TUM-02,B05,0,2026-08-17,real_engine,0,0.0,0,0,113979497,0.0,10127,0
KOL-01,M10,0,2026-08-17,real_engine,0,0.0,0,0,113979497,0.0,25610,0
BLR-05,M06,0,2026-08-17,real_engine,0,0.0,0,0,113979497,0.0,20129,0
BLR-02,B11,0,2026-08-17,real_engine,1,0.0,0,0,113979497,0.0,7505,0
SHI-01,B11,0,2026-08-17,real_engine,0,0.0,0,0,113979497,0.0,7505,0
BLR-05,M08,0,2026-08-17,real_engine,0,0.0,0,0,113979497,0.0,24519,0
BLR-07,M08,0,2026-08-17,real_engine,0,0.0,0,0,113979497,0.0,24519,0
MYS-01,M08,0,2026-08-17,real_engine,0,0.0,0,0,113979497,0.0,24519,0
BLR-05,F15,1,2026-08-17,real_engine,0,10.0,1,0,114071508,23002.75,92011,92011
BLR-02,B12,0,2026-08-17,real_engine,1,0.0,0,0,114071508,0.0,9430,0
BLR-03,B12,0,2026-08-17,real_engine,0,0.0,0,0,114071508,0.0,9430,0
HUB-02,M04,0,2026-08-17,real_engine,0,0.0,0,0,114071508,0.0,21389,0
BLR-08,B08,0,2026-08-17,real_engine,0,0.0,0,0,114071508,0.0,9684,0
KAL-01,F08,0,2026-08-17,real_engine,0,0.0,0,0,114071508,0.0,78119,0
MAN-02,B09,0,2026-08-17,real_engine,1,0.0,0,0,114071508,0.0,12085,0
HUB-01,F02,0,2026-08-17,real_engine,0,0.0,0,0,114071508,0.0,66229,0
BEL-02,B20,1,2026-08-17,real_engine,1,0.3333333333333333,1,0,114080000,2123.0,8492,8492
BLR-02,B04,0,2026-08-17,real_engine,0,0.0,0,0,114080000,0.0,8786,0
BLR-06,B04,0,2026-08-17,real_engine,0,0.0,0,0,114080000,0.0,8786,0
BLR-01,F07,0,2026-08-17,real_engine,0,0.0,0,0,114080000,0.0,99781,0
BEL-01,M11,0,2026-08-17,real_engine,0,0.0,0,0,114080000,0.0,20687,0
TUM-02,F11,1,2026-08-17,real_engine,0,10.0,1,0,114146735,16683.75,66735,66735
DAV-02,F11,1,2026-08-17,real_engine,0,10.0,1,0,114213470,16683.75,66735,66735
BEL-01,F11,1,2026-08-17,real_engine,0,10.0,1,0,114280205,16683.75,66735,66735
BLR-07,B12,0,2026-08-17,real_engine,0,0.0,0,0,114280205,0.0,9430,0
BLR-06,M07,0,2026-08-17,real_engine,0,0.0,0,0,114280205,0.0,23908,0
MYS-01,M07,0,2026-08-17,real_engine,0,0.0,0,0,114280205,0.0,23908,0
SHI-01,M07,0,2026-08-17,real_engine,0,0.0,0,0,114280205,0.0,23908,0
BLR-08,B07,0,2026-08-17,real_engine,0,0.0,0,0,114280205,0.0,11285,0
MAN-01,B07,0,2026-08-17,real_engine,0,0.0,0,0,114280205,0.0,11285,0
SHI-01,B08,0,2026-08-17,real_engine,1,0.0,0,0,114280205,0.0,9684,0
UDU-01,B08,0,2026-08-17,real_engine,0,0.0,0,0,114280205,0.0,9684,0
BLR-01,B10,0,2026-08-17,real_engine,0,0.0,0,0,114280205,0.0,7060,0
MYS-02,B10,0,2026-08-17,real_engine,1,0.0,0,0,114280205,0.0,7060,0
BLR-08,M03,0,2026-08-17,real_engine,0,0.0,0,0,114280205,0.0,24373,0
HUB-01,M03,0,2026-08-17,real_engine,0,0.0,0,0,114280205,0.0,24373,0
BEL-02,M03,0,2026-08-17,real_engine,0,0.0,0,0,114280205,0.0,24373,0
MYS-02,M02,0,2026-08-17,real_engine,0,0.0,0,0,114280205,0.0,16548,0
DAV-02,M02,0,2026-08-17,real_engine,0,0.0,0,0,114280205,0.0,16548,0
TUM-01,B04,0,2026-08-17,real_engine,0,0.0,0,0,114280205,0.0,8786,0
MYS-01,B03,0,2026-08-17,real_engine,0,0.0,0,0,114280205,0.0,7401,0
DAV-01,B11,0,2026-08-17,real_engine,0,0.0,0,0,114280205,0.0,7505,0
DAV-01,B02,0,2026-08-17,real_engine,0,0.0,0,0,114280205,0.0,8446,0
BLR-03,M06,0,2026-08-17,real_engine,1,0.0,0,0,114280205,0.0,20129,0
DAV-01,F14,1,2026-08-17,real_engine,0,10.0,1,0,114338087,14470.5,57882,57882
BLR-04,M08,0,2026-08-17,real_engine,0,0.0,0,0,114338087,0.0,24519,0
DAV-02,M08,0,2026-08-17,real_engine,0,0.0,0,0,114338087,0.0,24519,0
HOS-01,M08,0,2026-08-17,real_engine,0,0.0,0,0,114338087,0.0,24519,0
MYS-02,F13,1,2026-08-17,real_engine,0,10.0,1,0,114398486,15099.75,60399,60399
DAV-02,F13,1,2026-08-17,real_engine,0,10.0,1,0,114458885,15099.75,60399,60399
SHI-01,F13,1,2026-08-17,real_engine,0,10.0,1,0,114519284,15099.75,60399,60399
UDU-01,F13,1,2026-08-17,real_engine,0,10.0,1,0,114579683,15099.75,60399,60399
BLR-01,M05,0,2026-08-17,real_engine,0,0.0,0,0,114579683,0.0,26834,0
BLR-07,M05,0,2026-08-17,real_engine,0,0.0,0,0,114579683,0.0,26834,0
BLR-08,M05,0,2026-08-17,real_engine,0,0.0,0,0,114579683,0.0,26834,0
MYS-02,M05,0,2026-08-17,real_engine,0,0.0,0,0,114579683,0.0,26834,0
BLR-01,B07,0,2026-08-17,real_engine,0,0.0,0,0,114579683,0.0,11285,0
BLR-02,B13,0,2026-08-17,real_engine,1,0.0,0,0,114579683,0.0,8504,0
BLR-02,M09,0,2026-08-17,real_engine,0,0.0,0,0,114579683,0.0,28135,0
BLR-04,M09,0,2026-08-17,real_engine,0,0.0,0,0,114579683,0.0,28135,0
BEL-02,M09,0,2026-08-17,real_engine,1,0.0,0,0,114579683,0.0,28135,0
KOL-01,M09,0,2026-08-17,real_engine,0,0.0,0,0,114579683,0.0,28135,0
MAN-02,B05,0,2026-08-17,real_engine,0,0.0,0,0,114579683,0.0,10127,0
KAL-01,B05,0,2026-08-17,real_engine,1,0.0,0,0,114579683,0.0,10127,0
MAN-01,B20,1,2026-08-17,real_engine,0,1.0,1,0,114588175,2123.0,8492,8492
BEL-01,M10,0,2026-08-17,real_engine,0,0.0,0,0,114588175,0.0,25610,0
SHI-01,M10,0,2026-08-17,real_engine,1,0.0,0,0,114588175,0.0,25610,0
UDU-01,B10,0,2026-08-17,real_engine,1,0.0,0,0,114588175,0.0,7060,0
BLR-01,B09,0,2026-08-17,real_engine,0,0.0,0,0,114588175,0.0,12085,0
MYS-01,B09,0,2026-08-17,real_engine,0,0.0,0,0,114588175,0.0,12085,0
HUB-01,B09,0,2026-08-17,real_engine,0,0.0,0,0,114588175,0.0,12085,0
BLR-06,F04,0,2026-08-17,real_engine,0,0.0,0,0,114588175,0.0,53816,0
TUM-02,M04,0,2026-08-17,real_engine,0,0.0,0,0,114588175,0.0,21389,0
BLR-01,B12,0,2026-08-17,real_engine,1,0.0,0,0,114588175,0.0,9430,0
BLR-08,B12,0,2026-08-17,real_engine,0,0.0,0,0,114588175,0.0,9430,0
BLR-05,B06,0,2026-08-17,real_engine,0,0.0,0,0,114588175,0.0,8055,0
TUM-02,B06,0,2026-08-17,real_engine,0,0.0,0,0,114588175,0.0,8055,0
DAV-02,B11,0,2026-08-17,real_engine,1,0.0,0,0,114588175,0.0,7505,0
BEL-01,F17,1,2026-08-17,real_engine,0,10.0,1,0,114697605,27357.5,109430,109430
UDU-01,M11,0,2026-08-17,real_engine,0,0.0,0,0,114697605,0.0,20687,0
KOL-01,M11,0,2026-08-17,real_engine,1,0.0,0,0,114697605,0.0,20687,0
HUB-01,B07,0,2026-08-17,real_engine,0,0.0,0,0,114697605,0.0,11285,0
HUB-02,B07,0,2026-08-17,real_engine,0,0.0,0,0,114697605,0.0,11285,0
DAV-02,B07,0,2026-08-17,real_engine,0,0.0,0,0,114697605,0.0,11285,0
DAV-02,M01,0,2026-08-17,real_engine,0,0.0,0,0,114697605,0.0,20460,0
BLR-07,B01,0,2026-08-17,real_engine,0,0.0,0,0,114697605,0.0,6440,0
DAV-01,B06,0,2026-08-17,real_engine,0,0.0,0,0,114697605,0.0,8055,0
BEL-01,B09,0,2026-08-17,real_engine,1,0.0,0,0,114697605,0.0,12085,0
BLR-04,F11,1,2026-08-17,real_engine,0,10.0,1,0,114764340,16683.75,66735,66735
BLR-06,F11,1,2026-08-17,real_engine,0,10.0,1,0,114831075,16683.75,66735,66735
BLR-04,M03,0,2026-08-17,real_engine,0,0.0,0,0,114831075,0.0,24373,0
BLR-08,B13,0,2026-08-17,real_engine,1,0.0,0,0,114831075,0.0,8504,0
BEL-02,M02,0,2026-08-17,real_engine,0,0.0,0,0,114831075,0.0,16548,0
BLR-02,B08,0,2026-08-17,real_engine,0,0.0,0,0,114831075,0.0,9684,0
BLR-06,M06,0,2026-08-17,real_engine,0,0.0,0,0,114831075,0.0,20129,0
MYS-02,M06,0,2026-08-17,real_engine,0,0.0,0,0,114831075,0.0,20129,0
TUM-02,M06,0,2026-08-17,real_engine,0,0.0,0,0,114831075,0.0,20129,0
BEL-01,M06,0,2026-08-17,real_engine,0,0.0,0,0,114831075,0.0,20129,0
BLR-07,B04,0,2026-08-17,real_engine,0,0.0,0,0,114831075,0.0,8786,0
BLR-05,B03,0,2026-08-17,real_engine,0,0.0,0,0,114831075,0.0,7401,0
BLR-05,B10,0,2026-08-17,real_engine,0,0.0,0,0,114831075,0.0,7060,0
KOL-01,F10,0,2026-08-17,real_engine,0,0.0,0,0,114831075,0.0,66400,0
HUB-02,B06,0,2026-08-17,real_engine,1,0.0,0,0,114831075,0.0,8055,0
BLR-08,B09,0,2026-08-17,real_engine,1,0.0,0,0,114831075,0.0,12085,0
MYS-01,B02,0,2026-08-17,real_engine,0,0.0,0,0,114831075,0.0,8446,0
MYS-02,M09,0,2026-08-17,real_engine,0,0.0,0,0,114831075,0.0,28135,0
BLR-08,B05,0,2026-08-17,real_engine,0,0.0,0,0,114831075,0.0,10127,0
MAN-02,M10,0,2026-08-17,real_engine,0,0.0,0,0,114831075,0.0,25610,0
HUB-01,M04,0,2026-08-17,real_engine,0,0.0,0,0,114831075,0.0,21389,0
BEL-01,M04,0,2026-08-17,real_engine,0,0.0,0,0,114831075,0.0,21389,0
BEL-02,M04,0,2026-08-17,real_engine,0,0.0,0,0,114831075,0.0,21389,0
MYS-02,B07,0,2026-08-17,real_engine,0,0.0,0,0,114831075,0.0,11285,0
KAL-01,B07,0,2026-08-17,real_engine,1,0.0,0,0,114831075,0.0,11285,0
KOL-01,B08,0,2026-08-17,real_engine,0,0.0,0,0,114831075,0.0,9684,0
BLR-04,B10,0,2026-08-17,real_engine,0,0.0,0,0,114831075,0.0,7060,0
HUB-01,B10,0,2026-08-17,real_engine,0,0.0,0,0,114831075,0.0,7060,0
BEL-02,B10,0,2026-08-17,real_engine,1,0.0,0,0,114831075,0.0,7060,0
SHI-01,B10,0,2026-08-17,real_engine,1,0.0,0,0,114831075,0.0,7060,0
KOL-01,B10,0,2026-08-17,real_engine,0,0.0,0,0,114831075,0.0,7060,0
BLR-03,M01,0,2026-08-17,real_engine,0,0.0,0,0,114831075,0.0,20460,0
DAV-01,M01,0,2026-08-17,real_engine,0,0.0,0,0,114831075,0.0,20460,0
HUB-01,B03,0,2026-08-17,real_engine,0,0.0,0,0,114831075,0.0,7401,0
BEL-02,B03,0,2026-08-17,real_engine,0,0.0,0,0,114831075,0.0,7401,0
MYS-02,B12,0,2026-08-17,real_engine,1,0.0,0,0,114831075,0.0,9430,0
BEL-01,M05,0,2026-08-17,real_engine,0,0.0,0,0,114831075,0.0,26834,0
BLR-04,F05,0,2026-08-17,real_engine,0,0.0,0,0,114831075,0.0,89165,0
BLR-03,F09,0,2026-08-17,real_engine,0,0.0,0,0,114831075,0.0,97367,0
BLR-04,B11,0,2026-08-17,real_engine,0,0.0,0,0,114831075,0.0,7505,0
UDU-01,B02,0,2026-08-17,real_engine,0,0.0,0,0,114831075,0.0,8446,0
TUM-02,B09,0,2026-08-17,real_engine,1,0.0,0,0,114831075,0.0,12085,0
BLR-05,M03,0,2026-08-17,real_engine,0,0.0,0,0,114831075,0.0,24373,0
HUB-01,F01,0,2026-08-17,real_engine,0,0.0,0,0,114831075,0.0,61349,0
MAN-02,M02,0,2026-08-17,real_engine,0,0.0,0,0,114831075,0.0,16548,0
BLR-05,B07,0,2026-08-17,real_engine,0,0.0,0,0,114831075,0.0,11285,0
TUM-01,B07,0,2026-08-17,real_engine,0,0.0,0,0,114831075,0.0,11285,0
MYS-02,B06,0,2026-08-17,real_engine,0,0.0,0,0,114831075,0.0,8055,0
MAN-02,B06,0,2026-08-17,real_engine,0,0.0,0,0,114831075,0.0,8055,0
BLR-02,M13,0,2026-08-17,real_engine,1,0.0,0,0,114831075,0.0,25696,0
DAV-01,M13,0,2026-08-17,real_engine,1,0.0,0,0,114831075,0.0,25696,0
BLR-02,B01,0,2026-08-17,real_engine,0,0.0,0,0,114831075,0.0,6440,0
MYS-01,B01,0,2026-08-17,real_engine,0,0.0,0,0,114831075,0.0,6440,0
TUM-02,B01,0,2026-08-17,real_engine,0,0.0,0,0,114831075,0.0,6440,0
SHI-01,B01,0,2026-08-17,real_engine,0,0.0,0,0,114831075,0.0,6440,0
BLR-02,B05,0,2026-08-17,real_engine,0,0.0,0,0,114831075,0.0,10127,0
SHI-01,B05,0,2026-08-17,real_engine,0,0.0,0,0,114831075,0.0,10127,0
BLR-07,M06,0,2026-08-17,real_engine,0,0.0,0,0,114831075,0.0,20129,0
MYS-01,M06,0,2026-08-17,real_engine,0,0.0,0,0,114831075,0.0,20129,0
BLR-08,M08,0,2026-08-17,real_engine,0,0.0,0,0,114831075,0.0,24519,0
HUB-01,M08,0,2026-08-17,real_engine,1,0.0,0,0,114831075,0.0,24519,0
UDU-01,M08,0,2026-08-17,real_engine,0,0.0,0,0,114831075,0.0,24519,0
DAV-02,F15,1,2026-08-17,real_engine,0,10.0,1,0,114923086,23002.75,92011,92011
BEL-01,F15,1,2026-08-17,real_engine,0,10.0,1,0,115015097,23002.75,92011,92011
MAN-02,F15,1,2026-08-17,real_engine,0,10.0,1,0,115107108,23002.75,92011,92011
DAV-02,B08,0,2026-08-17,real_engine,0,0.0,0,0,115107108,0.0,9684,0
BEL-01,B08,0,2026-08-17,real_engine,1,0.0,0,0,115107108,0.0,9684,0
MAN-01,B08,0,2026-08-17,real_engine,0,0.0,0,0,115107108,0.0,9684,0
BEL-02,F02,0,2026-08-17,real_engine,0,0.0,0,0,115107108,0.0,66229,0
HUB-02,B04,0,2026-08-17,real_engine,1,0.0,0,0,115107108,0.0,8786,0
MAN-01,B04,0,2026-08-17,real_engine,0,0.0,0,0,115107108,0.0,8786,0
TUM-02,B03,0,2026-08-17,real_engine,0,0.0,0,0,115107108,0.0,7401,0
BLR-02,F07,0,2026-08-17,real_engine,0,0.0,0,0,115107108,0.0,99781,0
BLR-08,B11,0,2026-08-17,real_engine,0,0.0,0,0,115107108,0.0,7505,0
BLR-04,B02,0,2026-08-17,real_engine,0,0.0,0,0,115107108,0.0,8446,0
BLR-06,B02,0,2026-08-17,real_engine,0,0.0,0,0,115107108,0.0,8446,0
DAV-02,B02,0,2026-08-17,real_engine,0,0.0,0,0,115107108,0.0,8446,0
HOS-01,B02,0,2026-08-17,real_engine,1,0.0,0,0,115107108,0.0,8446,0
TUM-01,M07,0,2026-08-17,real_engine,0,0.0,0,0,115107108,0.0,23908,0
BEL-01,M07,0,2026-08-17,real_engine,0,0.0,0,0,115107108,0.0,23908,0
BLR-06,B06,0,2026-08-17,real_engine,0,0.0,0,0,115107108,0.0,8055,0
KOL-01,B06,0,2026-08-17,real_engine,0,0.0,0,0,115107108,0.0,8055,0
KAL-01,B09,0,2026-08-17,real_engine,0,0.0,0,0,115107108,0.0,12085,0
BLR-04,B12,0,2026-08-17,real_engine,1,0.0,0,0,115107108,0.0,9430,0
UDU-01,B12,0,2026-08-17,real_engine,1,0.0,0,0,115107108,0.0,9430,0
MAN-02,F14,1,2026-08-17,real_engine,0,10.0,1,0,115164990,14470.5,57882,57882
HOS-01,F13,1,2026-08-17,real_engine,0,10.0,1,0,115225389,15099.75,60399,60399
BLR-02,M05,0,2026-08-17,real_engine,0,0.0,0,0,115225389,0.0,26834,0
BLR-05,M05,0,2026-08-17,real_engine,0,0.0,0,0,115225389,0.0,26834,0
BEL-02,B01,0,2026-08-17,real_engine,1,0.0,0,0,115225389,0.0,6440,0
DAV-02,M09,0,2026-08-17,real_engine,0,0.0,0,0,115225389,0.0,28135,0
SHI-01,M09,0,2026-08-17,real_engine,1,0.0,0,0,115225389,0.0,28135,0
BLR-06,B05,0,2026-08-17,real_engine,1,0.0,0,0,115225389,0.0,10127,0
BEL-01,B05,0,2026-08-17,real_engine,1,0.0,0,0,115225389,0.0,10127,0
BLR-06,M04,0,2026-08-17,real_engine,0,0.0,0,0,115225389,0.0,21389,0
BLR-03,B06,0,2026-08-17,real_engine,0,0.0,0,0,115225389,0.0,8055,0
MAN-01,B06,0,2026-08-17,real_engine,0,0.0,0,0,115225389,0.0,8055,0
KAL-01,B06,0,2026-08-17,real_engine,0,0.0,0,0,115225389,0.0,8055,0
UDU-01,B06,0,2026-08-17,real_engine,0,0.0,0,0,115225389,0.0,8055,0
SHI-01,B04,0,2026-08-17,real_engine,0,0.0,0,0,115225389,0.0,8786,0
HOS-01,B03,0,2026-08-17,real_engine,0,0.0,0,0,115225389,0.0,7401,0
MYS-02,M11,0,2026-08-17,real_engine,0,0.0,0,0,115225389,0.0,20687,0
TUM-02,B07,0,2026-08-17,real_engine,1,0.0,0,0,115225389,0.0,11285,0
BLR-02,B10,0,2026-08-17,real_engine,1,0.0,0,0,115225389,0.0,7060,0
BLR-07,B09,0,2026-08-17,real_engine,1,0.0,0,0,115225389,0.0,12085,0
MYS-02,B09,0,2026-08-17,real_engine,1,0.0,0,0,115225389,0.0,12085,0
TUM-02,B12,0,2026-08-17,real_engine,1,0.0,0,0,115225389,0.0,9430,0
BLR-03,M02,0,2026-08-17,real_engine,0,0.0,0,0,115225389,0.0,16548,0
DAV-01,M02,0,2026-08-17,real_engine,0,0.0,0,0,115225389,0.0,16548,0
MAN-01,M02,0,2026-08-17,real_engine,0,0.0,0,0,115225389,0.0,16548,0
KAL-01,M06,0,2026-08-17,real_engine,0,0.0,0,0,115225389,0.0,20129,0
MYS-02,M08,0,2026-08-17,real_engine,0,0.0,0,0,115225389,0.0,24519,0
TUM-02,M08,0,2026-08-17,real_engine,0,0.0,0,0,115225389,0.0,24519,0
KAL-01,M08,0,2026-08-17,real_engine,0,0.0,0,0,115225389,0.0,24519,0
BLR-03,F08,0,2026-08-17,real_engine,0,0.0,0,0,115225389,0.0,78119,0
KOL-01,B11,0,2026-08-17,real_engine,0,0.0,0,0,115225389,0.0,7505,0
BLR-05,B02,0,2026-08-17,real_engine,0,0.0,0,0,115225389,0.0,8446,0
BEL-01,B02,0,2026-08-17,real_engine,0,0.0,0,0,115225389,0.0,8446,0
TUM-01,B01,0,2026-08-17,real_engine,0,0.0,0,0,115225389,0.0,6440,0
BLR-03,M07,0,2026-08-17,real_engine,0,0.0,0,0,115225389,0.0,23908,0
BLR-07,M07,0,2026-08-17,real_engine,0,0.0,0,0,115225389,0.0,23908,0
KAL-01,M07,0,2026-08-17,real_engine,0,0.0,0,0,115225389,0.0,23908,0
BEL-01,B07,0,2026-08-17,real_engine,0,0.0,0,0,115225389,0.0,11285,0
MAN-02,B08,0,2026-08-17,real_engine,1,0.0,0,0,115225389,0.0,9684,0
MYS-01,M01,0,2026-08-17,real_engine,0,0.0,0,0,115225389,0.0,20460,0
DAV-02,B04,0,2026-08-17,real_engine,1,0.0,0,0,115225389,0.0,8786,0
KOL-01,B04,0,2026-08-17,real_engine,1,0.0,0,0,115225389,0.0,8786,0
BLR-04,M05,0,2026-08-17,real_engine,0,0.0,0,0,115225389,0.0,26834,0
BLR-06,M05,0,2026-08-17,real_engine,0,0.0,0,0,115225389,0.0,26834,0
BEL-02,M05,0,2026-08-17,real_engine,0,0.0,0,0,115225389,0.0,26834,0
BLR-05,F09,0,2026-08-17,real_engine,0,0.0,0,0,115225389,0.0,97367,0
TUM-01,B09,0,2026-08-17,real_engine,0,0.0,0,0,115225389,0.0,12085,0
MAN-01,F04,0,2026-08-17,real_engine,0,0.0,0,0,115225389,0.0,53816,0
BLR-03,F06,0,2026-08-17,real_engine,0,0.0,0,0,115225389,0.0,53059,0
HUB-01,F06,0,2026-08-17,real_engine,0,0.0,0,0,115225389,0.0,53059,0
DAV-01,F06,0,2026-08-17,real_engine,0,0.0,0,0,115225389,0.0,53059,0
DAV-02,F06,0,2026-08-17,real_engine,0,0.0,0,0,115225389,0.0,53059,0
BLR-08,B06,0,2026-08-17,real_engine,1,0.0,0,0,115225389,0.0,8055,0
DAV-02,B06,0,2026-08-17,real_engine,0,0.0,0,0,115225389,0.0,8055,0
BEL-01,B06,0,2026-08-17,real_engine,0,0.0,0,0,115225389,0.0,8055,0
SHI-01,B06,0,2026-08-17,real_engine,0,0.0,0,0,115225389,0.0,8055,0
HOS-01,B06,0,2026-08-17,real_engine,1,0.0,0,0,115225389,0.0,8055,0
BLR-04,F02,0,2026-08-17,real_engine,0,0.0,0,0,115225389,0.0,66229,0
DAV-01,F11,1,2026-08-17,real_engine,0,1.0,1,0,115292124,16683.75,66735,66735
BLR-01,B13,0,2026-08-17,real_engine,0,0.0,0,0,115292124,0.0,8504,0
BLR-01,B02,0,2026-08-17,real_engine,0,0.0,0,0,115292124,0.0,8446,0
BLR-07,B02,0,2026-08-17,real_engine,0,0.0,0,0,115292124,0.0,8446,0
BEL-02,B07,0,2026-08-17,real_engine,0,0.0,0,0,115292124,0.0,11285,0
MAN-02,B07,0,2026-08-17,real_engine,1,0.0,0,0,115292124,0.0,11285,0
BLR-07,B10,0,2026-08-17,real_engine,0,0.0,0,0,115292124,0.0,7060,0
HUB-01,B01,0,2026-08-17,real_engine,0,0.0,0,0,115292124,0.0,6440,0
BLR-06,M09,0,2026-08-17,real_engine,0,0.0,0,0,115292124,0.0,28135,0
MAN-01,B05,0,2026-08-17,real_engine,0,0.0,0,0,115292124,0.0,10127,0
BLR-05,B08,0,2026-08-17,real_engine,0,0.0,0,0,115292124,0.0,9684,0
HUB-01,B08,0,2026-08-17,real_engine,0,0.0,0,0,115292124,0.0,9684,0
BEL-02,B08,0,2026-08-17,real_engine,0,0.0,0,0,115292124,0.0,9684,0
BLR-01,B06,0,2026-08-17,real_engine,0,0.0,0,0,115292124,0.0,8055,0
TUM-01,B06,0,2026-08-17,real_engine,0,0.0,0,0,115292124,0.0,8055,0
BEL-02,B06,0,2026-08-17,real_engine,0,0.0,0,0,115292124,0.0,8055,0
TUM-01,B03,0,2026-08-17,real_engine,0,0.0,0,0,115292124,0.0,7401,0
BLR-02,M06,0,2026-08-17,real_engine,0,0.0,0,0,115292124,0.0,20129,0
HUB-02,M06,0,2026-08-17,real_engine,0,0.0,0,0,115292124,0.0,20129,0
DAV-02,M06,0,2026-08-17,real_engine,0,0.0,0,0,115292124,0.0,20129,0
MAN-02,M06,0,2026-08-17,real_engine,0,0.0,0,0,115292124,0.0,20129,0
HOS-01,M06,0,2026-08-17,real_engine,0,0.0,0,0,115292124,0.0,20129,0
KOL-01,M08,0,2026-08-17,real_engine,0,0.0,0,0,115292124,0.0,24519,0
BLR-02,B02,0,2026-08-17,real_engine,0,0.0,0,0,115292124,0.0,8446,0
HUB-02,B02,0,2026-08-17,real_engine,0,0.0,0,0,115292124,0.0,8446,0
TUM-02,B02,0,2026-08-17,real_engine,0,0.0,0,0,115292124,0.0,8446,0
MAN-02,B02,0,2026-08-17,real_engine,0,0.0,0,0,115292124,0.0,8446,0
BLR-05,M07,0,2026-08-17,real_engine,0,0.0,0,0,115292124,0.0,23908,0
BLR-03,B07,0,2026-08-17,real_engine,0,0.0,0,0,115292124,0.0,11285,0
BLR-07,M01,0,2026-08-17,real_engine,0,0.0,0,0,115292124,0.0,20460,0
DAV-01,B01,0,2026-08-17,real_engine,0,0.0,0,0,115292124,0.0,6440,0
MYS-02,B05,0,2026-08-17,real_engine,0,0.0,0,0,115292124,0.0,10127,0
BLR-08,B04,0,2026-08-17,real_engine,0,0.0,0,0,115292124,0.0,8786,0
BLR-04,B09,0,2026-08-17,real_engine,1,0.0,0,0,115292124,0.0,12085,0
BLR-08,B02,0,2026-08-17,real_engine,0,0.0,0,0,115292124,0.0,8446,0
TUM-01,B02,0,2026-08-17,real_engine,1,0.0,0,0,115292124,0.0,8446,0
KOL-01,B02,0,2026-08-17,real_engine,0,0.0,0,0,115292124,0.0,8446,0
KAL-01,B10,0,2026-08-17,real_engine,0,0.0,0,0,115292124,0.0,7060,0
