store_id,store_name,model_id,model_name,price_tier,successor_launch_status,units_at_risk,risk_triggers,recent_two_week_sales,prior_six_week_avg_sales,capital_at_risk,markdown_pct,markdown_cost,weeks_until_forced_action,probability_unsold_at_deadline,transfer_target,transfer_cost,hold_opportunity_cost,hold_markdown_risk_cost,hold_total_cost,recommended_action,recommended_cost,reasoning
BLR-04,MobiMart Whitefield,F15,Pixel 10 Pro,flagship,confirmed,2,past peak with declining store trend,1.5,2.6666666666666665,184022,0.19999999999999998,36804.399999999994,2.0,0.8400000000000001,,,1273.9984615384615,54102.468,55376.46646153846,MARKDOWN,36804.399999999994,"MobiMart Whitefield, Pixel 10 Pro, 2 units at risk (past peak with declining store trend; no successor within four weeks):
- Markdown (20%): Rs 36,804 margin lost
- Transfer: unavailable; No better-fit store is available without creating another at-risk position.
- Hold: Rs 1,274 opportunity cost + Rs 54,102 markdown risk = Rs 55,376
RECOMMENDED: MARKDOWN at Rs 36,804"
MAN-01,MobiMart Court Road,F15,Pixel 10 Pro,flagship,confirmed,1,past peak with declining store trend; last two weeks below 40% of prior six-week average,0.0,1.1666666666666667,92011,0.27,24842.97,6.0,0.2,BLR-03,705.5011506849315,1910.9976923076922,6440.77,8351.767692307692,TRANSFER,705.5011506849315,"MobiMart Court Road, Pixel 10 Pro, 1 units at risk (past peak with declining store trend; last two weeks below 40% of prior six-week average; no successor within four weeks):
- Markdown (27%): Rs 24,843 margin lost
- Transfer: Rs 706; Transfer target MobiMart Indiranagar at Rs 524/unit plus 4-day holding cost.
- Hold: Rs 1,911 opportunity cost + Rs 6,441 markdown risk = Rs 8,352
RECOMMENDED: TRANSFER at Rs 706"
BLR-04,MobiMart Whitefield,F12,iPhone 17 Pro,flagship,confirmed,1,past peak with declining store trend; last two weeks below 40% of prior six-week average,0.0,1.0,98296,0.28500000000000003,28014.360000000004,6.0,0.2,,,2041.5323076923073,6880.72,8922.252307692308,HOLD,8922.252307692308,"MobiMart Whitefield, iPhone 17 Pro, 1 units at risk (past peak with declining store trend; last two weeks below 40% of prior six-week average; no successor within four weeks):
- Markdown (29%): Rs 28,014 margin lost
- Transfer: unavailable; No better-fit store is available without creating another at-risk position.
- Hold: Rs 2,042 opportunity cost + Rs 6,881 markdown risk = Rs 8,922
RECOMMENDED: HOLD at Rs 8,922"
BLR-01,MobiMart Jayanagar,F15,Pixel 10 Pro,flagship,confirmed,1,past peak with declining store trend,1.0,1.1666666666666667,92011,0.19999999999999998,18402.199999999997,1.0,0.98,,,318.49961538461537,31559.772999999997,31878.272615384612,MARKDOWN,18402.199999999997,"MobiMart Jayanagar, Pixel 10 Pro, 1 units at risk (past peak with declining store trend; no successor within four weeks):
- Markdown (20%): Rs 18,402 margin lost
- Transfer: unavailable; No better-fit store is available without creating another at-risk position.
- Hold: Rs 318 opportunity cost + Rs 31,560 markdown risk = Rs 31,878
RECOMMENDED: MARKDOWN at Rs 18,402"
BLR-02,MobiMart Koramangala,F15,Pixel 10 Pro,flagship,confirmed,2,past peak with declining store trend,1.5,2.0,184022,0.19999999999999998,36804.399999999994,2.0,0.8400000000000001,,,1273.9984615384615,54102.468,55376.46646153846,MARKDOWN,36804.399999999994,"MobiMart Koramangala, Pixel 10 Pro, 2 units at risk (past peak with declining store trend; no successor within four weeks):
- Markdown (20%): Rs 36,804 margin lost
- Transfer: unavailable; No better-fit store is available without creating another at-risk position.
- Hold: Rs 1,274 opportunity cost + Rs 54,102 markdown risk = Rs 55,376
RECOMMENDED: MARKDOWN at Rs 36,804"
BLR-04,MobiMart Whitefield,F13,OnePlus 14,flagship,confirmed,1,past peak with declining store trend,1.0,1.5,60399,0.28125,16987.21875,1.0,0.98,,,209.07346153846154,20716.856999999996,20925.930461538457,MARKDOWN,16987.21875,"MobiMart Whitefield, OnePlus 14, 1 units at risk (past peak with declining store trend; no successor within four weeks):
- Markdown (28%): Rs 16,987 margin lost
- Transfer: unavailable; No better-fit store is available without creating another at-risk position.
- Hold: Rs 209 opportunity cost + Rs 20,717 markdown risk = Rs 20,926
RECOMMENDED: MARKDOWN at Rs 16,987"
BLR-02,MobiMart Koramangala,F12,iPhone 17 Pro,flagship,confirmed,1,past peak with declining store trend,0.5,0.8333333333333334,98296,0.28500000000000003,28014.360000000004,2.0,0.8400000000000001,,,680.5107692307691,28899.024,29579.53476923077,MARKDOWN,28014.360000000004,"MobiMart Koramangala, iPhone 17 Pro, 1 units at risk (past peak with declining store trend; no successor within four weeks):
- Markdown (29%): Rs 28,014 margin lost
- Transfer: unavailable; No better-fit store is available without creating another at-risk position.
- Hold: Rs 681 opportunity cost + Rs 28,899 markdown risk = Rs 29,580
RECOMMENDED: MARKDOWN at Rs 28,014"
MYS-01,MobiMart Devaraja Mohalla,M15,Vivo V51e,mid,confirmed,1,past peak with declining store trend,1.0,1.8333333333333333,26653,0.19999999999999998,5330.599999999999,1.0,0.98,,,92.26038461538461,9141.979,9234.239384615385,MARKDOWN,5330.599999999999,"MobiMart Devaraja Mohalla, Vivo V51e, 1 units at risk (past peak with declining store trend; no successor within four weeks):
- Markdown (20%): Rs 5,331 margin lost
- Transfer: unavailable; No better-fit store is available without creating another at-risk position.
- Hold: Rs 92 opportunity cost + Rs 9,142 markdown risk = Rs 9,234
RECOMMENDED: MARKDOWN at Rs 5,331"
BLR-04,MobiMart Whitefield,F16,Xiaomi 16,flagship,confirmed,1,past peak with declining store trend,0.5,0.8333333333333334,54216,0.16874999999999998,9148.949999999999,2.0,0.8400000000000001,,,375.34153846153845,15939.504,16314.845538461539,MARKDOWN,9148.949999999999,"MobiMart Whitefield, Xiaomi 16, 1 units at risk (past peak with declining store trend; no successor within four weeks):
- Markdown (17%): Rs 9,149 margin lost
- Transfer: unavailable; No better-fit store is available without creating another at-risk position.
- Hold: Rs 375 opportunity cost + Rs 15,940 markdown risk = Rs 16,315
RECOMMENDED: MARKDOWN at Rs 9,149"
MAN-01,MobiMart Court Road,F14,Vivo X210,flagship,confirmed,1,past peak with declining store trend,0.5,0.6666666666666666,57882,0.24375,14108.7375,2.0,0.8400000000000001,BLR-04,912.1781917808219,400.72153846153844,17017.308,17418.02953846154,TRANSFER,912.1781917808219,"MobiMart Court Road, Vivo X210, 1 units at risk (past peak with declining store trend; no successor within four weeks):
- Markdown (24%): Rs 14,109 margin lost
- Transfer: Rs 912; Transfer target MobiMart Whitefield at Rs 798/unit plus 4-day holding cost.
- Hold: Rs 401 opportunity cost + Rs 17,017 markdown risk = Rs 17,418
RECOMMENDED: TRANSFER at Rs 912"
BLR-08,MobiMart Electronic City,F15,Pixel 10 Pro,flagship,confirmed,1,past peak with declining store trend; last two weeks below 40% of prior six-week average,0.0,1.1666666666666667,92011,0.27,24842.97,6.0,0.2,BLR-03,978.5011506849315,1910.9976923076922,6440.77,8351.767692307692,TRANSFER,978.5011506849315,"MobiMart Electronic City, Pixel 10 Pro, 1 units at risk (past peak with declining store trend; last two weeks below 40% of prior six-week average; no successor within four weeks):
- Markdown (27%): Rs 24,843 margin lost
- Transfer: Rs 979; Transfer target MobiMart Indiranagar at Rs 797/unit plus 4-day holding cost.
- Hold: Rs 1,911 opportunity cost + Rs 6,441 markdown risk = Rs 8,352
RECOMMENDED: TRANSFER at Rs 979"
BEL-01,MobiMart Cantonment,M12,Redmi Note 15,mid,confirmed,1,past peak with declining store trend; last two weeks below 40% of prior six-week average,0.5,1.8333333333333333,17217,0.275,4734.675,2.0,0.8400000000000001,MAN-01,524.962301369863,119.19461538461539,5061.798000000001,5180.992615384616,TRANSFER,524.962301369863,"MobiMart Cantonment, Redmi Note 15, 1 units at risk (past peak with declining store trend; last two weeks below 40% of prior six-week average; no successor within four weeks):
- Markdown (28%): Rs 4,735 margin lost
- Transfer: Rs 525; Transfer target MobiMart Court Road at Rs 491/unit plus 4-day holding cost.
- Hold: Rs 119 opportunity cost + Rs 5,062 markdown risk = Rs 5,181
RECOMMENDED: TRANSFER at Rs 525"
MAN-01,MobiMart Court Road,M15,Vivo V51e,mid,confirmed,3,past peak with declining store trend; last two weeks below 40% of prior six-week average,1.5,4.666666666666667,79959,0.27,21588.93,2.0,0.8400000000000001,,,553.5623076923076,23507.946,24061.508307692307,MARKDOWN,21588.93,"MobiMart Court Road, Vivo V51e, 3 units at risk (past peak with declining store trend; last two weeks below 40% of prior six-week average; no successor within four weeks):
- Markdown (27%): Rs 21,589 margin lost
- Transfer: unavailable; No better-fit store is available without creating another at-risk position.
- Hold: Rs 554 opportunity cost + Rs 23,508 markdown risk = Rs 24,062
RECOMMENDED: MARKDOWN at Rs 21,589"
MAN-01,MobiMart Court Road,M04,OnePlus Nord CE5,mid,confirmed,1,past expected lifecycle,0.0,0.0,21389,0.28500000000000003,6095.865000000001,6.0,0.2,,,444.2330769230769,1497.23,1941.4630769230769,HOLD,1941.4630769230769,"MobiMart Court Road, OnePlus Nord CE5, 1 units at risk (past expected lifecycle; no successor within four weeks):
- Markdown (29%): Rs 6,096 margin lost
- Transfer: unavailable; No better-fit store is available without creating another at-risk position.
- Hold: Rs 444 opportunity cost + Rs 1,497 markdown risk = Rs 1,941
RECOMMENDED: HOLD at Rs 1,941"
BLR-03,MobiMart Indiranagar,M16,Motorola Edge 70 Fusion,mid,confirmed,4,past peak with declining store trend,3.5,4.166666666666667,82720,0.16363636363636364,13536.0,2.0,0.8400000000000001,BLR-08,3271.173698630137,572.676923076923,24319.68,24892.356923076924,TRANSFER,3271.173698630137,"MobiMart Indiranagar, Motorola Edge 70 Fusion, 4 units at risk (past peak with declining store trend; no successor within four weeks):
- Markdown (16%): Rs 13,536 margin lost
- Transfer: Rs 3,271; Transfer target MobiMart Electronic City at Rs 777/unit plus 4-day holding cost.
- Hold: Rs 573 opportunity cost + Rs 24,320 markdown risk = Rs 24,892
RECOMMENDED: TRANSFER at Rs 3,271"
TUM-01,MobiMart MG Road,M12,Redmi Note 15,mid,confirmed,1,past peak with declining store trend,1.0,1.5,17217,0.275,4734.675,1.0,0.98,MAN-01,747.962301369863,59.597307692307695,5905.431,5965.028307692307,TRANSFER,747.962301369863,"MobiMart MG Road, Redmi Note 15, 1 units at risk (past peak with declining store trend; no successor within four weeks):
- Markdown (28%): Rs 4,735 margin lost
- Transfer: Rs 748; Transfer target MobiMart Court Road at Rs 714/unit plus 4-day holding cost.
- Hold: Rs 60 opportunity cost + Rs 5,905 markdown risk = Rs 5,965
RECOMMENDED: TRANSFER at Rs 748"
BLR-03,MobiMart Indiranagar,M15,Vivo V51e,mid,confirmed,3,past peak with declining store trend,2.5,3.3333333333333335,79959,0.19999999999999998,15991.8,2.0,0.8400000000000001,,,553.5623076923076,23507.946,24061.508307692307,MARKDOWN,15991.8,"MobiMart Indiranagar, Vivo V51e, 3 units at risk (past peak with declining store trend; no successor within four weeks):
- Markdown (20%): Rs 15,992 margin lost
- Transfer: unavailable; No better-fit store is available without creating another at-risk position.
- Hold: Rs 554 opportunity cost + Rs 23,508 markdown risk = Rs 24,062
RECOMMENDED: MARKDOWN at Rs 15,992"
BLR-03,MobiMart Indiranagar,F12,iPhone 17 Pro,flagship,confirmed,1,past peak with declining store trend,0.5,0.6666666666666666,98296,0.28500000000000003,28014.360000000004,2.0,0.8400000000000001,,,680.5107692307691,28899.024,29579.53476923077,MARKDOWN,28014.360000000004,"MobiMart Indiranagar, iPhone 17 Pro, 1 units at risk (past peak with declining store trend; no successor within four weeks):
- Markdown (29%): Rs 28,014 margin lost
- Transfer: unavailable; No better-fit store is available without creating another at-risk position.
- Hold: Rs 681 opportunity cost + Rs 28,899 markdown risk = Rs 29,580
RECOMMENDED: MARKDOWN at Rs 28,014"
BLR-08,MobiMart Electronic City,M04,OnePlus Nord CE5,mid,confirmed,1,past expected lifecycle,0.0,0.0,21389,0.28500000000000003,6095.865000000001,6.0,0.2,,,444.2330769230769,1497.23,1941.4630769230769,HOLD,1941.4630769230769,"MobiMart Electronic City, OnePlus Nord CE5, 1 units at risk (past expected lifecycle; no successor within four weeks):
- Markdown (29%): Rs 6,096 margin lost
- Transfer: unavailable; No better-fit store is available without creating another at-risk position.
- Hold: Rs 444 opportunity cost + Rs 1,497 markdown risk = Rs 1,941
RECOMMENDED: HOLD at Rs 1,941"
BLR-02,MobiMart Koramangala,M15,Vivo V51e,mid,confirmed,2,past peak with declining store trend; last two weeks below 40% of prior six-week average,1.0,3.0,53306,0.27,14392.62,2.0,0.8400000000000001,,,369.04153846153844,15671.964,16041.005538461539,MARKDOWN,14392.62,"MobiMart Koramangala, Vivo V51e, 2 units at risk (past peak with declining store trend; last two weeks below 40% of prior six-week average; no successor within four weeks):
- Markdown (27%): Rs 14,393 margin lost
- Transfer: unavailable; No better-fit store is available without creating another at-risk position.
- Hold: Rs 369 opportunity cost + Rs 15,672 markdown risk = Rs 16,041
RECOMMENDED: MARKDOWN at Rs 14,393"
BLR-01,MobiMart Jayanagar,F11,Samsung Galaxy S26,flagship,confirmed,1,past expected lifecycle,1.0,1.0,66735,0.28500000000000003,19019.475000000002,1.0,0.98,,,231.0057692307692,22890.105,23121.11076923077,MARKDOWN,19019.475000000002,"MobiMart Jayanagar, Samsung Galaxy S26, 1 units at risk (past expected lifecycle; no successor within four weeks):
- Markdown (29%): Rs 19,019 margin lost
- Transfer: unavailable; No better-fit store is available without creating another at-risk position.
- Hold: Rs 231 opportunity cost + Rs 22,890 markdown risk = Rs 23,121
RECOMMENDED: MARKDOWN at Rs 19,019"
BLR-05,MobiMart Malleshwaram,M14,OnePlus Nord CE6,mid,confirmed,1,past peak with declining store trend; last two weeks below 40% of prior six-week average,0.5,1.5,22726,0.27,6136.02,2.0,0.8400000000000001,BLR-04,664.8293698630137,157.33384615384614,6681.444,6838.777846153846,TRANSFER,664.8293698630137,"MobiMart Malleshwaram, OnePlus Nord CE6, 1 units at risk (past peak with declining store trend; last two weeks below 40% of prior six-week average; no successor within four weeks):
- Markdown (27%): Rs 6,136 margin lost
- Transfer: Rs 665; Transfer target MobiMart Whitefield at Rs 620/unit plus 4-day holding cost.
- Hold: Rs 157 opportunity cost + Rs 6,681 markdown risk = Rs 6,839
RECOMMENDED: TRANSFER at Rs 665"
BLR-04,MobiMart Whitefield,M15,Vivo V51e,mid,confirmed,3,past peak with declining store trend,1.5,3.3333333333333335,79959,0.19999999999999998,15991.8,2.0,0.8400000000000001,,,553.5623076923076,23507.946,24061.508307692307,MARKDOWN,15991.8,"MobiMart Whitefield, Vivo V51e, 3 units at risk (past peak with declining store trend; no successor within four weeks):
- Markdown (20%): Rs 15,992 margin lost
- Transfer: unavailable; No better-fit store is available without creating another at-risk position.
- Hold: Rs 554 opportunity cost + Rs 23,508 markdown risk = Rs 24,062
RECOMMENDED: MARKDOWN at Rs 15,992"
BLR-08,MobiMart Electronic City,M15,Vivo V51e,mid,confirmed,3,past peak with declining store trend,3.0,3.1666666666666665,79959,0.19999999999999998,15991.8,1.0,0.98,,,276.7811538461538,27425.936999999998,27702.718153846152,MARKDOWN,15991.8,"MobiMart Electronic City, Vivo V51e, 3 units at risk (past peak with declining store trend; no successor within four weeks):
- Markdown (20%): Rs 15,992 margin lost
- Transfer: unavailable; No better-fit store is available without creating another at-risk position.
- Hold: Rs 277 opportunity cost + Rs 27,426 markdown risk = Rs 27,703
RECOMMENDED: MARKDOWN at Rs 15,992"
MAN-01,MobiMart Court Road,M03,Realme 14 Pro,mid,confirmed,1,past peak with declining store trend; last two weeks below 40% of prior six-week average; past expected lifecycle,0.0,0.16666666666666666,24373,0.3,7311.9,6.0,0.2,,,506.2084615384615,1706.11,2212.3184615384616,HOLD,2212.3184615384616,"MobiMart Court Road, Realme 14 Pro, 1 units at risk (past peak with declining store trend; last two weeks below 40% of prior six-week average; past expected lifecycle; no successor within four weeks):
- Markdown (30%): Rs 7,312 margin lost
- Transfer: unavailable; No better-fit store is available without creating another at-risk position.
- Hold: Rs 506 opportunity cost + Rs 1,706 markdown risk = Rs 2,212
RECOMMENDED: HOLD at Rs 2,212"
BLR-02,MobiMart Koramangala,M14,OnePlus Nord CE6,mid,confirmed,2,past peak with declining store trend,2.0,2.3333333333333335,45452,0.22857142857142856,10389.028571428571,1.0,0.98,,,157.33384615384614,15590.035999999998,15747.369846153844,MARKDOWN,10389.028571428571,"MobiMart Koramangala, OnePlus Nord CE6, 2 units at risk (past peak with declining store trend; no successor within four weeks):
- Markdown (23%): Rs 10,389 margin lost
- Transfer: unavailable; No better-fit store is available without creating another at-risk position.
- Hold: Rs 157 opportunity cost + Rs 15,590 markdown risk = Rs 15,747
RECOMMENDED: MARKDOWN at Rs 10,389"
DAV-01,MobiMart PJ Extension,M14,OnePlus Nord CE6,mid,confirmed,1,past peak with declining store trend,1.0,1.1666666666666667,22726,0.22857142857142856,5194.5142857142855,1.0,0.98,BLR-04,763.8293698630137,78.66692307692307,7795.017999999999,7873.684923076922,TRANSFER,763.8293698630137,"MobiMart PJ Extension, OnePlus Nord CE6, 1 units at risk (past peak with declining store trend; no successor within four weeks):
- Markdown (23%): Rs 5,195 margin lost
- Transfer: Rs 764; Transfer target MobiMart Whitefield at Rs 719/unit plus 4-day holding cost.
- Hold: Rs 79 opportunity cost + Rs 7,795 markdown risk = Rs 7,874
RECOMMENDED: TRANSFER at Rs 764"
BEL-02,MobiMart Tilakwadi,M14,OnePlus Nord CE6,mid,confirmed,1,past peak with declining store trend,1.0,1.3333333333333333,22726,0.22857142857142856,5194.5142857142855,1.0,0.98,BLR-04,727.8293698630137,78.66692307692307,7795.017999999999,7873.684923076922,TRANSFER,727.8293698630137,"MobiMart Tilakwadi, OnePlus Nord CE6, 1 units at risk (past peak with declining store trend; no successor within four weeks):
- Markdown (23%): Rs 5,195 margin lost
- Transfer: Rs 728; Transfer target MobiMart Whitefield at Rs 683/unit plus 4-day holding cost.
- Hold: Rs 79 opportunity cost + Rs 7,795 markdown risk = Rs 7,874
RECOMMENDED: TRANSFER at Rs 728"
BLR-01,MobiMart Jayanagar,M15,Vivo V51e,mid,confirmed,2,past peak with declining store trend; last two weeks below 40% of prior six-week average,0.5,2.3333333333333335,53306,0.27,14392.62,4.0,0.52,,,738.0830769230769,9701.692,10439.775076923075,HOLD,10439.775076923075,"MobiMart Jayanagar, Vivo V51e, 2 units at risk (past peak with declining store trend; last two weeks below 40% of prior six-week average; no successor within four weeks):
- Markdown (27%): Rs 14,393 margin lost
- Transfer: unavailable; No better-fit store is available without creating another at-risk position.
- Hold: Rs 738 opportunity cost + Rs 9,702 markdown risk = Rs 10,440
RECOMMENDED: HOLD at Rs 10,440"
BLR-08,MobiMart Electronic City,M14,OnePlus Nord CE6,mid,confirmed,2,past peak with declining store trend,1.5,3.0,45452,0.22857142857142856,10389.028571428571,2.0,0.8400000000000001,,,314.6676923076923,13362.888,13677.555692307693,MARKDOWN,10389.028571428571,"MobiMart Electronic City, OnePlus Nord CE6, 2 units at risk (past peak with declining store trend; no successor within four weeks):
- Markdown (23%): Rs 10,389 margin lost
- Transfer: unavailable; No better-fit store is available without creating another at-risk position.
- Hold: Rs 315 opportunity cost + Rs 13,363 markdown risk = Rs 13,678
RECOMMENDED: MARKDOWN at Rs 10,389"
BLR-08,MobiMart Electronic City,M02,Redmi Note 14,mid,confirmed,1,past expected lifecycle,0.0,0.0,16548,0.28500000000000003,4716.18,6.0,0.2,,,343.6892307692308,1158.36,1502.0492307692307,HOLD,1502.0492307692307,"MobiMart Electronic City, Redmi Note 14, 1 units at risk (past expected lifecycle; no successor within four weeks):
- Markdown (29%): Rs 4,716 margin lost
- Transfer: unavailable; No better-fit store is available without creating another at-risk position.
- Hold: Rs 344 opportunity cost + Rs 1,158 markdown risk = Rs 1,502
RECOMMENDED: HOLD at Rs 1,502"
SHI-01,MobiMart Vidya Nagar,M15,Vivo V51e,mid,confirmed,2,past peak with declining store trend,1.5,1.6666666666666667,53306,0.19999999999999998,10661.199999999999,2.0,0.8400000000000001,,,369.04153846153844,15671.964,16041.005538461539,MARKDOWN,10661.199999999999,"MobiMart Vidya Nagar, Vivo V51e, 2 units at risk (past peak with declining store trend; no successor within four weeks):
- Markdown (20%): Rs 10,661 margin lost
- Transfer: unavailable; No better-fit store is available without creating another at-risk position.
- Hold: Rs 369 opportunity cost + Rs 15,672 markdown risk = Rs 16,041
RECOMMENDED: MARKDOWN at Rs 10,661"
BLR-01,MobiMart Jayanagar,F17,iPhone 17 Pro Max,flagship,confirmed,1,last two weeks below 40% of prior six-week average,0.0,0.6666666666666666,109430,0.27,29546.100000000002,6.0,0.2,,,2272.7769230769227,7660.1,9932.876923076923,HOLD,9932.876923076923,"MobiMart Jayanagar, iPhone 17 Pro Max, 1 units at risk (last two weeks below 40% of prior six-week average; no successor within four weeks):
- Markdown (27%): Rs 29,546 margin lost
- Transfer: unavailable; No better-fit store is available without creating another at-risk position.
- Hold: Rs 2,273 opportunity cost + Rs 7,660 markdown risk = Rs 9,933
RECOMMENDED: HOLD at Rs 9,933"
DAV-01,MobiMart PJ Extension,F17,iPhone 17 Pro Max,flagship,confirmed,1,last two weeks below 40% of prior six-week average,0.0,0.16666666666666666,109430,0.27,29546.100000000002,6.0,0.2,BLR-04,1003.8619178082191,2272.7769230769227,7660.1,9932.876923076923,TRANSFER,1003.8619178082191,"MobiMart PJ Extension, iPhone 17 Pro Max, 1 units at risk (last two weeks below 40% of prior six-week average; no successor within four weeks):
- Markdown (27%): Rs 29,546 margin lost
- Transfer: Rs 1,004; Transfer target MobiMart Whitefield at Rs 788/unit plus 4-day holding cost.
- Hold: Rs 2,273 opportunity cost + Rs 7,660 markdown risk = Rs 9,933
RECOMMENDED: TRANSFER at Rs 1,004"
BEL-01,MobiMart Cantonment,M15,Vivo V51e,mid,confirmed,2,past peak with declining store trend,1.5,1.6666666666666667,53306,0.19999999999999998,10661.199999999999,2.0,0.8400000000000001,,,369.04153846153844,15671.964,16041.005538461539,MARKDOWN,10661.199999999999,"MobiMart Cantonment, Vivo V51e, 2 units at risk (past peak with declining store trend; no successor within four weeks):
- Markdown (20%): Rs 10,661 margin lost
- Transfer: unavailable; No better-fit store is available without creating another at-risk position.
- Hold: Rs 369 opportunity cost + Rs 15,672 markdown risk = Rs 16,041
RECOMMENDED: MARKDOWN at Rs 10,661"
UDU-01,MobiMart Udupi Main Road,M15,Vivo V51e,mid,confirmed,1,past peak with declining store trend; last two weeks below 40% of prior six-week average,0.0,1.3333333333333333,26653,0.27,7196.31,6.0,0.2,,,553.5623076923076,1865.71,2419.2723076923075,HOLD,2419.2723076923075,"MobiMart Udupi Main Road, Vivo V51e, 1 units at risk (past peak with declining store trend; last two weeks below 40% of prior six-week average; no successor within four weeks):
- Markdown (27%): Rs 7,196 margin lost
- Transfer: unavailable; No better-fit store is available without creating another at-risk position.
- Hold: Rs 554 opportunity cost + Rs 1,866 markdown risk = Rs 2,419
RECOMMENDED: HOLD at Rs 2,419"
KOL-01,MobiMart Station Road,M15,Vivo V51e,mid,confirmed,1,past peak with declining store trend,0.5,1.0,26653,0.19999999999999998,5330.599999999999,2.0,0.8400000000000001,,,184.52076923076922,7835.982,8020.502769230769,MARKDOWN,5330.599999999999,"MobiMart Station Road, Vivo V51e, 1 units at risk (past peak with declining store trend; no successor within four weeks):
- Markdown (20%): Rs 5,331 margin lost
- Transfer: unavailable; No better-fit store is available without creating another at-risk position.
- Hold: Rs 185 opportunity cost + Rs 7,836 markdown risk = Rs 8,021
RECOMMENDED: MARKDOWN at Rs 5,331"
BLR-05,MobiMart Malleshwaram,M12,Redmi Note 15,mid,confirmed,1,past peak with declining store trend,0.5,1.1666666666666667,17217,0.275,4734.675,2.0,0.8400000000000001,MAN-01,526.962301369863,119.19461538461539,5061.798000000001,5180.992615384616,TRANSFER,526.962301369863,"MobiMart Malleshwaram, Redmi Note 15, 1 units at risk (past peak with declining store trend; no successor within four weeks):
- Markdown (28%): Rs 4,735 margin lost
- Transfer: Rs 527; Transfer target MobiMart Court Road at Rs 493/unit plus 4-day holding cost.
- Hold: Rs 119 opportunity cost + Rs 5,062 markdown risk = Rs 5,181
RECOMMENDED: TRANSFER at Rs 527"
BLR-02,MobiMart Koramangala,M16,Motorola Edge 70 Fusion,mid,confirmed,3,past peak with declining store trend,2.5,2.6666666666666665,62040,0.16363636363636364,10152.0,2.0,0.8400000000000001,BLR-08,1136.3802739726027,429.50769230769225,18239.760000000002,18669.267692307694,TRANSFER,1136.3802739726027,"MobiMart Koramangala, Motorola Edge 70 Fusion, 3 units at risk (past peak with declining store trend; no successor within four weeks):
- Markdown (16%): Rs 10,152 margin lost
- Transfer: Rs 1,136; Transfer target MobiMart Electronic City at Rs 338/unit plus 4-day holding cost.
- Hold: Rs 430 opportunity cost + Rs 18,240 markdown risk = Rs 18,669
RECOMMENDED: TRANSFER at Rs 1,136"
DAV-02,MobiMart MCC B Block,M16,Motorola Edge 70 Fusion,mid,confirmed,1,past peak with declining store trend; last two weeks below 40% of prior six-week average,0.0,1.3333333333333333,20680,0.27,5583.6,6.0,0.2,BLR-08,567.7934246575343,429.50769230769225,1447.6,1877.107692307692,TRANSFER,567.7934246575343,"MobiMart MCC B Block, Motorola Edge 70 Fusion, 1 units at risk (past peak with declining store trend; last two weeks below 40% of prior six-week average; no successor within four weeks):
- Markdown (27%): Rs 5,584 margin lost
- Transfer: Rs 568; Transfer target MobiMart Electronic City at Rs 527/unit plus 4-day holding cost.
- Hold: Rs 430 opportunity cost + Rs 1,448 markdown risk = Rs 1,877
RECOMMENDED: TRANSFER at Rs 568"
BLR-02,MobiMart Koramangala,F03,OnePlus 13,flagship,confirmed,1,past expected lifecycle,0.0,0.0,55530,0.28500000000000003,15826.050000000001,6.0,0.2,,,1153.3153846153846,3887.1000000000004,5040.415384615385,HOLD,5040.415384615385,"MobiMart Koramangala, OnePlus 13, 1 units at risk (past expected lifecycle; no successor within four weeks):
- Markdown (29%): Rs 15,826 margin lost
- Transfer: unavailable; No better-fit store is available without creating another at-risk position.
- Hold: Rs 1,153 opportunity cost + Rs 3,887 markdown risk = Rs 5,040
RECOMMENDED: HOLD at Rs 5,040"
MYS-01,MobiMart Devaraja Mohalla,M14,OnePlus Nord CE6,mid,confirmed,1,past peak with declining store trend,1.0,1.1666666666666667,22726,0.22857142857142856,5194.5142857142855,1.0,0.98,BLR-04,503.8293698630137,78.66692307692307,7795.017999999999,7873.684923076922,TRANSFER,503.8293698630137,"MobiMart Devaraja Mohalla, OnePlus Nord CE6, 1 units at risk (past peak with declining store trend; no successor within four weeks):
- Markdown (23%): Rs 5,195 margin lost
- Transfer: Rs 504; Transfer target MobiMart Whitefield at Rs 459/unit plus 4-day holding cost.
- Hold: Rs 79 opportunity cost + Rs 7,795 markdown risk = Rs 7,874
RECOMMENDED: TRANSFER at Rs 504"
BEL-01,MobiMart Cantonment,M16,Motorola Edge 70 Fusion,mid,confirmed,3,past peak with declining store trend,2.0,2.1666666666666665,62040,0.16363636363636364,10152.0,2.0,0.8400000000000001,BLR-08,1754.3802739726027,429.50769230769225,18239.760000000002,18669.267692307694,TRANSFER,1754.3802739726027,"MobiMart Cantonment, Motorola Edge 70 Fusion, 3 units at risk (past peak with declining store trend; no successor within four weeks):
- Markdown (16%): Rs 10,152 margin lost
- Transfer: Rs 1,754; Transfer target MobiMart Electronic City at Rs 544/unit plus 4-day holding cost.
- Hold: Rs 430 opportunity cost + Rs 18,240 markdown risk = Rs 18,669
RECOMMENDED: TRANSFER at Rs 1,754"
BLR-01,MobiMart Jayanagar,M13,Realme 15 Pro,mid,confirmed,1,past peak with declining store trend; last two weeks below 40% of prior six-week average,0.5,2.1666666666666665,25696,0.27,6937.92,2.0,0.8400000000000001,,,177.89538461538461,7554.624,7732.519384615384,MARKDOWN,6937.92,"MobiMart Jayanagar, Realme 15 Pro, 1 units at risk (past peak with declining store trend; last two weeks below 40% of prior six-week average; no successor within four weeks):
- Markdown (27%): Rs 6,938 margin lost
- Transfer: unavailable; No better-fit store is available without creating another at-risk position.
- Hold: Rs 178 opportunity cost + Rs 7,555 markdown risk = Rs 7,733
RECOMMENDED: MARKDOWN at Rs 6,938"
KOL-01,MobiMart Station Road,M13,Realme 15 Pro,mid,confirmed,1,past peak with declining store trend,1.0,1.1666666666666667,25696,0.26428571428571423,6791.085714285713,1.0,0.98,BLR-02,810.688,88.94769230769231,8813.728,8902.675692307692,TRANSFER,810.688,"MobiMart Station Road, Realme 15 Pro, 1 units at risk (past peak with declining store trend; no successor within four weeks):
- Markdown (26%): Rs 6,791 margin lost
- Transfer: Rs 811; Transfer target MobiMart Koramangala at Rs 760/unit plus 4-day holding cost.
- Hold: Rs 89 opportunity cost + Rs 8,814 markdown risk = Rs 8,903
RECOMMENDED: TRANSFER at Rs 811"
BLR-02,MobiMart Koramangala,M04,OnePlus Nord CE5,mid,confirmed,2,past peak with declining store trend; last two weeks below 40% of prior six-week average; past expected lifecycle,0.0,0.16666666666666666,42778,0.3,12833.4,6.0,0.2,,,888.4661538461538,2994.46,3882.9261538461537,HOLD,3882.9261538461537,"MobiMart Koramangala, OnePlus Nord CE5, 2 units at risk (past peak with declining store trend; last two weeks below 40% of prior six-week average; past expected lifecycle; no successor within four weeks):
- Markdown (30%): Rs 12,833 margin lost
- Transfer: unavailable; No better-fit store is available without creating another at-risk position.
- Hold: Rs 888 opportunity cost + Rs 2,994 markdown risk = Rs 3,883
RECOMMENDED: HOLD at Rs 3,883"
MAN-01,MobiMart Court Road,M16,Motorola Edge 70 Fusion,mid,confirmed,3,past peak with declining store trend,2.5,3.0,62040,0.16363636363636364,10152.0,2.0,0.8400000000000001,,,429.50769230769225,18239.760000000002,18669.267692307694,MARKDOWN,10152.0,"MobiMart Court Road, Motorola Edge 70 Fusion, 3 units at risk (past peak with declining store trend; no successor within four weeks):
- Markdown (16%): Rs 10,152 margin lost
- Transfer: unavailable; No better-fit store is available without creating another at-risk position.
- Hold: Rs 430 opportunity cost + Rs 18,240 markdown risk = Rs 18,669
RECOMMENDED: MARKDOWN at Rs 10,152"
BLR-03,MobiMart Indiranagar,M12,Redmi Note 15,mid,confirmed,1,past peak with declining store trend,1.0,1.1666666666666667,17217,0.275,4734.675,1.0,0.98,MAN-01,816.962301369863,59.597307692307695,5905.431,5965.028307692307,TRANSFER,816.962301369863,"MobiMart Indiranagar, Redmi Note 15, 1 units at risk (past peak with declining store trend; no successor within four weeks):
- Markdown (28%): Rs 4,735 margin lost
- Transfer: Rs 817; Transfer target MobiMart Court Road at Rs 783/unit plus 4-day holding cost.
- Hold: Rs 60 opportunity cost + Rs 5,905 markdown risk = Rs 5,965
RECOMMENDED: TRANSFER at Rs 817"
TUM-02,MobiMart SS Puram,M12,Redmi Note 15,mid,confirmed,1,past peak with declining store trend,0.5,0.8333333333333334,17217,0.275,4734.675,2.0,0.8400000000000001,MAN-01,671.962301369863,119.19461538461539,5061.798000000001,5180.992615384616,TRANSFER,671.962301369863,"MobiMart SS Puram, Redmi Note 15, 1 units at risk (past peak with declining store trend; no successor within four weeks):
- Markdown (28%): Rs 4,735 margin lost
- Transfer: Rs 672; Transfer target MobiMart Court Road at Rs 638/unit plus 4-day holding cost.
- Hold: Rs 119 opportunity cost + Rs 5,062 markdown risk = Rs 5,181
RECOMMENDED: TRANSFER at Rs 672"
DAV-02,MobiMart MCC B Block,M12,Redmi Note 15,mid,confirmed,1,past peak with declining store trend; last two weeks below 40% of prior six-week average,0.0,1.5,17217,0.275,4734.675,6.0,0.2,MAN-01,651.962301369863,357.58384615384614,1205.19,1562.773846153846,TRANSFER,651.962301369863,"MobiMart MCC B Block, Redmi Note 15, 1 units at risk (past peak with declining store trend; last two weeks below 40% of prior six-week average; no successor within four weeks):
- Markdown (28%): Rs 4,735 margin lost
- Transfer: Rs 652; Transfer target MobiMart Court Road at Rs 618/unit plus 4-day holding cost.
- Hold: Rs 358 opportunity cost + Rs 1,205 markdown risk = Rs 1,563
RECOMMENDED: TRANSFER at Rs 652"
MAN-02,MobiMart Kottara,M12,Redmi Note 15,mid,confirmed,1,past peak with declining store trend,1.0,1.3333333333333333,17217,0.275,4734.675,1.0,0.98,MAN-01,476.962301369863,59.597307692307695,5905.431,5965.028307692307,TRANSFER,476.962301369863,"MobiMart Kottara, Redmi Note 15, 1 units at risk (past peak with declining store trend; no successor within four weeks):
- Markdown (28%): Rs 4,735 margin lost
- Transfer: Rs 477; Transfer target MobiMart Court Road at Rs 443/unit plus 4-day holding cost.
- Hold: Rs 60 opportunity cost + Rs 5,905 markdown risk = Rs 5,965
RECOMMENDED: TRANSFER at Rs 477"
BLR-01,MobiMart Jayanagar,F10,iPhone 17,flagship,confirmed,1,past peak with declining store trend; last two weeks below 40% of prior six-week average; past expected lifecycle,0.0,0.3333333333333333,66400,0.3,19920.0,6.0,0.2,,,1379.076923076923,4648.0,6027.076923076923,HOLD,6027.076923076923,"MobiMart Jayanagar, iPhone 17, 1 units at risk (past peak with declining store trend; last two weeks below 40% of prior six-week average; past expected lifecycle; no successor within four weeks):
- Markdown (30%): Rs 19,920 margin lost
- Transfer: unavailable; No better-fit store is available without creating another at-risk position.
- Hold: Rs 1,379 opportunity cost + Rs 4,648 markdown risk = Rs 6,027
RECOMMENDED: HOLD at Rs 6,027"
KAL-01,MobiMart KCD Road,M15,Vivo V51e,mid,confirmed,2,past peak with declining store trend,1.5,1.8333333333333333,53306,0.19999999999999998,10661.199999999999,2.0,0.8400000000000001,,,369.04153846153844,15671.964,16041.005538461539,MARKDOWN,10661.199999999999,"MobiMart KCD Road, Vivo V51e, 2 units at risk (past peak with declining store trend; no successor within four weeks):
- Markdown (20%): Rs 10,661 margin lost
- Transfer: unavailable; No better-fit store is available without creating another at-risk position.
- Hold: Rs 369 opportunity cost + Rs 15,672 markdown risk = Rs 16,041
RECOMMENDED: MARKDOWN at Rs 10,661"
BLR-03,MobiMart Indiranagar,M10,OnePlus Nord 5,mid,confirmed,2,past peak with declining store trend; last two weeks below 40% of prior six-week average; past expected lifecycle,0.0,0.6666666666666666,51220,0.3,15366.0,6.0,0.2,,,1063.8000000000002,3585.4,4649.200000000001,HOLD,4649.200000000001,"MobiMart Indiranagar, OnePlus Nord 5, 2 units at risk (past peak with declining store trend; last two weeks below 40% of prior six-week average; past expected lifecycle; no successor within four weeks):
- Markdown (30%): Rs 15,366 margin lost
- Transfer: unavailable; No better-fit store is available without creating another at-risk position.
- Hold: Rs 1,064 opportunity cost + Rs 3,585 markdown risk = Rs 4,649
RECOMMENDED: HOLD at Rs 4,649"
BLR-04,MobiMart Whitefield,F03,OnePlus 13,flagship,confirmed,1,past peak with declining store trend; last two weeks below 40% of prior six-week average; past expected lifecycle,0.0,0.16666666666666666,55530,0.3,16659.0,6.0,0.2,,,1153.3153846153846,3887.1000000000004,5040.415384615385,HOLD,5040.415384615385,"MobiMart Whitefield, OnePlus 13, 1 units at risk (past peak with declining store trend; last two weeks below 40% of prior six-week average; past expected lifecycle; no successor within four weeks):
- Markdown (30%): Rs 16,659 margin lost
- Transfer: unavailable; No better-fit store is available without creating another at-risk position.
- Hold: Rs 1,153 opportunity cost + Rs 3,887 markdown risk = Rs 5,040
RECOMMENDED: HOLD at Rs 5,040"
MAN-01,MobiMart Court Road,M01,Samsung Galaxy A26,mid,confirmed,1,past expected lifecycle,0.0,0.0,20460,0.28500000000000003,5831.1,6.0,0.2,,,424.93846153846147,1432.2,1857.1384615384616,HOLD,1857.1384615384616,"MobiMart Court Road, Samsung Galaxy A26, 1 units at risk (past expected lifecycle; no successor within four weeks):
- Markdown (29%): Rs 5,831 margin lost
- Transfer: unavailable; No better-fit store is available without creating another at-risk position.
- Hold: Rs 425 opportunity cost + Rs 1,432 markdown risk = Rs 1,857
RECOMMENDED: HOLD at Rs 1,857"
BLR-05,MobiMart Malleshwaram,M09,Samsung Galaxy A36,mid,confirmed,1,past peak with declining store trend; last two weeks below 40% of prior six-week average; past expected lifecycle,0.0,0.3333333333333333,28135,0.3,8440.5,6.0,0.2,BLR-04,362.4991780821918,584.3423076923077,1969.45,2553.792307692308,TRANSFER,362.4991780821918,"MobiMart Malleshwaram, Samsung Galaxy A36, 1 units at risk (past peak with declining store trend; last two weeks below 40% of prior six-week average; past expected lifecycle; no successor within four weeks):
- Markdown (30%): Rs 8,440 margin lost
- Transfer: Rs 362; Transfer target MobiMart Whitefield at Rs 307/unit plus 4-day holding cost.
- Hold: Rs 584 opportunity cost + Rs 1,969 markdown risk = Rs 2,554
RECOMMENDED: TRANSFER at Rs 362"
BEL-01,MobiMart Cantonment,M17,POCO X8 Pro,mid,confirmed,2,last two weeks below 40% of prior six-week average,0.0,2.0,50534,0.27,13644.18,6.0,0.2,MAN-01,1089.683506849315,1049.5523076923075,3537.3799999999997,4586.932307692307,TRANSFER,1089.683506849315,"MobiMart Cantonment, POCO X8 Pro, 2 units at risk (last two weeks below 40% of prior six-week average; no successor within four weeks):
- Markdown (27%): Rs 13,644 margin lost
- Transfer: Rs 1,090; Transfer target MobiMart Court Road at Rs 495/unit plus 4-day holding cost.
- Hold: Rs 1,050 opportunity cost + Rs 3,537 markdown risk = Rs 4,587
RECOMMENDED: TRANSFER at Rs 1,090"
BLR-03,MobiMart Indiranagar,M04,OnePlus Nord CE5,mid,confirmed,2,past peak with declining store trend; last two weeks below 40% of prior six-week average; past expected lifecycle,0.0,0.16666666666666666,42778,0.3,12833.4,6.0,0.2,,,888.4661538461538,2994.46,3882.9261538461537,HOLD,3882.9261538461537,"MobiMart Indiranagar, OnePlus Nord CE5, 2 units at risk (past peak with declining store trend; last two weeks below 40% of prior six-week average; past expected lifecycle; no successor within four weeks):
- Markdown (30%): Rs 12,833 margin lost
- Transfer: unavailable; No better-fit store is available without creating another at-risk position.
- Hold: Rs 888 opportunity cost + Rs 2,994 markdown risk = Rs 3,883
RECOMMENDED: HOLD at Rs 3,883"
TUM-02,MobiMart SS Puram,M15,Vivo V51e,mid,confirmed,1,past peak with declining store trend; last two weeks below 40% of prior six-week average,0.0,1.3333333333333333,26653,0.27,7196.31,6.0,0.2,,,553.5623076923076,1865.71,2419.2723076923075,HOLD,2419.2723076923075,"MobiMart SS Puram, Vivo V51e, 1 units at risk (past peak with declining store trend; last two weeks below 40% of prior six-week average; no successor within four weeks):
- Markdown (27%): Rs 7,196 margin lost
- Transfer: unavailable; No better-fit store is available without creating another at-risk position.
- Hold: Rs 554 opportunity cost + Rs 1,866 markdown risk = Rs 2,419
RECOMMENDED: HOLD at Rs 2,419"
HOS-01,MobiMart Hosur Road,M15,Vivo V51e,mid,confirmed,1,past peak with declining store trend,0.5,0.8333333333333334,26653,0.19999999999999998,5330.599999999999,2.0,0.8400000000000001,,,184.52076923076922,7835.982,8020.502769230769,MARKDOWN,5330.599999999999,"MobiMart Hosur Road, Vivo V51e, 1 units at risk (past peak with declining store trend; no successor within four weeks):
- Markdown (20%): Rs 5,331 margin lost
- Transfer: unavailable; No better-fit store is available without creating another at-risk position.
- Hold: Rs 185 opportunity cost + Rs 7,836 markdown risk = Rs 8,021
RECOMMENDED: MARKDOWN at Rs 5,331"
BLR-04,MobiMart Whitefield,M04,OnePlus Nord CE5,mid,confirmed,2,past expected lifecycle,0.0,0.0,42778,0.28500000000000003,12191.730000000001,6.0,0.2,,,888.4661538461538,2994.46,3882.9261538461537,HOLD,3882.9261538461537,"MobiMart Whitefield, OnePlus Nord CE5, 2 units at risk (past expected lifecycle; no successor within four weeks):
- Markdown (29%): Rs 12,192 margin lost
- Transfer: unavailable; No better-fit store is available without creating another at-risk position.
- Hold: Rs 888 opportunity cost + Rs 2,994 markdown risk = Rs 3,883
RECOMMENDED: HOLD at Rs 3,883"
BLR-08,MobiMart Electronic City,M01,Samsung Galaxy A26,mid,confirmed,1,past expected lifecycle,0.0,0.0,20460,0.28500000000000003,5831.1,6.0,0.2,,,424.93846153846147,1432.2,1857.1384615384616,HOLD,1857.1384615384616,"MobiMart Electronic City, Samsung Galaxy A26, 1 units at risk (past expected lifecycle; no successor within four weeks):
- Markdown (29%): Rs 5,831 margin lost
- Transfer: unavailable; No better-fit store is available without creating another at-risk position.
- Hold: Rs 425 opportunity cost + Rs 1,432 markdown risk = Rs 1,857
RECOMMENDED: HOLD at Rs 1,857"
HUB-01,MobiMart Vidya Nagar,M10,OnePlus Nord 5,mid,confirmed,1,past expected lifecycle,0.0,0.0,25610,0.28500000000000003,7298.85,6.0,0.2,,,531.9000000000001,1792.7,2324.6000000000004,HOLD,2324.6000000000004,"MobiMart Vidya Nagar, OnePlus Nord 5, 1 units at risk (past expected lifecycle; no successor within four weeks):
- Markdown (29%): Rs 7,299 margin lost
- Transfer: unavailable; No better-fit store is available without creating another at-risk position.
- Hold: Rs 532 opportunity cost + Rs 1,793 markdown risk = Rs 2,325
RECOMMENDED: HOLD at Rs 2,325"
DAV-02,MobiMart MCC B Block,M13,Realme 15 Pro,mid,confirmed,1,past peak with declining store trend; last two weeks below 40% of prior six-week average,0.0,0.3333333333333333,25696,0.27,6937.92,6.0,0.2,BLR-02,577.688,533.6861538461538,1798.7199999999998,2332.4061538461538,TRANSFER,577.688,"MobiMart MCC B Block, Realme 15 Pro, 1 units at risk (past peak with declining store trend; last two weeks below 40% of prior six-week average; no successor within four weeks):
- Markdown (27%): Rs 6,938 margin lost
- Transfer: Rs 578; Transfer target MobiMart Koramangala at Rs 527/unit plus 4-day holding cost.
- Hold: Rs 534 opportunity cost + Rs 1,799 markdown risk = Rs 2,332
RECOMMENDED: TRANSFER at Rs 578"
BLR-01,MobiMart Jayanagar,F03,OnePlus 13,flagship,confirmed,1,past expected lifecycle,0.0,0.0,55530,0.28500000000000003,15826.050000000001,6.0,0.2,,,1153.3153846153846,3887.1000000000004,5040.415384615385,HOLD,5040.415384615385,"MobiMart Jayanagar, OnePlus 13, 1 units at risk (past expected lifecycle; no successor within four weeks):
- Markdown (29%): Rs 15,826 margin lost
- Transfer: unavailable; No better-fit store is available without creating another at-risk position.
- Hold: Rs 1,153 opportunity cost + Rs 3,887 markdown risk = Rs 5,040
RECOMMENDED: HOLD at Rs 5,040"
MAN-01,MobiMart Court Road,M05,Vivo V50e,mid,confirmed,1,past expected lifecycle,0.0,0.0,26834,0.28500000000000003,7647.6900000000005,6.0,0.2,,,557.3215384615385,1878.38,2435.701538461539,HOLD,2435.701538461539,"MobiMart Court Road, Vivo V50e, 1 units at risk (past expected lifecycle; no successor within four weeks):
- Markdown (29%): Rs 7,648 margin lost
- Transfer: unavailable; No better-fit store is available without creating another at-risk position.
- Hold: Rs 557 opportunity cost + Rs 1,878 markdown risk = Rs 2,436
RECOMMENDED: HOLD at Rs 2,436"
MAN-01,MobiMart Court Road,M14,OnePlus Nord CE6,mid,confirmed,2,past peak with declining store trend,1.0,1.8333333333333333,45452,0.22857142857142856,10389.028571428571,2.0,0.8400000000000001,,,314.6676923076923,13362.888,13677.555692307693,MARKDOWN,10389.028571428571,"MobiMart Court Road, OnePlus Nord CE6, 2 units at risk (past peak with declining store trend; no successor within four weeks):
- Markdown (23%): Rs 10,389 margin lost
- Transfer: unavailable; No better-fit store is available without creating another at-risk position.
- Hold: Rs 315 opportunity cost + Rs 13,363 markdown risk = Rs 13,678
RECOMMENDED: MARKDOWN at Rs 10,389"
BLR-01,MobiMart Jayanagar,M10,OnePlus Nord 5,mid,confirmed,2,past peak with declining store trend; last two weeks below 40% of prior six-week average; past expected lifecycle,0.0,0.3333333333333333,51220,0.3,15366.0,6.0,0.2,,,1063.8000000000002,3585.4,4649.200000000001,HOLD,4649.200000000001,"MobiMart Jayanagar, OnePlus Nord 5, 2 units at risk (past peak with declining store trend; last two weeks below 40% of prior six-week average; past expected lifecycle; no successor within four weeks):
- Markdown (30%): Rs 15,366 margin lost
- Transfer: unavailable; No better-fit store is available without creating another at-risk position.
- Hold: Rs 1,064 opportunity cost + Rs 3,585 markdown risk = Rs 4,649
RECOMMENDED: HOLD at Rs 4,649"
BLR-02,MobiMart Koramangala,F04,Vivo X200,flagship,confirmed,1,past expected lifecycle,0.0,0.0,53816,0.28500000000000003,15337.560000000001,6.0,0.2,,,1117.716923076923,3767.12,4884.836923076923,HOLD,4884.836923076923,"MobiMart Koramangala, Vivo X200, 1 units at risk (past expected lifecycle; no successor within four weeks):
- Markdown (29%): Rs 15,338 margin lost
- Transfer: unavailable; No better-fit store is available without creating another at-risk position.
- Hold: Rs 1,118 opportunity cost + Rs 3,767 markdown risk = Rs 4,885
RECOMMENDED: HOLD at Rs 4,885"
BLR-02,MobiMart Koramangala,F06,Xiaomi 15,flagship,confirmed,1,past expected lifecycle,0.0,0.0,53059,0.28500000000000003,15121.815000000002,6.0,0.2,,,1101.9946153846151,3714.1299999999997,4816.124615384615,HOLD,4816.124615384615,"MobiMart Koramangala, Xiaomi 15, 1 units at risk (past expected lifecycle; no successor within four weeks):
- Markdown (29%): Rs 15,122 margin lost
- Transfer: unavailable; No better-fit store is available without creating another at-risk position.
- Hold: Rs 1,102 opportunity cost + Rs 3,714 markdown risk = Rs 4,816
RECOMMENDED: HOLD at Rs 4,816"
BLR-01,MobiMart Jayanagar,M04,OnePlus Nord CE5,mid,confirmed,2,past expected lifecycle,0.0,0.0,42778,0.28500000000000003,12191.730000000001,6.0,0.2,,,888.4661538461538,2994.46,3882.9261538461537,HOLD,3882.9261538461537,"MobiMart Jayanagar, OnePlus Nord CE5, 2 units at risk (past expected lifecycle; no successor within four weeks):
- Markdown (29%): Rs 12,192 margin lost
- Transfer: unavailable; No better-fit store is available without creating another at-risk position.
- Hold: Rs 888 opportunity cost + Rs 2,994 markdown risk = Rs 3,883
RECOMMENDED: HOLD at Rs 3,883"
BLR-02,MobiMart Koramangala,F01,Samsung Galaxy S25,flagship,confirmed,1,past expected lifecycle,0.0,0.0,61349,0.28500000000000003,17484.465,6.0,0.2,,,1274.1715384615384,4294.429999999999,5568.6015384615375,HOLD,5568.6015384615375,"MobiMart Koramangala, Samsung Galaxy S25, 1 units at risk (past expected lifecycle; no successor within four weeks):
- Markdown (29%): Rs 17,484 margin lost
- Transfer: unavailable; No better-fit store is available without creating another at-risk position.
- Hold: Rs 1,274 opportunity cost + Rs 4,294 markdown risk = Rs 5,569
RECOMMENDED: HOLD at Rs 5,569"
BLR-02,MobiMart Koramangala,M02,Redmi Note 14,mid,confirmed,2,past expected lifecycle,0.0,0.0,33096,0.28500000000000003,9432.36,6.0,0.2,MAN-01,895.2852602739727,687.3784615384616,2316.72,3004.0984615384614,TRANSFER,895.2852602739727,"MobiMart Koramangala, Redmi Note 14, 2 units at risk (past expected lifecycle; no successor within four weeks):
- Markdown (29%): Rs 9,432 margin lost
- Transfer: Rs 895; Transfer target MobiMart Court Road at Rs 415/unit plus 4-day holding cost.
- Hold: Rs 687 opportunity cost + Rs 2,317 markdown risk = Rs 3,004
RECOMMENDED: TRANSFER at Rs 895"
BLR-03,MobiMart Indiranagar,F11,Samsung Galaxy S26,flagship,confirmed,1,past expected lifecycle,1.5,0.5,66735,0.28500000000000003,19019.475000000002,1.0,0.98,,,231.0057692307692,22890.105,23121.11076923077,MARKDOWN,19019.475000000002,"MobiMart Indiranagar, Samsung Galaxy S26, 1 units at risk (past expected lifecycle; no successor within four weeks):
- Markdown (29%): Rs 19,019 margin lost
- Transfer: unavailable; No better-fit store is available without creating another at-risk position.
- Hold: Rs 231 opportunity cost + Rs 22,890 markdown risk = Rs 23,121
RECOMMENDED: MARKDOWN at Rs 19,019"
KAL-01,MobiMart KCD Road,M14,OnePlus Nord CE6,mid,confirmed,1,past peak with declining store trend; last two weeks below 40% of prior six-week average,0.0,1.3333333333333333,22726,0.27,6136.02,6.0,0.2,BLR-04,742.8293698630137,472.0015384615384,1590.82,2062.8215384615382,TRANSFER,742.8293698630137,"MobiMart KCD Road, OnePlus Nord CE6, 1 units at risk (past peak with declining store trend; last two weeks below 40% of prior six-week average; no successor within four weeks):
- Markdown (27%): Rs 6,136 margin lost
- Transfer: Rs 743; Transfer target MobiMart Whitefield at Rs 698/unit plus 4-day holding cost.
- Hold: Rs 472 opportunity cost + Rs 1,591 markdown risk = Rs 2,063
RECOMMENDED: TRANSFER at Rs 743"
BLR-02,MobiMart Koramangala,M11,Samsung Galaxy A27,mid,confirmed,1,past peak with declining store trend; past expected lifecycle,1.0,1.3333333333333333,20687,0.3,6206.099999999999,1.0,0.98,,,71.60884615384614,7095.641,7167.249846153846,MARKDOWN,6206.099999999999,"MobiMart Koramangala, Samsung Galaxy A27, 1 units at risk (past peak with declining store trend; past expected lifecycle; no successor within four weeks):
- Markdown (30%): Rs 6,206 margin lost
- Transfer: unavailable; No better-fit store is available without creating another at-risk position.
- Hold: Rs 72 opportunity cost + Rs 7,096 markdown risk = Rs 7,167
RECOMMENDED: MARKDOWN at Rs 6,206"
BLR-08,MobiMart Electronic City,M13,Realme 15 Pro,mid,confirmed,2,past peak with declining store trend,2.0,2.8333333333333335,51392,0.26428571428571423,13582.171428571426,1.0,0.98,,,177.89538461538461,17627.456,17805.351384615384,MARKDOWN,13582.171428571426,"MobiMart Electronic City, Realme 15 Pro, 2 units at risk (past peak with declining store trend; no successor within four weeks):
- Markdown (26%): Rs 13,582 margin lost
- Transfer: unavailable; No better-fit store is available without creating another at-risk position.
- Hold: Rs 178 opportunity cost + Rs 17,627 markdown risk = Rs 17,805
RECOMMENDED: MARKDOWN at Rs 13,582"
MYS-01,MobiMart Devaraja Mohalla,M04,OnePlus Nord CE5,mid,confirmed,1,past expected lifecycle,0.0,0.0,21389,0.28500000000000003,6095.865000000001,6.0,0.2,,,444.2330769230769,1497.23,1941.4630769230769,HOLD,1941.4630769230769,"MobiMart Devaraja Mohalla, OnePlus Nord CE5, 1 units at risk (past expected lifecycle; no successor within four weeks):
- Markdown (29%): Rs 6,096 margin lost
- Transfer: unavailable; No better-fit store is available without creating another at-risk position.
- Hold: Rs 444 opportunity cost + Rs 1,497 markdown risk = Rs 1,941
RECOMMENDED: HOLD at Rs 1,941"
BLR-03,MobiMart Indiranagar,F04,Vivo X200,flagship,confirmed,1,past peak with declining store trend; last two weeks below 40% of prior six-week average; past expected lifecycle,0.0,0.3333333333333333,53816,0.3,16144.8,6.0,0.2,,,1117.716923076923,3767.12,4884.836923076923,HOLD,4884.836923076923,"MobiMart Indiranagar, Vivo X200, 1 units at risk (past peak with declining store trend; last two weeks below 40% of prior six-week average; past expected lifecycle; no successor within four weeks):
- Markdown (30%): Rs 16,145 margin lost
- Transfer: unavailable; No better-fit store is available without creating another at-risk position.
- Hold: Rs 1,118 opportunity cost + Rs 3,767 markdown risk = Rs 4,885
RECOMMENDED: HOLD at Rs 4,885"
BLR-08,MobiMart Electronic City,M12,Redmi Note 15,mid,confirmed,2,past peak with declining store trend; last two weeks below 40% of prior six-week average,0.5,2.3333333333333335,34434,0.275,9469.35,4.0,0.52,,,476.77846153846156,6266.988,6743.766461538462,HOLD,6743.766461538462,"MobiMart Electronic City, Redmi Note 15, 2 units at risk (past peak with declining store trend; last two weeks below 40% of prior six-week average; no successor within four weeks):
- Markdown (28%): Rs 9,469 margin lost
- Transfer: unavailable; No better-fit store is available without creating another at-risk position.
- Hold: Rs 477 opportunity cost + Rs 6,267 markdown risk = Rs 6,744
RECOMMENDED: HOLD at Rs 6,744"
BLR-03,MobiMart Indiranagar,M03,Realme 14 Pro,mid,confirmed,2,past peak with declining store trend; last two weeks below 40% of prior six-week average; past expected lifecycle,0.0,0.16666666666666666,48746,0.3,14623.8,6.0,0.2,BLR-08,862.1564931506849,1012.416923076923,3412.22,4424.636923076923,TRANSFER,862.1564931506849,"MobiMart Indiranagar, Realme 14 Pro, 2 units at risk (past peak with declining store trend; last two weeks below 40% of prior six-week average; past expected lifecycle; no successor within four weeks):
- Markdown (30%): Rs 14,624 margin lost
- Transfer: Rs 862; Transfer target MobiMart Electronic City at Rs 383/unit plus 4-day holding cost.
- Hold: Rs 1,012 opportunity cost + Rs 3,412 markdown risk = Rs 4,425
RECOMMENDED: TRANSFER at Rs 862"
BLR-04,MobiMart Whitefield,F04,Vivo X200,flagship,confirmed,1,past expected lifecycle,0.0,0.0,53816,0.28500000000000003,15337.560000000001,6.0,0.2,,,1117.716923076923,3767.12,4884.836923076923,HOLD,4884.836923076923,"MobiMart Whitefield, Vivo X200, 1 units at risk (past expected lifecycle; no successor within four weeks):
- Markdown (29%): Rs 15,338 margin lost
- Transfer: unavailable; No better-fit store is available without creating another at-risk position.
- Hold: Rs 1,118 opportunity cost + Rs 3,767 markdown risk = Rs 4,885
RECOMMENDED: HOLD at Rs 4,885"
DAV-01,MobiMart PJ Extension,M04,OnePlus Nord CE5,mid,confirmed,1,past expected lifecycle,0.0,0.0,21389,0.28500000000000003,6095.865000000001,6.0,0.2,,,444.2330769230769,1497.23,1941.4630769230769,HOLD,1941.4630769230769,"MobiMart PJ Extension, OnePlus Nord CE5, 1 units at risk (past expected lifecycle; no successor within four weeks):
- Markdown (29%): Rs 6,096 margin lost
- Transfer: unavailable; No better-fit store is available without creating another at-risk position.
- Hold: Rs 444 opportunity cost + Rs 1,497 markdown risk = Rs 1,941
RECOMMENDED: HOLD at Rs 1,941"
BLR-06,MobiMart Rajajinagar,M13,Realme 15 Pro,mid,confirmed,1,past peak with declining store trend,0.5,1.0,25696,0.26428571428571423,6791.085714285713,2.0,0.8400000000000001,BLR-02,590.688,177.89538461538461,7554.624,7732.519384615384,TRANSFER,590.688,"MobiMart Rajajinagar, Realme 15 Pro, 1 units at risk (past peak with declining store trend; no successor within four weeks):
- Markdown (26%): Rs 6,791 margin lost
- Transfer: Rs 591; Transfer target MobiMart Koramangala at Rs 540/unit plus 4-day holding cost.
- Hold: Rs 178 opportunity cost + Rs 7,555 markdown risk = Rs 7,733
RECOMMENDED: TRANSFER at Rs 591"
BEL-02,MobiMart Tilakwadi,M13,Realme 15 Pro,mid,confirmed,1,past peak with declining store trend; last two weeks below 40% of prior six-week average,0.0,1.5,25696,0.27,6937.92,6.0,0.2,BLR-02,426.688,533.6861538461538,1798.7199999999998,2332.4061538461538,TRANSFER,426.688,"MobiMart Tilakwadi, Realme 15 Pro, 1 units at risk (past peak with declining store trend; last two weeks below 40% of prior six-week average; no successor within four weeks):
- Markdown (27%): Rs 6,938 margin lost
- Transfer: Rs 427; Transfer target MobiMart Koramangala at Rs 376/unit plus 4-day holding cost.
- Hold: Rs 534 opportunity cost + Rs 1,799 markdown risk = Rs 2,332
RECOMMENDED: TRANSFER at Rs 427"
BLR-01,MobiMart Jayanagar,F13,OnePlus 14,flagship,confirmed,1,past peak with declining store trend; last two weeks below 40% of prior six-week average,0.0,1.1666666666666667,60399,0.28125,16987.21875,6.0,0.2,,,1254.4407692307693,4227.929999999999,5482.370769230769,HOLD,5482.370769230769,"MobiMart Jayanagar, OnePlus 14, 1 units at risk (past peak with declining store trend; last two weeks below 40% of prior six-week average; no successor within four weeks):
- Markdown (28%): Rs 16,987 margin lost
- Transfer: unavailable; No better-fit store is available without creating another at-risk position.
- Hold: Rs 1,254 opportunity cost + Rs 4,228 markdown risk = Rs 5,482
RECOMMENDED: HOLD at Rs 5,482"
BLR-02,MobiMart Koramangala,F13,OnePlus 14,flagship,confirmed,1,past peak with declining store trend; last two weeks below 40% of prior six-week average,0.0,1.0,60399,0.28125,16987.21875,6.0,0.2,,,1254.4407692307693,4227.929999999999,5482.370769230769,HOLD,5482.370769230769,"MobiMart Koramangala, OnePlus 14, 1 units at risk (past peak with declining store trend; last two weeks below 40% of prior six-week average; no successor within four weeks):
- Markdown (28%): Rs 16,987 margin lost
- Transfer: unavailable; No better-fit store is available without creating another at-risk position.
- Hold: Rs 1,254 opportunity cost + Rs 4,228 markdown risk = Rs 5,482
RECOMMENDED: HOLD at Rs 5,482"
BLR-02,MobiMart Koramangala,F10,iPhone 17,flagship,confirmed,1,past expected lifecycle,1.0,0.5,66400,0.28500000000000003,18924.000000000004,1.0,0.98,,,229.84615384615384,22775.2,23005.046153846153,MARKDOWN,18924.000000000004,"MobiMart Koramangala, iPhone 17, 1 units at risk (past expected lifecycle; no successor within four weeks):
- Markdown (29%): Rs 18,924 margin lost
- Transfer: unavailable; No better-fit store is available without creating another at-risk position.
- Hold: Rs 230 opportunity cost + Rs 22,775 markdown risk = Rs 23,005
RECOMMENDED: MARKDOWN at Rs 18,924"
BLR-01,MobiMart Jayanagar,F05,Pixel 9 Pro,flagship,confirmed,1,past expected lifecycle,0.0,0.0,89165,0.28500000000000003,25412.025,6.0,0.2,,,1851.8884615384616,6241.549999999999,8093.438461538461,HOLD,8093.438461538461,"MobiMart Jayanagar, Pixel 9 Pro, 1 units at risk (past expected lifecycle; no successor within four weeks):
- Markdown (29%): Rs 25,412 margin lost
- Transfer: unavailable; No better-fit store is available without creating another at-risk position.
- Hold: Rs 1,852 opportunity cost + Rs 6,242 markdown risk = Rs 8,093
RECOMMENDED: HOLD at Rs 8,093"
BLR-02,MobiMart Koramangala,F02,iPhone 16,flagship,confirmed,1,past expected lifecycle,0.0,0.0,66229,0.28500000000000003,18875.265000000003,6.0,0.2,,,1375.5253846153846,4636.03,6011.555384615384,HOLD,6011.555384615384,"MobiMart Koramangala, iPhone 16, 1 units at risk (past expected lifecycle; no successor within four weeks):
- Markdown (29%): Rs 18,875 margin lost
- Transfer: unavailable; No better-fit store is available without creating another at-risk position.
- Hold: Rs 1,376 opportunity cost + Rs 4,636 markdown risk = Rs 6,012
RECOMMENDED: HOLD at Rs 6,012"
BLR-04,MobiMart Whitefield,F01,Samsung Galaxy S25,flagship,confirmed,1,past expected lifecycle,0.0,0.0,61349,0.28500000000000003,17484.465,6.0,0.2,,,1274.1715384615384,4294.429999999999,5568.6015384615375,HOLD,5568.6015384615375,"MobiMart Whitefield, Samsung Galaxy S25, 1 units at risk (past expected lifecycle; no successor within four weeks):
- Markdown (29%): Rs 17,484 margin lost
- Transfer: unavailable; No better-fit store is available without creating another at-risk position.
- Hold: Rs 1,274 opportunity cost + Rs 4,294 markdown risk = Rs 5,569
RECOMMENDED: HOLD at Rs 5,569"
BLR-05,MobiMart Malleshwaram,M02,Redmi Note 14,mid,confirmed,1,past expected lifecycle,0.0,0.0,16548,0.28500000000000003,4716.18,6.0,0.2,MAN-01,506.6426301369863,343.6892307692308,1158.36,1502.0492307692307,TRANSFER,506.6426301369863,"MobiMart Malleshwaram, Redmi Note 14, 1 units at risk (past expected lifecycle; no successor within four weeks):
- Markdown (29%): Rs 4,716 margin lost
- Transfer: Rs 507; Transfer target MobiMart Court Road at Rs 474/unit plus 4-day holding cost.
- Hold: Rs 344 opportunity cost + Rs 1,158 markdown risk = Rs 1,502
RECOMMENDED: TRANSFER at Rs 507"
BLR-04,MobiMart Whitefield,M02,Redmi Note 14,mid,confirmed,2,past expected lifecycle,0.0,0.0,33096,0.28500000000000003,9432.36,6.0,0.2,MAN-01,1641.2852602739727,687.3784615384616,2316.72,3004.0984615384614,TRANSFER,1641.2852602739727,"MobiMart Whitefield, Redmi Note 14, 2 units at risk (past expected lifecycle; no successor within four weeks):
- Markdown (29%): Rs 9,432 margin lost
- Transfer: Rs 1,641; Transfer target MobiMart Court Road at Rs 788/unit plus 4-day holding cost.
- Hold: Rs 687 opportunity cost + Rs 2,317 markdown risk = Rs 3,004
RECOMMENDED: TRANSFER at Rs 1,641"
MYS-01,MobiMart Devaraja Mohalla,M11,Samsung Galaxy A27,mid,confirmed,1,past peak with declining store trend; last two weeks below 40% of prior six-week average; past expected lifecycle,0.0,0.16666666666666666,20687,0.3,6206.099999999999,6.0,0.2,,,429.65307692307687,1448.0900000000001,1877.743076923077,HOLD,1877.743076923077,"MobiMart Devaraja Mohalla, Samsung Galaxy A27, 1 units at risk (past peak with declining store trend; last two weeks below 40% of prior six-week average; past expected lifecycle; no successor within four weeks):
- Markdown (30%): Rs 6,206 margin lost
- Transfer: unavailable; No better-fit store is available without creating another at-risk position.
- Hold: Rs 430 opportunity cost + Rs 1,448 markdown risk = Rs 1,878
RECOMMENDED: HOLD at Rs 1,878"
BLR-07,MobiMart Yelahanka,M04,OnePlus Nord CE5,mid,confirmed,1,past peak with declining store trend; last two weeks below 40% of prior six-week average; past expected lifecycle,0.0,0.16666666666666666,21389,0.3,6416.7,6.0,0.2,,,444.2330769230769,1497.23,1941.4630769230769,HOLD,1941.4630769230769,"MobiMart Yelahanka, OnePlus Nord CE5, 1 units at risk (past peak with declining store trend; last two weeks below 40% of prior six-week average; past expected lifecycle; no successor within four weeks):
- Markdown (30%): Rs 6,417 margin lost
- Transfer: unavailable; No better-fit store is available without creating another at-risk position.
- Hold: Rs 444 opportunity cost + Rs 1,497 markdown risk = Rs 1,941
RECOMMENDED: HOLD at Rs 1,941"
UDU-01,MobiMart Udupi Main Road,M04,OnePlus Nord CE5,mid,confirmed,1,past expected lifecycle,0.0,0.0,21389,0.28500000000000003,6095.865000000001,6.0,0.2,,,444.2330769230769,1497.23,1941.4630769230769,HOLD,1941.4630769230769,"MobiMart Udupi Main Road, OnePlus Nord CE5, 1 units at risk (past expected lifecycle; no successor within four weeks):
- Markdown (29%): Rs 6,096 margin lost
- Transfer: unavailable; No better-fit store is available without creating another at-risk position.
- Hold: Rs 444 opportunity cost + Rs 1,497 markdown risk = Rs 1,941
RECOMMENDED: HOLD at Rs 1,941"
MYS-01,MobiMart Devaraja Mohalla,F18,Samsung Galaxy Z Fold8,flagship,confirmed,1,last two weeks below 40% of prior six-week average,0.0,0.3333333333333333,117464,0.27,31715.280000000002,6.0,0.2,BLR-04,866.7098082191781,2439.6369230769233,8222.48,10662.116923076923,TRANSFER,866.7098082191781,"MobiMart Devaraja Mohalla, Samsung Galaxy Z Fold8, 1 units at risk (last two weeks below 40% of prior six-week average; no successor within four weeks):
- Markdown (27%): Rs 31,715 margin lost
- Transfer: Rs 867; Transfer target MobiMart Whitefield at Rs 635/unit plus 4-day holding cost.
- Hold: Rs 2,440 opportunity cost + Rs 8,222 markdown risk = Rs 10,662
RECOMMENDED: TRANSFER at Rs 867"
MAN-02,MobiMart Kottara,M04,OnePlus Nord CE5,mid,confirmed,1,past expected lifecycle,0.0,0.0,21389,0.28500000000000003,6095.865000000001,6.0,0.2,,,444.2330769230769,1497.23,1941.4630769230769,HOLD,1941.4630769230769,"MobiMart Kottara, OnePlus Nord CE5, 1 units at risk (past expected lifecycle; no successor within four weeks):
- Markdown (29%): Rs 6,096 margin lost
- Transfer: unavailable; No better-fit store is available without creating another at-risk position.
- Hold: Rs 444 opportunity cost + Rs 1,497 markdown risk = Rs 1,941
RECOMMENDED: HOLD at Rs 1,941"
BLR-08,MobiMart Electronic City,M10,OnePlus Nord 5,mid,confirmed,1,past expected lifecycle,1.5,1.0,25610,0.28500000000000003,7298.85,1.0,0.98,,,88.65,8784.23,8872.88,MARKDOWN,7298.85,"MobiMart Electronic City, OnePlus Nord 5, 1 units at risk (past expected lifecycle; no successor within four weeks):
- Markdown (29%): Rs 7,299 margin lost
- Transfer: unavailable; No better-fit store is available without creating another at-risk position.
- Hold: Rs 89 opportunity cost + Rs 8,784 markdown risk = Rs 8,873
RECOMMENDED: MARKDOWN at Rs 7,299"
BLR-01,MobiMart Jayanagar,F04,Vivo X200,flagship,confirmed,1,past expected lifecycle,0.0,0.0,53816,0.28500000000000003,15337.560000000001,6.0,0.2,,,1117.716923076923,3767.12,4884.836923076923,HOLD,4884.836923076923,"MobiMart Jayanagar, Vivo X200, 1 units at risk (past expected lifecycle; no successor within four weeks):
- Markdown (29%): Rs 15,338 margin lost
- Transfer: unavailable; No better-fit store is available without creating another at-risk position.
- Hold: Rs 1,118 opportunity cost + Rs 3,767 markdown risk = Rs 4,885
RECOMMENDED: HOLD at Rs 4,885"
HUB-01,MobiMart Vidya Nagar,M02,Redmi Note 14,mid,confirmed,1,past peak with declining store trend; last two weeks below 40% of prior six-week average; past expected lifecycle,0.0,0.16666666666666666,16548,0.3,4964.4,6.0,0.2,MAN-01,544.6426301369863,343.6892307692308,1158.36,1502.0492307692307,TRANSFER,544.6426301369863,"MobiMart Vidya Nagar, Redmi Note 14, 1 units at risk (past peak with declining store trend; last two weeks below 40% of prior six-week average; past expected lifecycle; no successor within four weeks):
- Markdown (30%): Rs 4,964 margin lost
- Transfer: Rs 545; Transfer target MobiMart Court Road at Rs 512/unit plus 4-day holding cost.
- Hold: Rs 344 opportunity cost + Rs 1,158 markdown risk = Rs 1,502
RECOMMENDED: TRANSFER at Rs 545"
BLR-01,MobiMart Jayanagar,F06,Xiaomi 15,flagship,confirmed,1,past expected lifecycle,0.0,0.0,53059,0.28500000000000003,15121.815000000002,6.0,0.2,,,1101.9946153846151,3714.1299999999997,4816.124615384615,HOLD,4816.124615384615,"MobiMart Jayanagar, Xiaomi 15, 1 units at risk (past expected lifecycle; no successor within four weeks):
- Markdown (29%): Rs 15,122 margin lost
- Transfer: unavailable; No better-fit store is available without creating another at-risk position.
- Hold: Rs 1,102 opportunity cost + Rs 3,714 markdown risk = Rs 4,816
RECOMMENDED: HOLD at Rs 4,816"
TUM-01,MobiMart MG Road,M09,Samsung Galaxy A36,mid,confirmed,1,past expected lifecycle,0.0,0.0,28135,0.28500000000000003,8018.475000000001,6.0,0.2,BLR-04,465.4991780821918,584.3423076923077,1969.45,2553.792307692308,TRANSFER,465.4991780821918,"MobiMart MG Road, Samsung Galaxy A36, 1 units at risk (past expected lifecycle; no successor within four weeks):
- Markdown (29%): Rs 8,018 margin lost
- Transfer: Rs 465; Transfer target MobiMart Whitefield at Rs 410/unit plus 4-day holding cost.
- Hold: Rs 584 opportunity cost + Rs 1,969 markdown risk = Rs 2,554
RECOMMENDED: TRANSFER at Rs 465"
BLR-01,MobiMart Jayanagar,M03,Realme 14 Pro,mid,confirmed,2,past expected lifecycle,0.0,0.0,48746,0.28500000000000003,13892.610000000002,6.0,0.2,BLR-08,758.1564931506849,1012.416923076923,3412.22,4424.636923076923,TRANSFER,758.1564931506849,"MobiMart Jayanagar, Realme 14 Pro, 2 units at risk (past expected lifecycle; no successor within four weeks):
- Markdown (29%): Rs 13,893 margin lost
- Transfer: Rs 758; Transfer target MobiMart Electronic City at Rs 331/unit plus 4-day holding cost.
- Hold: Rs 1,012 opportunity cost + Rs 3,412 markdown risk = Rs 4,425
RECOMMENDED: TRANSFER at Rs 758"
BLR-03,MobiMart Indiranagar,M13,Realme 15 Pro,mid,confirmed,1,past peak with declining store trend; last two weeks below 40% of prior six-week average,0.5,1.3333333333333333,25696,0.27,6937.92,2.0,0.8400000000000001,,,177.89538461538461,7554.624,7732.519384615384,MARKDOWN,6937.92,"MobiMart Indiranagar, Realme 15 Pro, 1 units at risk (past peak with declining store trend; last two weeks below 40% of prior six-week average; no successor within four weeks):
- Markdown (27%): Rs 6,938 margin lost
- Transfer: unavailable; No better-fit store is available without creating another at-risk position.
- Hold: Rs 178 opportunity cost + Rs 7,555 markdown risk = Rs 7,733
RECOMMENDED: MARKDOWN at Rs 6,938"
MYS-01,MobiMart Devaraja Mohalla,M13,Realme 15 Pro,mid,confirmed,1,past peak with declining store trend; last two weeks below 40% of prior six-week average,0.5,1.3333333333333333,25696,0.27,6937.92,2.0,0.8400000000000001,BLR-02,791.688,177.89538461538461,7554.624,7732.519384615384,TRANSFER,791.688,"MobiMart Devaraja Mohalla, Realme 15 Pro, 1 units at risk (past peak with declining store trend; last two weeks below 40% of prior six-week average; no successor within four weeks):
- Markdown (27%): Rs 6,938 margin lost
- Transfer: Rs 792; Transfer target MobiMart Koramangala at Rs 741/unit plus 4-day holding cost.
- Hold: Rs 178 opportunity cost + Rs 7,555 markdown risk = Rs 7,733
RECOMMENDED: TRANSFER at Rs 792"
MAN-01,MobiMart Court Road,M13,Realme 15 Pro,mid,confirmed,1,past peak with declining store trend; last two weeks below 40% of prior six-week average,0.5,1.3333333333333333,25696,0.27,6937.92,2.0,0.8400000000000001,,,177.89538461538461,7554.624,7732.519384615384,MARKDOWN,6937.92,"MobiMart Court Road, Realme 15 Pro, 1 units at risk (past peak with declining store trend; last two weeks below 40% of prior six-week average; no successor within four weeks):
- Markdown (27%): Rs 6,938 margin lost
- Transfer: unavailable; No better-fit store is available without creating another at-risk position.
- Hold: Rs 178 opportunity cost + Rs 7,555 markdown risk = Rs 7,733
RECOMMENDED: MARKDOWN at Rs 6,938"
BEL-01,MobiMart Cantonment,M03,Realme 14 Pro,mid,confirmed,1,past expected lifecycle,0.0,0.0,24373,0.28500000000000003,6946.305000000001,6.0,0.2,BLR-08,594.0782465753425,506.2084615384615,1706.11,2212.3184615384616,TRANSFER,594.0782465753425,"MobiMart Cantonment, Realme 14 Pro, 1 units at risk (past expected lifecycle; no successor within four weeks):
- Markdown (29%): Rs 6,946 margin lost
- Transfer: Rs 594; Transfer target MobiMart Electronic City at Rs 546/unit plus 4-day holding cost.
- Hold: Rs 506 opportunity cost + Rs 1,706 markdown risk = Rs 2,212
RECOMMENDED: TRANSFER at Rs 594"
MYS-01,MobiMart Devaraja Mohalla,F12,iPhone 17 Pro,flagship,confirmed,1,past peak with declining store trend; last two weeks below 40% of prior six-week average,0.0,0.5,98296,0.28500000000000003,28014.360000000004,6.0,0.2,BLR-01,805.8989589041096,2041.5323076923073,6880.72,8922.252307692308,TRANSFER,805.8989589041096,"MobiMart Devaraja Mohalla, iPhone 17 Pro, 1 units at risk (past peak with declining store trend; last two weeks below 40% of prior six-week average; no successor within four weeks):
- Markdown (29%): Rs 28,014 margin lost
- Transfer: Rs 806; Transfer target MobiMart Jayanagar at Rs 612/unit plus 4-day holding cost.
- Hold: Rs 2,042 opportunity cost + Rs 6,881 markdown risk = Rs 8,922
RECOMMENDED: TRANSFER at Rs 806"
BLR-01,MobiMart Jayanagar,F01,Samsung Galaxy S25,flagship,confirmed,1,past expected lifecycle,0.0,0.0,61349,0.28500000000000003,17484.465,6.0,0.2,,,1274.1715384615384,4294.429999999999,5568.6015384615375,HOLD,5568.6015384615375,"MobiMart Jayanagar, Samsung Galaxy S25, 1 units at risk (past expected lifecycle; no successor within four weeks):
- Markdown (29%): Rs 17,484 margin lost
- Transfer: unavailable; No better-fit store is available without creating another at-risk position.
- Hold: Rs 1,274 opportunity cost + Rs 4,294 markdown risk = Rs 5,569
RECOMMENDED: HOLD at Rs 5,569"
BLR-01,MobiMart Jayanagar,M02,Redmi Note 14,mid,confirmed,2,past expected lifecycle,0.0,0.0,33096,0.28500000000000003,9432.36,6.0,0.2,MAN-01,953.2852602739727,687.3784615384616,2316.72,3004.0984615384614,TRANSFER,953.2852602739727,"MobiMart Jayanagar, Redmi Note 14, 2 units at risk (past expected lifecycle; no successor within four weeks):
- Markdown (29%): Rs 9,432 margin lost
- Transfer: Rs 953; Transfer target MobiMart Court Road at Rs 444/unit plus 4-day holding cost.
- Hold: Rs 687 opportunity cost + Rs 2,317 markdown risk = Rs 3,004
RECOMMENDED: TRANSFER at Rs 953"
BEL-01,MobiMart Cantonment,M02,Redmi Note 14,mid,confirmed,1,past expected lifecycle,0.0,0.0,16548,0.28500000000000003,4716.18,6.0,0.2,MAN-01,360.6426301369863,343.6892307692308,1158.36,1502.0492307692307,TRANSFER,360.6426301369863,"MobiMart Cantonment, Redmi Note 14, 1 units at risk (past expected lifecycle; no successor within four weeks):
- Markdown (29%): Rs 4,716 margin lost
- Transfer: Rs 361; Transfer target MobiMart Court Road at Rs 328/unit plus 4-day holding cost.
- Hold: Rs 344 opportunity cost + Rs 1,158 markdown risk = Rs 1,502
RECOMMENDED: TRANSFER at Rs 361"
HUB-01,MobiMart Vidya Nagar,M16,Motorola Edge 70 Fusion,mid,confirmed,2,past peak with declining store trend,1.0,1.1666666666666667,41360,0.16363636363636364,6768.0,2.0,0.8400000000000001,BLR-08,893.5868493150685,286.3384615384615,12159.84,12446.178461538462,TRANSFER,893.5868493150685,"MobiMart Vidya Nagar, Motorola Edge 70 Fusion, 2 units at risk (past peak with declining store trend; no successor within four weeks):
- Markdown (16%): Rs 6,768 margin lost
- Transfer: Rs 894; Transfer target MobiMart Electronic City at Rs 406/unit plus 4-day holding cost.
- Hold: Rs 286 opportunity cost + Rs 12,160 markdown risk = Rs 12,446
RECOMMENDED: TRANSFER at Rs 894"
BLR-06,MobiMart Rajajinagar,M03,Realme 14 Pro,mid,confirmed,1,past expected lifecycle,0.0,0.0,24373,0.28500000000000003,6946.305000000001,6.0,0.2,BLR-08,416.07824657534246,506.2084615384615,1706.11,2212.3184615384616,TRANSFER,416.07824657534246,"MobiMart Rajajinagar, Realme 14 Pro, 1 units at risk (past expected lifecycle; no successor within four weeks):
- Markdown (29%): Rs 6,946 margin lost
- Transfer: Rs 416; Transfer target MobiMart Electronic City at Rs 368/unit plus 4-day holding cost.
- Hold: Rs 506 opportunity cost + Rs 1,706 markdown risk = Rs 2,212
RECOMMENDED: TRANSFER at Rs 416"
HUB-02,MobiMart Gokul Road,M14,OnePlus Nord CE6,mid,confirmed,1,past peak with declining store trend,0.5,1.1666666666666667,22726,0.22857142857142856,5194.5142857142855,2.0,0.8400000000000001,BLR-04,447.8293698630137,157.33384615384614,6681.444,6838.777846153846,TRANSFER,447.8293698630137,"MobiMart Gokul Road, OnePlus Nord CE6, 1 units at risk (past peak with declining store trend; no successor within four weeks):
- Markdown (23%): Rs 5,195 margin lost
- Transfer: Rs 448; Transfer target MobiMart Whitefield at Rs 403/unit plus 4-day holding cost.
- Hold: Rs 157 opportunity cost + Rs 6,681 markdown risk = Rs 6,839
RECOMMENDED: TRANSFER at Rs 448"
BLR-06,MobiMart Rajajinagar,M02,Redmi Note 14,mid,confirmed,1,past peak with declining store trend; last two weeks below 40% of prior six-week average; past expected lifecycle,0.0,0.16666666666666666,16548,0.3,4964.4,6.0,0.2,MAN-01,403.6426301369863,343.6892307692308,1158.36,1502.0492307692307,TRANSFER,403.6426301369863,"MobiMart Rajajinagar, Redmi Note 14, 1 units at risk (past peak with declining store trend; last two weeks below 40% of prior six-week average; past expected lifecycle; no successor within four weeks):
- Markdown (30%): Rs 4,964 margin lost
- Transfer: Rs 404; Transfer target MobiMart Court Road at Rs 371/unit plus 4-day holding cost.
- Hold: Rs 344 opportunity cost + Rs 1,158 markdown risk = Rs 1,502
RECOMMENDED: TRANSFER at Rs 404"
BLR-03,MobiMart Indiranagar,F03,OnePlus 13,flagship,confirmed,1,past expected lifecycle,1.0,0.5,55530,0.28500000000000003,15826.050000000001,1.0,0.98,,,192.21923076923076,19046.79,19239.009230769232,MARKDOWN,15826.050000000001,"MobiMart Indiranagar, OnePlus 13, 1 units at risk (past expected lifecycle; no successor within four weeks):
- Markdown (29%): Rs 15,826 margin lost
- Transfer: unavailable; No better-fit store is available without creating another at-risk position.
- Hold: Rs 192 opportunity cost + Rs 19,047 markdown risk = Rs 19,239
RECOMMENDED: MARKDOWN at Rs 15,826"
BLR-01,MobiMart Jayanagar,B01,Nokia 110 Power,budget,confirmed,2,past peak with declining store trend; last two weeks below 40% of prior six-week average; past expected lifecycle,0.0,0.16666666666666666,12880,0.3,3864.0,6.0,0.2,TUM-02,1205.4071232876713,267.5076923076923,901.6,1169.1076923076923,HOLD,1169.1076923076923,"MobiMart Jayanagar, Nokia 110 Power, 2 units at risk (past peak with declining store trend; last two weeks below 40% of prior six-week average; past expected lifecycle; no successor within four weeks):
- Markdown (30%): Rs 3,864 margin lost
- Transfer: Rs 1,205; Transfer target MobiMart SS Puram at Rs 590/unit plus 4-day holding cost.
- Hold: Rs 268 opportunity cost + Rs 902 markdown risk = Rs 1,169
RECOMMENDED: HOLD at Rs 1,169"
BEL-01,MobiMart Cantonment,B01,Nokia 110 Power,budget,confirmed,1,past expected lifecycle,0.0,0.0,6440,0.28500000000000003,1835.4,6.0,0.2,,,133.75384615384615,450.8,584.5538461538462,HOLD,584.5538461538462,"MobiMart Cantonment, Nokia 110 Power, 1 units at risk (past expected lifecycle; no successor within four weeks):
- Markdown (29%): Rs 1,835 margin lost
- Transfer: unavailable; No better-fit store is available without creating another at-risk position.
- Hold: Rs 134 opportunity cost + Rs 451 markdown risk = Rs 585
RECOMMENDED: HOLD at Rs 585"
BLR-01,MobiMart Jayanagar,B05,Moto G15 Play,budget,confirmed,2,past peak with declining store trend; last two weeks below 40% of prior six-week average; past expected lifecycle,0.0,0.16666666666666666,20254,0.3,6076.2,6.0,0.2,TUM-02,751.953095890411,420.65999999999997,1417.78,1838.44,TRANSFER,751.953095890411,"MobiMart Jayanagar, Moto G15 Play, 2 units at risk (past peak with declining store trend; last two weeks below 40% of prior six-week average; past expected lifecycle; no successor within four weeks):
- Markdown (30%): Rs 6,076 margin lost
- Transfer: Rs 752; Transfer target MobiMart SS Puram at Rs 356/unit plus 4-day holding cost.
- Hold: Rs 421 opportunity cost + Rs 1,418 markdown risk = Rs 1,838
RECOMMENDED: TRANSFER at Rs 752"
MYS-01,MobiMart Devaraja Mohalla,M02,Redmi Note 14,mid,confirmed,1,past expected lifecycle,0.0,0.0,16548,0.28500000000000003,4716.18,6.0,0.2,MAN-01,628.6426301369863,343.6892307692308,1158.36,1502.0492307692307,TRANSFER,628.6426301369863,"MobiMart Devaraja Mohalla, Redmi Note 14, 1 units at risk (past expected lifecycle; no successor within four weeks):
- Markdown (29%): Rs 4,716 margin lost
- Transfer: Rs 629; Transfer target MobiMart Court Road at Rs 596/unit plus 4-day holding cost.
- Hold: Rs 344 opportunity cost + Rs 1,158 markdown risk = Rs 1,502
RECOMMENDED: TRANSFER at Rs 629"
BLR-03,MobiMart Indiranagar,F07,iPhone 16 Pro,flagship,confirmed,1,past expected lifecycle,0.0,0.0,99781,0.28500000000000003,28437.585000000003,6.0,0.2,,,2072.374615384615,6984.67,9057.044615384615,HOLD,9057.044615384615,"MobiMart Indiranagar, iPhone 16 Pro, 1 units at risk (past expected lifecycle; no successor within four weeks):
- Markdown (29%): Rs 28,438 margin lost
- Transfer: unavailable; No better-fit store is available without creating another at-risk position.
- Hold: Rs 2,072 opportunity cost + Rs 6,985 markdown risk = Rs 9,057
RECOMMENDED: HOLD at Rs 9,057"
DAV-01,MobiMart PJ Extension,M12,Redmi Note 15,mid,confirmed,1,past peak with declining store trend,0.5,0.6666666666666666,17217,0.275,4734.675,2.0,0.8400000000000001,MAN-01,618.962301369863,119.19461538461539,5061.798000000001,5180.992615384616,TRANSFER,618.962301369863,"MobiMart PJ Extension, Redmi Note 15, 1 units at risk (past peak with declining store trend; no successor within four weeks):
- Markdown (28%): Rs 4,735 margin lost
- Transfer: Rs 619; Transfer target MobiMart Court Road at Rs 585/unit plus 4-day holding cost.
- Hold: Rs 119 opportunity cost + Rs 5,062 markdown risk = Rs 5,181
RECOMMENDED: TRANSFER at Rs 619"
KAL-01,MobiMart KCD Road,M12,Redmi Note 15,mid,confirmed,1,past peak with declining store trend; last two weeks below 40% of prior six-week average,0.5,1.3333333333333333,17217,0.275,4734.675,2.0,0.8400000000000001,MAN-01,777.962301369863,119.19461538461539,5061.798000000001,5180.992615384616,TRANSFER,777.962301369863,"MobiMart KCD Road, Redmi Note 15, 1 units at risk (past peak with declining store trend; last two weeks below 40% of prior six-week average; no successor within four weeks):
- Markdown (28%): Rs 4,735 margin lost
- Transfer: Rs 778; Transfer target MobiMart Court Road at Rs 744/unit plus 4-day holding cost.
- Hold: Rs 119 opportunity cost + Rs 5,062 markdown risk = Rs 5,181
RECOMMENDED: TRANSFER at Rs 778"
BLR-06,MobiMart Rajajinagar,B01,Nokia 110 Power,budget,confirmed,1,past peak with declining store trend; last two weeks below 40% of prior six-week average; past expected lifecycle,0.0,0.3333333333333333,6440,0.3,1932.0,6.0,0.2,,,133.75384615384615,450.8,584.5538461538462,HOLD,584.5538461538462,"MobiMart Rajajinagar, Nokia 110 Power, 1 units at risk (past peak with declining store trend; last two weeks below 40% of prior six-week average; past expected lifecycle; no successor within four weeks):
- Markdown (30%): Rs 1,932 margin lost
- Transfer: unavailable; No better-fit store is available without creating another at-risk position.
- Hold: Rs 134 opportunity cost + Rs 451 markdown risk = Rs 585
RECOMMENDED: HOLD at Rs 585"
BLR-01,MobiMart Jayanagar,M06,Motorola Edge 60 Fusion,mid,confirmed,2,past expected lifecycle,0.0,0.0,40258,0.28500000000000003,11473.53,6.0,0.2,MAN-01,1161.4130410958903,836.1276923076923,2818.06,3654.1876923076925,TRANSFER,1161.4130410958903,"MobiMart Jayanagar, Motorola Edge 60 Fusion, 2 units at risk (past expected lifecycle; no successor within four weeks):
- Markdown (29%): Rs 11,474 margin lost
- Transfer: Rs 1,161; Transfer target MobiMart Court Road at Rs 541/unit plus 4-day holding cost.
- Hold: Rs 836 opportunity cost + Rs 2,818 markdown risk = Rs 3,654
RECOMMENDED: TRANSFER at Rs 1,161"
BLR-01,MobiMart Jayanagar,M14,OnePlus Nord CE6,mid,confirmed,2,past peak with declining store trend,1.0,1.5,45452,0.22857142857142856,10389.028571428571,2.0,0.8400000000000001,,,314.6676923076923,13362.888,13677.555692307693,MARKDOWN,10389.028571428571,"MobiMart Jayanagar, OnePlus Nord CE6, 2 units at risk (past peak with declining store trend; no successor within four weeks):
- Markdown (23%): Rs 10,389 margin lost
- Transfer: unavailable; No better-fit store is available without creating another at-risk position.
- Hold: Rs 315 opportunity cost + Rs 13,363 markdown risk = Rs 13,678
RECOMMENDED: MARKDOWN at Rs 10,389"
BLR-03,MobiMart Indiranagar,M11,Samsung Galaxy A27,mid,confirmed,1,past expected lifecycle,1.0,0.8333333333333334,20687,0.28500000000000003,5895.795000000001,1.0,0.98,,,71.60884615384614,7095.641,7167.249846153846,MARKDOWN,5895.795000000001,"MobiMart Indiranagar, Samsung Galaxy A27, 1 units at risk (past expected lifecycle; no successor within four weeks):
- Markdown (29%): Rs 5,896 margin lost
- Transfer: unavailable; No better-fit store is available without creating another at-risk position.
- Hold: Rs 72 opportunity cost + Rs 7,096 markdown risk = Rs 7,167
RECOMMENDED: MARKDOWN at Rs 5,896"
SHI-01,MobiMart Vidya Nagar,M11,Samsung Galaxy A27,mid,confirmed,1,past peak with declining store trend; last two weeks below 40% of prior six-week average; past expected lifecycle,0.0,0.16666666666666666,20687,0.3,6206.099999999999,6.0,0.2,,,429.65307692307687,1448.0900000000001,1877.743076923077,HOLD,1877.743076923077,"MobiMart Vidya Nagar, Samsung Galaxy A27, 1 units at risk (past peak with declining store trend; last two weeks below 40% of prior six-week average; past expected lifecycle; no successor within four weeks):
- Markdown (30%): Rs 6,206 margin lost
- Transfer: unavailable; No better-fit store is available without creating another at-risk position.
- Hold: Rs 430 opportunity cost + Rs 1,448 markdown risk = Rs 1,878
RECOMMENDED: HOLD at Rs 1,878"
MYS-02,MobiMart Kuvempunagar,B15,Moto G16 Play,budget,confirmed,3,past peak with declining store trend,2.5,3.0,31764,0.21346153846153845,6780.392307692307,2.0,0.8400000000000001,,,219.90461538461537,9338.616,9558.520615384616,MARKDOWN,6780.392307692307,"MobiMart Kuvempunagar, Moto G16 Play, 3 units at risk (past peak with declining store trend; no successor within four weeks):
- Markdown (21%): Rs 6,780 margin lost
- Transfer: unavailable; No better-fit store is available without creating another at-risk position.
- Hold: Rs 220 opportunity cost + Rs 9,339 markdown risk = Rs 9,559
RECOMMENDED: MARKDOWN at Rs 6,780"
BLR-02,MobiMart Koramangala,M01,Samsung Galaxy A26,mid,confirmed,2,past peak with declining store trend; last two weeks below 40% of prior six-week average; past expected lifecycle,0.0,0.3333333333333333,40920,0.3,12276.0,6.0,0.2,,,849.8769230769229,2864.4,3714.276923076923,HOLD,3714.276923076923,"MobiMart Koramangala, Samsung Galaxy A26, 2 units at risk (past peak with declining store trend; last two weeks below 40% of prior six-week average; past expected lifecycle; no successor within four weeks):
- Markdown (30%): Rs 12,276 margin lost
- Transfer: unavailable; No better-fit store is available without creating another at-risk position.
- Hold: Rs 850 opportunity cost + Rs 2,864 markdown risk = Rs 3,714
RECOMMENDED: HOLD at Rs 3,714"
BLR-06,MobiMart Rajajinagar,M08,Nothing Phone (3a),mid,confirmed,1,past peak with declining store trend; last two weeks below 40% of prior six-week average; past expected lifecycle,0.0,0.16666666666666666,24519,0.3,7355.7,6.0,0.2,MAN-01,403.3662465753425,509.2407692307693,1716.33,2225.570769230769,TRANSFER,403.3662465753425,"MobiMart Rajajinagar, Nothing Phone (3a), 1 units at risk (past peak with declining store trend; last two weeks below 40% of prior six-week average; past expected lifecycle; no successor within four weeks):
- Markdown (30%): Rs 7,356 margin lost
- Transfer: Rs 403; Transfer target MobiMart Court Road at Rs 355/unit plus 4-day holding cost.
- Hold: Rs 509 opportunity cost + Rs 1,716 markdown risk = Rs 2,226
RECOMMENDED: TRANSFER at Rs 403"
MYS-02,MobiMart Kuvempunagar,M04,OnePlus Nord CE5,mid,confirmed,1,past expected lifecycle,0.0,0.0,21389,0.28500000000000003,6095.865000000001,6.0,0.2,,,444.2330769230769,1497.23,1941.4630769230769,HOLD,1941.4630769230769,"MobiMart Kuvempunagar, OnePlus Nord CE5, 1 units at risk (past expected lifecycle; no successor within four weeks):
- Markdown (29%): Rs 6,096 margin lost
- Transfer: unavailable; No better-fit store is available without creating another at-risk position.
- Hold: Rs 444 opportunity cost + Rs 1,497 markdown risk = Rs 1,941
RECOMMENDED: HOLD at Rs 1,941"
DAV-01,MobiMart PJ Extension,M03,Realme 14 Pro,mid,confirmed,1,past expected lifecycle,0.0,0.0,24373,0.28500000000000003,6946.305000000001,6.0,0.2,BLR-08,509.07824657534246,506.2084615384615,1706.11,2212.3184615384616,TRANSFER,509.07824657534246,"MobiMart PJ Extension, Realme 14 Pro, 1 units at risk (past expected lifecycle; no successor within four weeks):
- Markdown (29%): Rs 6,946 margin lost
- Transfer: Rs 509; Transfer target MobiMart Electronic City at Rs 461/unit plus 4-day holding cost.
- Hold: Rs 506 opportunity cost + Rs 1,706 markdown risk = Rs 2,212
RECOMMENDED: TRANSFER at Rs 509"
MYS-01,MobiMart Devaraja Mohalla,F16,Xiaomi 16,flagship,confirmed,1,past peak with declining store trend; last two weeks below 40% of prior six-week average,0.0,0.16666666666666666,54216,0.27,14638.320000000002,6.0,0.2,BLR-03,654.9466301369863,1126.0246153846153,3795.12,4921.1446153846155,TRANSFER,654.9466301369863,"MobiMart Devaraja Mohalla, Xiaomi 16, 1 units at risk (past peak with declining store trend; last two weeks below 40% of prior six-week average; no successor within four weeks):
- Markdown (27%): Rs 14,638 margin lost
- Transfer: Rs 655; Transfer target MobiMart Indiranagar at Rs 548/unit plus 4-day holding cost.
- Hold: Rs 1,126 opportunity cost + Rs 3,795 markdown risk = Rs 4,921
RECOMMENDED: TRANSFER at Rs 655"
BLR-07,MobiMart Yelahanka,M15,Vivo V51e,mid,confirmed,2,past peak with declining store trend,1.0,1.6666666666666667,53306,0.19999999999999998,10661.199999999999,2.0,0.8400000000000001,,,369.04153846153844,15671.964,16041.005538461539,MARKDOWN,10661.199999999999,"MobiMart Yelahanka, Vivo V51e, 2 units at risk (past peak with declining store trend; no successor within four weeks):
- Markdown (20%): Rs 10,661 margin lost
- Transfer: unavailable; No better-fit store is available without creating another at-risk position.
- Hold: Rs 369 opportunity cost + Rs 15,672 markdown risk = Rs 16,041
RECOMMENDED: MARKDOWN at Rs 10,661"
BLR-01,MobiMart Jayanagar,F02,iPhone 16,flagship,confirmed,1,past expected lifecycle,0.0,0.0,66229,0.28500000000000003,18875.265000000003,6.0,0.2,,,1375.5253846153846,4636.03,6011.555384615384,HOLD,6011.555384615384,"MobiMart Jayanagar, iPhone 16, 1 units at risk (past expected lifecycle; no successor within four weeks):
- Markdown (29%): Rs 18,875 margin lost
- Transfer: unavailable; No better-fit store is available without creating another at-risk position.
- Hold: Rs 1,376 opportunity cost + Rs 4,636 markdown risk = Rs 6,012
RECOMMENDED: HOLD at Rs 6,012"
TUM-01,MobiMart MG Road,B15,Moto G16 Play,budget,confirmed,2,past peak with declining store trend; last two weeks below 40% of prior six-week average,1.0,3.5,21176,0.27,5717.52,2.0,0.8400000000000001,,,146.6030769230769,6225.744,6372.347076923076,MARKDOWN,5717.52,"MobiMart MG Road, Moto G16 Play, 2 units at risk (past peak with declining store trend; last two weeks below 40% of prior six-week average; no successor within four weeks):
- Markdown (27%): Rs 5,718 margin lost
- Transfer: unavailable; No better-fit store is available without creating another at-risk position.
- Hold: Rs 147 opportunity cost + Rs 6,226 markdown risk = Rs 6,372
RECOMMENDED: MARKDOWN at Rs 5,718"
SHI-01,MobiMart Vidya Nagar,M14,OnePlus Nord CE6,mid,confirmed,2,past peak with declining store trend; last two weeks below 40% of prior six-week average,0.5,1.5,45452,0.27,12272.04,4.0,0.52,BLR-04,993.6587397260274,629.3353846153846,8272.264,8901.599384615383,TRANSFER,993.6587397260274,"MobiMart Vidya Nagar, OnePlus Nord CE6, 2 units at risk (past peak with declining store trend; last two weeks below 40% of prior six-week average; no successor within four weeks):
- Markdown (27%): Rs 12,272 margin lost
- Transfer: Rs 994; Transfer target MobiMart Whitefield at Rs 452/unit plus 4-day holding cost.
- Hold: Rs 629 opportunity cost + Rs 8,272 markdown risk = Rs 8,902
RECOMMENDED: TRANSFER at Rs 994"
DAV-02,MobiMart MCC B Block,M10,OnePlus Nord 5,mid,confirmed,1,past peak with declining store trend; last two weeks below 40% of prior six-week average; past expected lifecycle,0.0,0.3333333333333333,25610,0.3,7683.0,6.0,0.2,,,531.9000000000001,1792.7,2324.6000000000004,HOLD,2324.6000000000004,"MobiMart MCC B Block, OnePlus Nord 5, 1 units at risk (past peak with declining store trend; last two weeks below 40% of prior six-week average; past expected lifecycle; no successor within four weeks):
- Markdown (30%): Rs 7,683 margin lost
- Transfer: unavailable; No better-fit store is available without creating another at-risk position.
- Hold: Rs 532 opportunity cost + Rs 1,793 markdown risk = Rs 2,325
RECOMMENDED: HOLD at Rs 2,325"
BLR-07,MobiMart Yelahanka,M03,Realme 14 Pro,mid,confirmed,1,past expected lifecycle,0.0,0.0,24373,0.28500000000000003,6946.305000000001,6.0,0.2,BLR-08,493.07824657534246,506.2084615384615,1706.11,2212.3184615384616,TRANSFER,493.07824657534246,"MobiMart Yelahanka, Realme 14 Pro, 1 units at risk (past expected lifecycle; no successor within four weeks):
- Markdown (29%): Rs 6,946 margin lost
- Transfer: Rs 493; Transfer target MobiMart Electronic City at Rs 445/unit plus 4-day holding cost.
- Hold: Rs 506 opportunity cost + Rs 1,706 markdown risk = Rs 2,212
RECOMMENDED: TRANSFER at Rs 493"
MAN-01,MobiMart Court Road,F08,Samsung Galaxy Z Flip7,flagship,confirmed,1,past expected lifecycle,0.0,0.0,78119,0.28500000000000003,22263.915,6.0,0.2,BLR-04,579.0977534246575,1622.4715384615383,5468.33,7090.801538461538,TRANSFER,579.0977534246575,"MobiMart Court Road, Samsung Galaxy Z Flip7, 1 units at risk (past expected lifecycle; no successor within four weeks):
- Markdown (29%): Rs 22,264 margin lost
- Transfer: Rs 579; Transfer target MobiMart Whitefield at Rs 425/unit plus 4-day holding cost.
- Hold: Rs 1,622 opportunity cost + Rs 5,468 markdown risk = Rs 7,091
RECOMMENDED: TRANSFER at Rs 579"
BLR-07,MobiMart Yelahanka,M02,Redmi Note 14,mid,confirmed,1,past expected lifecycle,0.0,0.0,16548,0.28500000000000003,4716.18,6.0,0.2,MAN-01,575.6426301369863,343.6892307692308,1158.36,1502.0492307692307,TRANSFER,575.6426301369863,"MobiMart Yelahanka, Redmi Note 14, 1 units at risk (past expected lifecycle; no successor within four weeks):
- Markdown (29%): Rs 4,716 margin lost
- Transfer: Rs 576; Transfer target MobiMart Court Road at Rs 543/unit plus 4-day holding cost.
- Hold: Rs 344 opportunity cost + Rs 1,158 markdown risk = Rs 1,502
RECOMMENDED: TRANSFER at Rs 576"
BLR-01,MobiMart Jayanagar,B04,Realme Note 60,budget,confirmed,2,past expected lifecycle,0.0,0.0,17572,0.28500000000000003,5008.02,6.0,0.2,TUM-01,1534.6625753424657,364.9569230769231,1230.04,1594.996923076923,TRANSFER,1534.6625753424657,"MobiMart Jayanagar, Realme Note 60, 2 units at risk (past expected lifecycle; no successor within four weeks):
- Markdown (29%): Rs 5,008 margin lost
- Transfer: Rs 1,535; Transfer target MobiMart MG Road at Rs 750/unit plus 4-day holding cost.
- Hold: Rs 365 opportunity cost + Rs 1,230 markdown risk = Rs 1,595
RECOMMENDED: TRANSFER at Rs 1,535"
UDU-01,MobiMart Udupi Main Road,M03,Realme 14 Pro,mid,confirmed,1,past expected lifecycle,0.0,0.0,24373,0.28500000000000003,6946.305000000001,6.0,0.2,BLR-08,823.0782465753425,506.2084615384615,1706.11,2212.3184615384616,TRANSFER,823.0782465753425,"MobiMart Udupi Main Road, Realme 14 Pro, 1 units at risk (past expected lifecycle; no successor within four weeks):
- Markdown (29%): Rs 6,946 margin lost
- Transfer: Rs 823; Transfer target MobiMart Electronic City at Rs 775/unit plus 4-day holding cost.
- Hold: Rs 506 opportunity cost + Rs 1,706 markdown risk = Rs 2,212
RECOMMENDED: TRANSFER at Rs 823"
BLR-01,MobiMart Jayanagar,B03,Redmi A5,budget,confirmed,2,past peak with declining store trend; last two weeks below 40% of prior six-week average; past expected lifecycle,0.0,0.16666666666666666,14802,0.3,4440.599999999999,6.0,0.2,UDU-01,1341.1984657534247,307.42615384615385,1036.14,1343.566153846154,TRANSFER,1341.1984657534247,"MobiMart Jayanagar, Redmi A5, 2 units at risk (past peak with declining store trend; last two weeks below 40% of prior six-week average; past expected lifecycle; no successor within four weeks):
- Markdown (30%): Rs 4,441 margin lost
- Transfer: Rs 1,341; Transfer target MobiMart Udupi Main Road at Rs 656/unit plus 4-day holding cost.
- Hold: Rs 307 opportunity cost + Rs 1,036 markdown risk = Rs 1,344
RECOMMENDED: TRANSFER at Rs 1,341"
HUB-01,MobiMart Vidya Nagar,B15,Moto G16 Play,budget,confirmed,4,past peak with declining store trend,4.5,5.333333333333333,42352,0.21346153846153845,9040.523076923077,1.0,0.98,,,146.6030769230769,14526.735999999999,14673.339076923075,MARKDOWN,9040.523076923077,"MobiMart Vidya Nagar, Moto G16 Play, 4 units at risk (past peak with declining store trend; no successor within four weeks):
- Markdown (21%): Rs 9,041 margin lost
- Transfer: unavailable; No better-fit store is available without creating another at-risk position.
- Hold: Rs 147 opportunity cost + Rs 14,527 markdown risk = Rs 14,673
RECOMMENDED: MARKDOWN at Rs 9,041"
SHI-01,MobiMart Vidya Nagar,B15,Moto G16 Play,budget,confirmed,3,past peak with declining store trend,2.5,4.166666666666667,31764,0.21346153846153845,6780.392307692307,2.0,0.8400000000000001,,,219.90461538461537,9338.616,9558.520615384616,MARKDOWN,6780.392307692307,"MobiMart Vidya Nagar, Moto G16 Play, 3 units at risk (past peak with declining store trend; no successor within four weeks):
- Markdown (21%): Rs 6,780 margin lost
- Transfer: unavailable; No better-fit store is available without creating another at-risk position.
- Hold: Rs 220 opportunity cost + Rs 9,339 markdown risk = Rs 9,559
RECOMMENDED: MARKDOWN at Rs 6,780"
DAV-02,MobiMart MCC B Block,B15,Moto G16 Play,budget,confirmed,2,past peak with declining store trend; last two weeks below 40% of prior six-week average,0.0,4.333333333333333,21176,0.27,5717.52,6.0,0.2,,,439.80923076923074,1482.32,1922.1292307692306,HOLD,1922.1292307692306,"MobiMart MCC B Block, Moto G16 Play, 2 units at risk (past peak with declining store trend; last two weeks below 40% of prior six-week average; no successor within four weeks):
- Markdown (27%): Rs 5,718 margin lost
- Transfer: unavailable; No better-fit store is available without creating another at-risk position.
- Hold: Rs 440 opportunity cost + Rs 1,482 markdown risk = Rs 1,922
RECOMMENDED: HOLD at Rs 1,922"
DAV-02,MobiMart MCC B Block,M04,OnePlus Nord CE5,mid,confirmed,1,past expected lifecycle,0.0,0.0,21389,0.28500000000000003,6095.865000000001,6.0,0.2,,,444.2330769230769,1497.23,1941.4630769230769,HOLD,1941.4630769230769,"MobiMart MCC B Block, OnePlus Nord CE5, 1 units at risk (past expected lifecycle; no successor within four weeks):
- Markdown (29%): Rs 6,096 margin lost
- Transfer: unavailable; No better-fit store is available without creating another at-risk position.
- Hold: Rs 444 opportunity cost + Rs 1,497 markdown risk = Rs 1,941
RECOMMENDED: HOLD at Rs 1,941"
UDU-01,MobiMart Udupi Main Road,M02,Redmi Note 14,mid,confirmed,1,past expected lifecycle,0.0,0.0,16548,0.28500000000000003,4716.18,6.0,0.2,MAN-01,796.6426301369863,343.6892307692308,1158.36,1502.0492307692307,TRANSFER,796.6426301369863,"MobiMart Udupi Main Road, Redmi Note 14, 1 units at risk (past expected lifecycle; no successor within four weeks):
- Markdown (29%): Rs 4,716 margin lost
- Transfer: Rs 797; Transfer target MobiMart Court Road at Rs 764/unit plus 4-day holding cost.
- Hold: Rs 344 opportunity cost + Rs 1,158 markdown risk = Rs 1,502
RECOMMENDED: TRANSFER at Rs 797"
MAN-02,MobiMart Kottara,M03,Realme 14 Pro,mid,confirmed,1,past expected lifecycle,0.0,0.0,24373,0.28500000000000003,6946.305000000001,6.0,0.2,BLR-08,847.0782465753425,506.2084615384615,1706.11,2212.3184615384616,TRANSFER,847.0782465753425,"MobiMart Kottara, Realme 14 Pro, 1 units at risk (past expected lifecycle; no successor within four weeks):
- Markdown (29%): Rs 6,946 margin lost
- Transfer: Rs 847; Transfer target MobiMart Electronic City at Rs 799/unit plus 4-day holding cost.
- Hold: Rs 506 opportunity cost + Rs 1,706 markdown risk = Rs 2,212
RECOMMENDED: TRANSFER at Rs 847"
BLR-06,MobiMart Rajajinagar,B03,Redmi A5,budget,confirmed,1,past peak with declining store trend; last two weeks below 40% of prior six-week average; past expected lifecycle,0.0,0.16666666666666666,7401,0.3,2220.2999999999997,6.0,0.2,,,153.71307692307693,518.07,671.783076923077,HOLD,671.783076923077,"MobiMart Rajajinagar, Redmi A5, 1 units at risk (past peak with declining store trend; last two weeks below 40% of prior six-week average; past expected lifecycle; no successor within four weeks):
- Markdown (30%): Rs 2,220 margin lost
- Transfer: unavailable; No better-fit store is available without creating another at-risk position.
- Hold: Rs 154 opportunity cost + Rs 518 markdown risk = Rs 672
RECOMMENDED: HOLD at Rs 672"
MAN-02,MobiMart Kottara,M14,OnePlus Nord CE6,mid,confirmed,2,past peak with declining store trend,1.0,1.8333333333333333,45452,0.22857142857142856,10389.028571428571,2.0,0.8400000000000001,BLR-04,1449.6587397260273,314.6676923076923,13362.888,13677.555692307693,TRANSFER,1449.6587397260273,"MobiMart Kottara, OnePlus Nord CE6, 2 units at risk (past peak with declining store trend; no successor within four weeks):
- Markdown (23%): Rs 10,389 margin lost
- Transfer: Rs 1,450; Transfer target MobiMart Whitefield at Rs 680/unit plus 4-day holding cost.
- Hold: Rs 315 opportunity cost + Rs 13,363 markdown risk = Rs 13,678
RECOMMENDED: TRANSFER at Rs 1,450"
BLR-08,MobiMart Electronic City,F08,Samsung Galaxy Z Flip7,flagship,confirmed,1,past expected lifecycle,0.0,0.0,78119,0.28500000000000003,22263.915,6.0,0.2,BLR-04,885.0977534246575,1622.4715384615383,5468.33,7090.801538461538,TRANSFER,885.0977534246575,"MobiMart Electronic City, Samsung Galaxy Z Flip7, 1 units at risk (past expected lifecycle; no successor within four weeks):
- Markdown (29%): Rs 22,264 margin lost
- Transfer: Rs 885; Transfer target MobiMart Whitefield at Rs 731/unit plus 4-day holding cost.
- Hold: Rs 1,622 opportunity cost + Rs 5,468 markdown risk = Rs 7,091
RECOMMENDED: TRANSFER at Rs 885"
HUB-01,MobiMart Vidya Nagar,M07,POCO X7 Pro,mid,confirmed,1,past expected lifecycle,0.0,0.0,23908,0.28500000000000003,6813.780000000001,6.0,0.2,MAN-01,738.1609863013698,496.5507692307692,1673.56,2170.110769230769,TRANSFER,738.1609863013698,"MobiMart Vidya Nagar, POCO X7 Pro, 1 units at risk (past expected lifecycle; no successor within four weeks):
- Markdown (29%): Rs 6,814 margin lost
- Transfer: Rs 738; Transfer target MobiMart Court Road at Rs 691/unit plus 4-day holding cost.
- Hold: Rs 497 opportunity cost + Rs 1,674 markdown risk = Rs 2,170
RECOMMENDED: TRANSFER at Rs 738"
KOL-01,MobiMart Station Road,B15,Moto G16 Play,budget,confirmed,2,past peak with declining store trend,2.0,3.1666666666666665,21176,0.21346153846153845,4520.261538461538,1.0,0.98,,,73.30153846153846,7263.3679999999995,7336.669538461538,MARKDOWN,4520.261538461538,"MobiMart Station Road, Moto G16 Play, 2 units at risk (past peak with declining store trend; no successor within four weeks):
- Markdown (21%): Rs 4,520 margin lost
- Transfer: unavailable; No better-fit store is available without creating another at-risk position.
- Hold: Rs 73 opportunity cost + Rs 7,263 markdown risk = Rs 7,337
RECOMMENDED: MARKDOWN at Rs 4,520"
MAN-01,MobiMart Court Road,M09,Samsung Galaxy A36,mid,confirmed,1,past expected lifecycle,1.0,1.0,28135,0.28500000000000003,8018.475000000001,1.0,0.98,,,97.39038461538462,9650.305,9747.695384615385,MARKDOWN,8018.475000000001,"MobiMart Court Road, Samsung Galaxy A36, 1 units at risk (past expected lifecycle; no successor within four weeks):
- Markdown (29%): Rs 8,018 margin lost
- Transfer: unavailable; No better-fit store is available without creating another at-risk position.
- Hold: Rs 97 opportunity cost + Rs 9,650 markdown risk = Rs 9,748
RECOMMENDED: MARKDOWN at Rs 8,018"
HUB-02,MobiMart Gokul Road,M02,Redmi Note 14,mid,confirmed,1,past expected lifecycle,0.0,0.0,16548,0.28500000000000003,4716.18,6.0,0.2,MAN-01,564.6426301369863,343.6892307692308,1158.36,1502.0492307692307,TRANSFER,564.6426301369863,"MobiMart Gokul Road, Redmi Note 14, 1 units at risk (past expected lifecycle; no successor within four weeks):
- Markdown (29%): Rs 4,716 margin lost
- Transfer: Rs 565; Transfer target MobiMart Court Road at Rs 532/unit plus 4-day holding cost.
- Hold: Rs 344 opportunity cost + Rs 1,158 markdown risk = Rs 1,502
RECOMMENDED: TRANSFER at Rs 565"
UDU-01,MobiMart Udupi Main Road,B01,Nokia 110 Power,budget,confirmed,1,past expected lifecycle,0.0,0.0,6440,0.28500000000000003,1835.4,6.0,0.2,,,133.75384615384615,450.8,584.5538461538462,HOLD,584.5538461538462,"MobiMart Udupi Main Road, Nokia 110 Power, 1 units at risk (past expected lifecycle; no successor within four weeks):
- Markdown (29%): Rs 1,835 margin lost
- Transfer: unavailable; No better-fit store is available without creating another at-risk position.
- Hold: Rs 134 opportunity cost + Rs 451 markdown risk = Rs 585
RECOMMENDED: HOLD at Rs 585"
TUM-01,MobiMart MG Road,M13,Realme 15 Pro,mid,confirmed,1,past peak with declining store trend,0.5,1.1666666666666667,25696,0.26428571428571423,6791.085714285713,2.0,0.8400000000000001,BLR-02,489.688,177.89538461538461,7554.624,7732.519384615384,TRANSFER,489.688,"MobiMart MG Road, Realme 15 Pro, 1 units at risk (past peak with declining store trend; no successor within four weeks):
- Markdown (26%): Rs 6,791 margin lost
- Transfer: Rs 490; Transfer target MobiMart Koramangala at Rs 439/unit plus 4-day holding cost.
- Hold: Rs 178 opportunity cost + Rs 7,555 markdown risk = Rs 7,733
RECOMMENDED: TRANSFER at Rs 490"
BLR-08,MobiMart Electronic City,F10,iPhone 17,flagship,confirmed,1,past expected lifecycle,0.0,0.0,66400,0.28500000000000003,18924.000000000004,6.0,0.2,BLR-04,901.9808219178083,1379.076923076923,4648.0,6027.076923076923,TRANSFER,901.9808219178083,"MobiMart Electronic City, iPhone 17, 1 units at risk (past expected lifecycle; no successor within four weeks):
- Markdown (29%): Rs 18,924 margin lost
- Transfer: Rs 902; Transfer target MobiMart Whitefield at Rs 771/unit plus 4-day holding cost.
- Hold: Rs 1,379 opportunity cost + Rs 4,648 markdown risk = Rs 6,027
RECOMMENDED: TRANSFER at Rs 902"
BLR-07,MobiMart Yelahanka,B15,Moto G16 Play,budget,confirmed,3,past peak with declining store trend,3.0,3.8333333333333335,31764,0.21346153846153845,6780.392307692307,1.0,0.98,,,109.95230769230768,10895.052,11005.004307692307,MARKDOWN,6780.392307692307,"MobiMart Yelahanka, Moto G16 Play, 3 units at risk (past peak with declining store trend; no successor within four weeks):
- Markdown (21%): Rs 6,780 margin lost
- Transfer: unavailable; No better-fit store is available without creating another at-risk position.
- Hold: Rs 110 opportunity cost + Rs 10,895 markdown risk = Rs 11,005
RECOMMENDED: MARKDOWN at Rs 6,780"
SHI-01,MobiMart Vidya Nagar,M03,Realme 14 Pro,mid,confirmed,1,past peak with declining store trend; last two weeks below 40% of prior six-week average; past expected lifecycle,0.0,0.16666666666666666,24373,0.3,7311.9,6.0,0.2,BLR-08,607.0782465753425,506.2084615384615,1706.11,2212.3184615384616,TRANSFER,607.0782465753425,"MobiMart Vidya Nagar, Realme 14 Pro, 1 units at risk (past peak with declining store trend; last two weeks below 40% of prior six-week average; past expected lifecycle; no successor within four weeks):
- Markdown (30%): Rs 7,312 margin lost
- Transfer: Rs 607; Transfer target MobiMart Electronic City at Rs 559/unit plus 4-day holding cost.
- Hold: Rs 506 opportunity cost + Rs 1,706 markdown risk = Rs 2,212
RECOMMENDED: TRANSFER at Rs 607"
HUB-01,MobiMart Vidya Nagar,M17,POCO X8 Pro,mid,confirmed,2,last two weeks below 40% of prior six-week average,0.0,1.8333333333333333,50534,0.27,13644.18,6.0,0.2,MAN-01,811.6835068493151,1049.5523076923075,3537.3799999999997,4586.932307692307,TRANSFER,811.6835068493151,"MobiMart Vidya Nagar, POCO X8 Pro, 2 units at risk (last two weeks below 40% of prior six-week average; no successor within four weeks):
- Markdown (27%): Rs 13,644 margin lost
- Transfer: Rs 812; Transfer target MobiMart Court Road at Rs 356/unit plus 4-day holding cost.
- Hold: Rs 1,050 opportunity cost + Rs 3,537 markdown risk = Rs 4,587
RECOMMENDED: TRANSFER at Rs 812"
UDU-01,MobiMart Udupi Main Road,B05,Moto G15 Play,budget,confirmed,1,past peak with declining store trend; last two weeks below 40% of prior six-week average; past expected lifecycle,0.0,0.16666666666666666,10127,0.3,3038.1,6.0,0.2,,,210.32999999999998,708.89,919.22,HOLD,919.22,"MobiMart Udupi Main Road, Moto G15 Play, 1 units at risk (past peak with declining store trend; last two weeks below 40% of prior six-week average; past expected lifecycle; no successor within four weeks):
- Markdown (30%): Rs 3,038 margin lost
- Transfer: unavailable; No better-fit store is available without creating another at-risk position.
- Hold: Rs 210 opportunity cost + Rs 709 markdown risk = Rs 919
RECOMMENDED: HOLD at Rs 919"
BLR-02,MobiMart Koramangala,F09,OnePlus Open 2,flagship,confirmed,1,past expected lifecycle,1.0,0.3333333333333333,97367,0.28500000000000003,27749.595000000005,1.0,0.98,,,337.03961538461533,33396.880999999994,33733.92061538461,MARKDOWN,27749.595000000005,"MobiMart Koramangala, OnePlus Open 2, 1 units at risk (past expected lifecycle; no successor within four weeks):
- Markdown (29%): Rs 27,750 margin lost
- Transfer: unavailable; No better-fit store is available without creating another at-risk position.
- Hold: Rs 337 opportunity cost + Rs 33,397 markdown risk = Rs 33,734
RECOMMENDED: MARKDOWN at Rs 27,750"
BLR-05,MobiMart Malleshwaram,M01,Samsung Galaxy A26,mid,confirmed,1,past peak with declining store trend; last two weeks below 40% of prior six-week average; past expected lifecycle,0.0,0.16666666666666666,20460,0.3,6138.0,6.0,0.2,BLR-04,743.3594520547945,424.93846153846147,1432.2,1857.1384615384616,TRANSFER,743.3594520547945,"MobiMart Malleshwaram, Samsung Galaxy A26, 1 units at risk (past peak with declining store trend; last two weeks below 40% of prior six-week average; past expected lifecycle; no successor within four weeks):
- Markdown (30%): Rs 6,138 margin lost
- Transfer: Rs 743; Transfer target MobiMart Whitefield at Rs 703/unit plus 4-day holding cost.
- Hold: Rs 425 opportunity cost + Rs 1,432 markdown risk = Rs 1,857
RECOMMENDED: TRANSFER at Rs 743"
SHI-01,MobiMart Vidya Nagar,M02,Redmi Note 14,mid,confirmed,1,past expected lifecycle,0.0,0.0,16548,0.28500000000000003,4716.18,6.0,0.2,MAN-01,364.6426301369863,343.6892307692308,1158.36,1502.0492307692307,TRANSFER,364.6426301369863,"MobiMart Vidya Nagar, Redmi Note 14, 1 units at risk (past expected lifecycle; no successor within four weeks):
- Markdown (29%): Rs 4,716 margin lost
- Transfer: Rs 365; Transfer target MobiMart Court Road at Rs 332/unit plus 4-day holding cost.
- Hold: Rs 344 opportunity cost + Rs 1,158 markdown risk = Rs 1,502
RECOMMENDED: TRANSFER at Rs 365"
MAN-02,MobiMart Kottara,B01,Nokia 110 Power,budget,confirmed,1,past expected lifecycle,0.0,0.0,6440,0.28500000000000003,1835.4,6.0,0.2,,,133.75384615384615,450.8,584.5538461538462,HOLD,584.5538461538462,"MobiMart Kottara, Nokia 110 Power, 1 units at risk (past expected lifecycle; no successor within four weeks):
- Markdown (29%): Rs 1,835 margin lost
- Transfer: unavailable; No better-fit store is available without creating another at-risk position.
- Hold: Rs 134 opportunity cost + Rs 451 markdown risk = Rs 585
RECOMMENDED: HOLD at Rs 585"
UDU-01,MobiMart Udupi Main Road,M06,Motorola Edge 60 Fusion,mid,confirmed,1,past expected lifecycle,0.0,0.0,20129,0.28500000000000003,5736.765,6.0,0.2,MAN-01,722.7065205479452,418.06384615384616,1409.03,1827.0938461538462,TRANSFER,722.7065205479452,"MobiMart Udupi Main Road, Motorola Edge 60 Fusion, 1 units at risk (past expected lifecycle; no successor within four weeks):
- Markdown (29%): Rs 5,737 margin lost
- Transfer: Rs 723; Transfer target MobiMart Court Road at Rs 683/unit plus 4-day holding cost.
- Hold: Rs 418 opportunity cost + Rs 1,409 markdown risk = Rs 1,827
RECOMMENDED: TRANSFER at Rs 723"
HOS-01,MobiMart Hosur Road,M04,OnePlus Nord CE5,mid,confirmed,1,past expected lifecycle,0.0,0.0,21389,0.28500000000000003,6095.865000000001,6.0,0.2,,,444.2330769230769,1497.23,1941.4630769230769,HOLD,1941.4630769230769,"MobiMart Hosur Road, OnePlus Nord CE5, 1 units at risk (past expected lifecycle; no successor within four weeks):
- Markdown (29%): Rs 6,096 margin lost
- Transfer: unavailable; No better-fit store is available without creating another at-risk position.
- Hold: Rs 444 opportunity cost + Rs 1,497 markdown risk = Rs 1,941
RECOMMENDED: HOLD at Rs 1,941"
TUM-01,MobiMart MG Road,M03,Realme 14 Pro,mid,confirmed,1,past expected lifecycle,0.0,0.0,24373,0.28500000000000003,6946.305000000001,6.0,0.2,BLR-08,490.07824657534246,506.2084615384615,1706.11,2212.3184615384616,TRANSFER,490.07824657534246,"MobiMart MG Road, Realme 14 Pro, 1 units at risk (past expected lifecycle; no successor within four weeks):
- Markdown (29%): Rs 6,946 margin lost
- Transfer: Rs 490; Transfer target MobiMart Electronic City at Rs 442/unit plus 4-day holding cost.
- Hold: Rs 506 opportunity cost + Rs 1,706 markdown risk = Rs 2,212
RECOMMENDED: TRANSFER at Rs 490"
TUM-01,MobiMart MG Road,M02,Redmi Note 14,mid,confirmed,1,past peak with declining store trend; last two weeks below 40% of prior six-week average; past expected lifecycle,0.0,0.16666666666666666,16548,0.3,4964.4,6.0,0.2,MAN-01,619.6426301369863,343.6892307692308,1158.36,1502.0492307692307,TRANSFER,619.6426301369863,"MobiMart MG Road, Redmi Note 14, 1 units at risk (past peak with declining store trend; last two weeks below 40% of prior six-week average; past expected lifecycle; no successor within four weeks):
- Markdown (30%): Rs 4,964 margin lost
- Transfer: Rs 620; Transfer target MobiMart Court Road at Rs 587/unit plus 4-day holding cost.
- Hold: Rs 344 opportunity cost + Rs 1,158 markdown risk = Rs 1,502
RECOMMENDED: TRANSFER at Rs 620"
HUB-02,MobiMart Gokul Road,B01,Nokia 110 Power,budget,confirmed,1,past expected lifecycle,0.0,0.0,6440,0.28500000000000003,1835.4,6.0,0.2,,,133.75384615384615,450.8,584.5538461538462,HOLD,584.5538461538462,"MobiMart Gokul Road, Nokia 110 Power, 1 units at risk (past expected lifecycle; no successor within four weeks):
- Markdown (29%): Rs 1,835 margin lost
- Transfer: unavailable; No better-fit store is available without creating another at-risk position.
- Hold: Rs 134 opportunity cost + Rs 451 markdown risk = Rs 585
RECOMMENDED: HOLD at Rs 585"
MAN-01,MobiMart Court Road,M11,Samsung Galaxy A27,mid,confirmed,1,past expected lifecycle,1.5,0.8333333333333334,20687,0.28500000000000003,5895.795000000001,1.0,0.98,,,71.60884615384614,7095.641,7167.249846153846,MARKDOWN,5895.795000000001,"MobiMart Court Road, Samsung Galaxy A27, 1 units at risk (past expected lifecycle; no successor within four weeks):
- Markdown (29%): Rs 5,896 margin lost
- Transfer: unavailable; No better-fit store is available without creating another at-risk position.
- Hold: Rs 72 opportunity cost + Rs 7,096 markdown risk = Rs 7,167
RECOMMENDED: MARKDOWN at Rs 5,896"
MAN-02,MobiMart Kottara,M08,Nothing Phone (3a),mid,confirmed,1,past expected lifecycle,0.0,0.0,24519,0.28500000000000003,6987.915000000001,6.0,0.2,MAN-01,661.3662465753424,509.2407692307693,1716.33,2225.570769230769,TRANSFER,661.3662465753424,"MobiMart Kottara, Nothing Phone (3a), 1 units at risk (past expected lifecycle; no successor within four weeks):
- Markdown (29%): Rs 6,988 margin lost
- Transfer: Rs 661; Transfer target MobiMart Court Road at Rs 613/unit plus 4-day holding cost.
- Hold: Rs 509 opportunity cost + Rs 1,716 markdown risk = Rs 2,226
RECOMMENDED: TRANSFER at Rs 661"
HUB-02,MobiMart Gokul Road,B05,Moto G15 Play,budget,confirmed,1,past peak with declining store trend; last two weeks below 40% of prior six-week average; past expected lifecycle,0.0,0.16666666666666666,10127,0.3,3038.1,6.0,0.2,,,210.32999999999998,708.89,919.22,HOLD,919.22,"MobiMart Gokul Road, Moto G15 Play, 1 units at risk (past peak with declining store trend; last two weeks below 40% of prior six-week average; past expected lifecycle; no successor within four weeks):
- Markdown (30%): Rs 3,038 margin lost
- Transfer: unavailable; No better-fit store is available without creating another at-risk position.
- Hold: Rs 210 opportunity cost + Rs 709 markdown risk = Rs 919
RECOMMENDED: HOLD at Rs 919"
BLR-03,MobiMart Indiranagar,M14,OnePlus Nord CE6,mid,confirmed,1,past peak with declining store trend,0.5,1.1666666666666667,22726,0.22857142857142856,5194.5142857142855,2.0,0.8400000000000001,,,157.33384615384614,6681.444,6838.777846153846,MARKDOWN,5194.5142857142855,"MobiMart Indiranagar, OnePlus Nord CE6, 1 units at risk (past peak with declining store trend; no successor within four weeks):
- Markdown (23%): Rs 5,195 margin lost
- Transfer: unavailable; No better-fit store is available without creating another at-risk position.
- Hold: Rs 157 opportunity cost + Rs 6,681 markdown risk = Rs 6,839
RECOMMENDED: MARKDOWN at Rs 5,195"
MAN-01,MobiMart Court Road,F03,OnePlus 13,flagship,confirmed,1,past expected lifecycle,0.0,0.0,55530,0.28500000000000003,15826.050000000001,6.0,0.2,,,1153.3153846153846,3887.1000000000004,5040.415384615385,HOLD,5040.415384615385,"MobiMart Court Road, OnePlus 13, 1 units at risk (past expected lifecycle; no successor within four weeks):
- Markdown (29%): Rs 15,826 margin lost
- Transfer: unavailable; No better-fit store is available without creating another at-risk position.
- Hold: Rs 1,153 opportunity cost + Rs 3,887 markdown risk = Rs 5,040
RECOMMENDED: HOLD at Rs 5,040"
BLR-04,MobiMart Whitefield,M13,Realme 15 Pro,mid,confirmed,2,past peak with declining store trend; last two weeks below 40% of prior six-week average,0.5,2.0,51392,0.27,13875.84,4.0,0.52,,,711.5815384615385,9353.344,10064.925538461537,HOLD,10064.925538461537,"MobiMart Whitefield, Realme 15 Pro, 2 units at risk (past peak with declining store trend; last two weeks below 40% of prior six-week average; no successor within four weeks):
- Markdown (27%): Rs 13,876 margin lost
- Transfer: unavailable; No better-fit store is available without creating another at-risk position.
- Hold: Rs 712 opportunity cost + Rs 9,353 markdown risk = Rs 10,065
RECOMMENDED: HOLD at Rs 10,065"
HUB-01,MobiMart Vidya Nagar,M01,Samsung Galaxy A26,mid,confirmed,1,past expected lifecycle,0.0,0.0,20460,0.28500000000000003,5831.1,6.0,0.2,BLR-04,766.3594520547945,424.93846153846147,1432.2,1857.1384615384616,TRANSFER,766.3594520547945,"MobiMart Vidya Nagar, Samsung Galaxy A26, 1 units at risk (past expected lifecycle; no successor within four weeks):
- Markdown (29%): Rs 5,831 margin lost
- Transfer: Rs 766; Transfer target MobiMart Whitefield at Rs 726/unit plus 4-day holding cost.
- Hold: Rs 425 opportunity cost + Rs 1,432 markdown risk = Rs 1,857
RECOMMENDED: TRANSFER at Rs 766"
HUB-02,MobiMart Gokul Road,M08,Nothing Phone (3a),mid,confirmed,1,past expected lifecycle,0.0,0.0,24519,0.28500000000000003,6987.915000000001,6.0,0.2,MAN-01,825.3662465753424,509.2407692307693,1716.33,2225.570769230769,TRANSFER,825.3662465753424,"MobiMart Gokul Road, Nothing Phone (3a), 1 units at risk (past expected lifecycle; no successor within four weeks):
- Markdown (29%): Rs 6,988 margin lost
- Transfer: Rs 825; Transfer target MobiMart Court Road at Rs 777/unit plus 4-day holding cost.
- Hold: Rs 509 opportunity cost + Rs 1,716 markdown risk = Rs 2,226
RECOMMENDED: TRANSFER at Rs 825"
BLR-03,MobiMart Indiranagar,M05,Vivo V50e,mid,confirmed,2,past expected lifecycle,0.0,0.0,53668,0.28500000000000003,15295.380000000001,6.0,0.2,BLR-08,1557.8656438356165,1114.643076923077,3756.76,4871.403076923078,TRANSFER,1557.8656438356165,"MobiMart Indiranagar, Vivo V50e, 2 units at risk (past expected lifecycle; no successor within four weeks):
- Markdown (29%): Rs 15,295 margin lost
- Transfer: Rs 1,558; Transfer target MobiMart Electronic City at Rs 726/unit plus 4-day holding cost.
- Hold: Rs 1,115 opportunity cost + Rs 3,757 markdown risk = Rs 4,871
RECOMMENDED: TRANSFER at Rs 1,558"
HUB-02,MobiMart Gokul Road,B08,Samsung Galaxy F06,budget,confirmed,1,past peak with declining store trend; last two weeks below 40% of prior six-week average; past expected lifecycle,0.0,0.16666666666666666,9684,0.3,2905.2,6.0,0.2,,,201.1292307692308,677.88,879.0092307692307,HOLD,879.0092307692307,"MobiMart Gokul Road, Samsung Galaxy F06, 1 units at risk (past peak with declining store trend; last two weeks below 40% of prior six-week average; past expected lifecycle; no successor within four weeks):
- Markdown (30%): Rs 2,905 margin lost
- Transfer: unavailable; No better-fit store is available without creating another at-risk position.
- Hold: Rs 201 opportunity cost + Rs 678 markdown risk = Rs 879
RECOMMENDED: HOLD at Rs 879"
BLR-05,MobiMart Malleshwaram,F14,Vivo X210,flagship,confirmed,1,past peak with declining store trend; last two weeks below 40% of prior six-week average,0.0,0.3333333333333333,57882,0.27,15628.140000000001,6.0,0.2,BLR-04,645.1781917808219,1202.1646153846154,4051.74,5253.904615384616,TRANSFER,645.1781917808219,"MobiMart Malleshwaram, Vivo X210, 1 units at risk (past peak with declining store trend; last two weeks below 40% of prior six-week average; no successor within four weeks):
- Markdown (27%): Rs 15,628 margin lost
- Transfer: Rs 645; Transfer target MobiMart Whitefield at Rs 531/unit plus 4-day holding cost.
- Hold: Rs 1,202 opportunity cost + Rs 4,052 markdown risk = Rs 5,254
RECOMMENDED: TRANSFER at Rs 645"
BLR-01,MobiMart Jayanagar,M01,Samsung Galaxy A26,mid,confirmed,2,past expected lifecycle,0.0,0.0,40920,0.28500000000000003,11662.2,6.0,0.2,,,849.8769230769229,2864.4,3714.276923076923,HOLD,3714.276923076923,"MobiMart Jayanagar, Samsung Galaxy A26, 2 units at risk (past expected lifecycle; no successor within four weeks):
- Markdown (29%): Rs 11,662 margin lost
- Transfer: unavailable; No better-fit store is available without creating another at-risk position.
- Hold: Rs 850 opportunity cost + Rs 2,864 markdown risk = Rs 3,714
RECOMMENDED: HOLD at Rs 3,714"
BEL-01,MobiMart Cantonment,M01,Samsung Galaxy A26,mid,confirmed,1,past expected lifecycle,0.0,0.0,20460,0.28500000000000003,5831.1,6.0,0.2,BLR-04,525.3594520547945,424.93846153846147,1432.2,1857.1384615384616,TRANSFER,525.3594520547945,"MobiMart Cantonment, Samsung Galaxy A26, 1 units at risk (past expected lifecycle; no successor within four weeks):
- Markdown (29%): Rs 5,831 margin lost
- Transfer: Rs 525; Transfer target MobiMart Whitefield at Rs 485/unit plus 4-day holding cost.
- Hold: Rs 425 opportunity cost + Rs 1,432 markdown risk = Rs 1,857
RECOMMENDED: TRANSFER at Rs 525"
TUM-01,MobiMart MG Road,M06,Motorola Edge 60 Fusion,mid,confirmed,1,past peak with declining store trend; last two weeks below 40% of prior six-week average; past expected lifecycle,0.0,0.16666666666666666,20129,0.3,6038.7,6.0,0.2,MAN-01,581.7065205479452,418.06384615384616,1409.03,1827.0938461538462,TRANSFER,581.7065205479452,"MobiMart MG Road, Motorola Edge 60 Fusion, 1 units at risk (past peak with declining store trend; last two weeks below 40% of prior six-week average; past expected lifecycle; no successor within four weeks):
- Markdown (30%): Rs 6,039 margin lost
- Transfer: Rs 582; Transfer target MobiMart Court Road at Rs 542/unit plus 4-day holding cost.
- Hold: Rs 418 opportunity cost + Rs 1,409 markdown risk = Rs 1,827
RECOMMENDED: TRANSFER at Rs 582"
BLR-07,MobiMart Yelahanka,B03,Redmi A5,budget,confirmed,1,past expected lifecycle,0.0,0.0,7401,0.28500000000000003,2109.2850000000003,6.0,0.2,,,153.71307692307693,518.07,671.783076923077,HOLD,671.783076923077,"MobiMart Yelahanka, Redmi A5, 1 units at risk (past expected lifecycle; no successor within four weeks):
- Markdown (29%): Rs 2,109 margin lost
- Transfer: unavailable; No better-fit store is available without creating another at-risk position.
- Hold: Rs 154 opportunity cost + Rs 518 markdown risk = Rs 672
RECOMMENDED: HOLD at Rs 672"
TUM-02,MobiMart SS Puram,M10,OnePlus Nord 5,mid,confirmed,1,past expected lifecycle,1.0,0.8333333333333334,25610,0.28500000000000003,7298.85,1.0,0.98,,,88.65,8784.23,8872.88,MARKDOWN,7298.85,"MobiMart SS Puram, OnePlus Nord 5, 1 units at risk (past expected lifecycle; no successor within four weeks):
- Markdown (29%): Rs 7,299 margin lost
- Transfer: unavailable; No better-fit store is available without creating another at-risk position.
- Hold: Rs 89 opportunity cost + Rs 8,784 markdown risk = Rs 8,873
RECOMMENDED: MARKDOWN at Rs 7,299"
DAV-01,MobiMart PJ Extension,M10,OnePlus Nord 5,mid,confirmed,1,past expected lifecycle,1.5,0.5,25610,0.28500000000000003,7298.85,1.0,0.98,,,88.65,8784.23,8872.88,MARKDOWN,7298.85,"MobiMart PJ Extension, OnePlus Nord 5, 1 units at risk (past expected lifecycle; no successor within four weeks):
- Markdown (29%): Rs 7,299 margin lost
- Transfer: unavailable; No better-fit store is available without creating another at-risk position.
- Hold: Rs 89 opportunity cost + Rs 8,784 markdown risk = Rs 8,873
RECOMMENDED: MARKDOWN at Rs 7,299"
TUM-01,MobiMart MG Road,M08,Nothing Phone (3a),mid,confirmed,1,past peak with declining store trend; last two weeks below 40% of prior six-week average; past expected lifecycle,0.0,0.16666666666666666,24519,0.3,7355.7,6.0,0.2,MAN-01,577.3662465753424,509.2407692307693,1716.33,2225.570769230769,TRANSFER,577.3662465753424,"MobiMart MG Road, Nothing Phone (3a), 1 units at risk (past peak with declining store trend; last two weeks below 40% of prior six-week average; past expected lifecycle; no successor within four weeks):
- Markdown (30%): Rs 7,356 margin lost
- Transfer: Rs 577; Transfer target MobiMart Court Road at Rs 529/unit plus 4-day holding cost.
- Hold: Rs 509 opportunity cost + Rs 1,716 markdown risk = Rs 2,226
RECOMMENDED: TRANSFER at Rs 577"
MYS-02,MobiMart Kuvempunagar,M03,Realme 14 Pro,mid,confirmed,1,past expected lifecycle,0.0,0.0,24373,0.28500000000000003,6946.305000000001,6.0,0.2,BLR-08,518.0782465753425,506.2084615384615,1706.11,2212.3184615384616,TRANSFER,518.0782465753425,"MobiMart Kuvempunagar, Realme 14 Pro, 1 units at risk (past expected lifecycle; no successor within four weeks):
- Markdown (29%): Rs 6,946 margin lost
- Transfer: Rs 518; Transfer target MobiMart Electronic City at Rs 470/unit plus 4-day holding cost.
- Hold: Rs 506 opportunity cost + Rs 1,706 markdown risk = Rs 2,212
RECOMMENDED: TRANSFER at Rs 518"
BLR-05,MobiMart Malleshwaram,B15,Moto G16 Play,budget,confirmed,6,past peak with declining store trend,6.0,6.5,63528,0.21346153846153845,13560.784615384615,1.0,0.98,,,219.90461538461537,21790.104,22010.008615384613,MARKDOWN,13560.784615384615,"MobiMart Malleshwaram, Moto G16 Play, 6 units at risk (past peak with declining store trend; no successor within four weeks):
- Markdown (21%): Rs 13,561 margin lost
- Transfer: unavailable; No better-fit store is available without creating another at-risk position.
- Hold: Rs 220 opportunity cost + Rs 21,790 markdown risk = Rs 22,010
RECOMMENDED: MARKDOWN at Rs 13,561"
UDU-01,MobiMart Udupi Main Road,B04,Realme Note 60,budget,confirmed,1,past expected lifecycle,0.0,0.0,8786,0.28500000000000003,2504.01,6.0,0.2,,,182.47846153846154,615.02,797.4984615384615,HOLD,797.4984615384615,"MobiMart Udupi Main Road, Realme Note 60, 1 units at risk (past expected lifecycle; no successor within four weeks):
- Markdown (29%): Rs 2,504 margin lost
- Transfer: unavailable; No better-fit store is available without creating another at-risk position.
- Hold: Rs 182 opportunity cost + Rs 615 markdown risk = Rs 797
RECOMMENDED: HOLD at Rs 797"
BLR-06,MobiMart Rajajinagar,M01,Samsung Galaxy A26,mid,confirmed,1,past expected lifecycle,0.0,0.0,20460,0.28500000000000003,5831.1,6.0,0.2,BLR-04,490.35945205479453,424.93846153846147,1432.2,1857.1384615384616,TRANSFER,490.35945205479453,"MobiMart Rajajinagar, Samsung Galaxy A26, 1 units at risk (past expected lifecycle; no successor within four weeks):
- Markdown (29%): Rs 5,831 margin lost
- Transfer: Rs 490; Transfer target MobiMart Whitefield at Rs 450/unit plus 4-day holding cost.
- Hold: Rs 425 opportunity cost + Rs 1,432 markdown risk = Rs 1,857
RECOMMENDED: TRANSFER at Rs 490"
BLR-08,MobiMart Electronic City,F03,OnePlus 13,flagship,confirmed,1,past expected lifecycle,0.0,0.0,55530,0.28500000000000003,15826.050000000001,6.0,0.2,,,1153.3153846153846,3887.1000000000004,5040.415384615385,HOLD,5040.415384615385,"MobiMart Electronic City, OnePlus 13, 1 units at risk (past expected lifecycle; no successor within four weeks):
- Markdown (29%): Rs 15,826 margin lost
- Transfer: unavailable; No better-fit store is available without creating another at-risk position.
- Hold: Rs 1,153 opportunity cost + Rs 3,887 markdown risk = Rs 5,040
RECOMMENDED: HOLD at Rs 5,040"
KAL-01,MobiMart KCD Road,M13,Realme 15 Pro,mid,confirmed,1,past peak with declining store trend,1.0,1.1666666666666667,25696,0.26428571428571423,6791.085714285713,1.0,0.98,BLR-02,522.688,88.94769230769231,8813.728,8902.675692307692,TRANSFER,522.688,"MobiMart KCD Road, Realme 15 Pro, 1 units at risk (past peak with declining store trend; no successor within four weeks):
- Markdown (26%): Rs 6,791 margin lost
- Transfer: Rs 523; Transfer target MobiMart Koramangala at Rs 472/unit plus 4-day holding cost.
- Hold: Rs 89 opportunity cost + Rs 8,814 markdown risk = Rs 8,903
RECOMMENDED: TRANSFER at Rs 523"
HOS-01,MobiMart Hosur Road,M13,Realme 15 Pro,mid,confirmed,1,past peak with declining store trend; last two weeks below 40% of prior six-week average,0.5,1.3333333333333333,25696,0.27,6937.92,2.0,0.8400000000000001,BLR-02,756.688,177.89538461538461,7554.624,7732.519384615384,TRANSFER,756.688,"MobiMart Hosur Road, Realme 15 Pro, 1 units at risk (past peak with declining store trend; last two weeks below 40% of prior six-week average; no successor within four weeks):
- Markdown (27%): Rs 6,938 margin lost
- Transfer: Rs 757; Transfer target MobiMart Koramangala at Rs 706/unit plus 4-day holding cost.
- Hold: Rs 178 opportunity cost + Rs 7,555 markdown risk = Rs 7,733
RECOMMENDED: TRANSFER at Rs 757"
DAV-02,MobiMart MCC B Block,F12,iPhone 17 Pro,flagship,confirmed,1,past peak with declining store trend; last two weeks below 40% of prior six-week average,0.0,0.5,98296,0.28500000000000003,28014.360000000004,6.0,0.2,BLR-01,647.8989589041096,2041.5323076923073,6880.72,8922.252307692308,TRANSFER,647.8989589041096,"MobiMart MCC B Block, iPhone 17 Pro, 1 units at risk (past peak with declining store trend; last two weeks below 40% of prior six-week average; no successor within four weeks):
- Markdown (29%): Rs 28,014 margin lost
- Transfer: Rs 648; Transfer target MobiMart Jayanagar at Rs 454/unit plus 4-day holding cost.
- Hold: Rs 2,042 opportunity cost + Rs 6,881 markdown risk = Rs 8,922
RECOMMENDED: TRANSFER at Rs 648"
TUM-01,MobiMart MG Road,B08,Samsung Galaxy F06,budget,confirmed,1,past peak with declining store trend; last two weeks below 40% of prior six-week average; past expected lifecycle,0.0,0.6666666666666666,9684,0.3,2905.2,6.0,0.2,,,201.1292307692308,677.88,879.0092307692307,HOLD,879.0092307692307,"MobiMart MG Road, Samsung Galaxy F06, 1 units at risk (past peak with declining store trend; last two weeks below 40% of prior six-week average; past expected lifecycle; no successor within four weeks):
- Markdown (30%): Rs 2,905 margin lost
- Transfer: unavailable; No better-fit store is available without creating another at-risk position.
- Hold: Rs 201 opportunity cost + Rs 678 markdown risk = Rs 879
RECOMMENDED: HOLD at Rs 879"
KAL-01,MobiMart KCD Road,M03,Realme 14 Pro,mid,confirmed,1,past expected lifecycle,0.0,0.0,24373,0.28500000000000003,6946.305000000001,6.0,0.2,BLR-08,595.0782465753425,506.2084615384615,1706.11,2212.3184615384616,TRANSFER,595.0782465753425,"MobiMart KCD Road, Realme 14 Pro, 1 units at risk (past expected lifecycle; no successor within four weeks):
- Markdown (29%): Rs 6,946 margin lost
- Transfer: Rs 595; Transfer target MobiMart Electronic City at Rs 547/unit plus 4-day holding cost.
- Hold: Rs 506 opportunity cost + Rs 1,706 markdown risk = Rs 2,212
RECOMMENDED: TRANSFER at Rs 595"
DAV-01,MobiMart PJ Extension,M07,POCO X7 Pro,mid,confirmed,1,past expected lifecycle,0.0,0.0,23908,0.28500000000000003,6813.780000000001,6.0,0.2,MAN-01,430.16098630136986,496.5507692307692,1673.56,2170.110769230769,TRANSFER,430.16098630136986,"MobiMart PJ Extension, POCO X7 Pro, 1 units at risk (past expected lifecycle; no successor within four weeks):
- Markdown (29%): Rs 6,814 margin lost
- Transfer: Rs 430; Transfer target MobiMart Court Road at Rs 383/unit plus 4-day holding cost.
- Hold: Rs 497 opportunity cost + Rs 1,674 markdown risk = Rs 2,170
RECOMMENDED: TRANSFER at Rs 430"
KAL-01,MobiMart KCD Road,M02,Redmi Note 14,mid,confirmed,1,past expected lifecycle,0.0,0.0,16548,0.28500000000000003,4716.18,6.0,0.2,MAN-01,614.6426301369863,343.6892307692308,1158.36,1502.0492307692307,TRANSFER,614.6426301369863,"MobiMart KCD Road, Redmi Note 14, 1 units at risk (past expected lifecycle; no successor within four weeks):
- Markdown (29%): Rs 4,716 margin lost
- Transfer: Rs 615; Transfer target MobiMart Court Road at Rs 582/unit plus 4-day holding cost.
- Hold: Rs 344 opportunity cost + Rs 1,158 markdown risk = Rs 1,502
RECOMMENDED: TRANSFER at Rs 615"
MAN-02,MobiMart Kottara,B03,Redmi A5,budget,confirmed,1,past expected lifecycle,0.0,0.0,7401,0.28500000000000003,2109.2850000000003,6.0,0.2,,,153.71307692307693,518.07,671.783076923077,HOLD,671.783076923077,"MobiMart Kottara, Redmi A5, 1 units at risk (past expected lifecycle; no successor within four weeks):
- Markdown (29%): Rs 2,109 margin lost
- Transfer: unavailable; No better-fit store is available without creating another at-risk position.
- Hold: Rs 154 opportunity cost + Rs 518 markdown risk = Rs 672
RECOMMENDED: HOLD at Rs 672"
BEL-02,MobiMart Tilakwadi,M06,Motorola Edge 60 Fusion,mid,confirmed,1,past expected lifecycle,0.0,0.0,20129,0.28500000000000003,5736.765,6.0,0.2,MAN-01,807.7065205479452,418.06384615384616,1409.03,1827.0938461538462,TRANSFER,807.7065205479452,"MobiMart Tilakwadi, Motorola Edge 60 Fusion, 1 units at risk (past expected lifecycle; no successor within four weeks):
- Markdown (29%): Rs 5,737 margin lost
- Transfer: Rs 808; Transfer target MobiMart Court Road at Rs 768/unit plus 4-day holding cost.
- Hold: Rs 418 opportunity cost + Rs 1,409 markdown risk = Rs 1,827
RECOMMENDED: TRANSFER at Rs 808"
HUB-01,MobiMart Vidya Nagar,M05,Vivo V50e,mid,confirmed,1,past peak with declining store trend; last two weeks below 40% of prior six-week average; past expected lifecycle,0.0,0.16666666666666666,26834,0.3,8050.2,6.0,0.2,BLR-08,593.9328219178083,557.3215384615385,1878.38,2435.701538461539,TRANSFER,593.9328219178083,"MobiMart Vidya Nagar, Vivo V50e, 1 units at risk (past peak with declining store trend; last two weeks below 40% of prior six-week average; past expected lifecycle; no successor within four weeks):
- Markdown (30%): Rs 8,050 margin lost
- Transfer: Rs 594; Transfer target MobiMart Electronic City at Rs 541/unit plus 4-day holding cost.
- Hold: Rs 557 opportunity cost + Rs 1,878 markdown risk = Rs 2,436
RECOMMENDED: TRANSFER at Rs 594"
SHI-01,MobiMart Vidya Nagar,M16,Motorola Edge 70 Fusion,mid,confirmed,1,past peak with declining store trend,0.5,0.6666666666666666,20680,0.16363636363636364,3384.0,2.0,0.8400000000000001,BLR-08,542.7934246575343,143.16923076923075,6079.92,6223.089230769231,TRANSFER,542.7934246575343,"MobiMart Vidya Nagar, Motorola Edge 70 Fusion, 1 units at risk (past peak with declining store trend; no successor within four weeks):
- Markdown (16%): Rs 3,384 margin lost
- Transfer: Rs 543; Transfer target MobiMart Electronic City at Rs 502/unit plus 4-day holding cost.
- Hold: Rs 143 opportunity cost + Rs 6,080 markdown risk = Rs 6,223
RECOMMENDED: TRANSFER at Rs 543"
HUB-02,MobiMart Gokul Road,B03,Redmi A5,budget,confirmed,1,past expected lifecycle,0.0,0.0,7401,0.28500000000000003,2109.2850000000003,6.0,0.2,,,153.71307692307693,518.07,671.783076923077,HOLD,671.783076923077,"MobiMart Gokul Road, Redmi A5, 1 units at risk (past expected lifecycle; no successor within four weeks):
- Markdown (29%): Rs 2,109 margin lost
- Transfer: unavailable; No better-fit store is available without creating another at-risk position.
- Hold: Rs 154 opportunity cost + Rs 518 markdown risk = Rs 672
RECOMMENDED: HOLD at Rs 672"
MYS-02,MobiMart Kuvempunagar,B01,Nokia 110 Power,budget,confirmed,1,past expected lifecycle,0.0,0.0,6440,0.28500000000000003,1835.4,6.0,0.2,,,133.75384615384615,450.8,584.5538461538462,HOLD,584.5538461538462,"MobiMart Kuvempunagar, Nokia 110 Power, 1 units at risk (past expected lifecycle; no successor within four weeks):
- Markdown (29%): Rs 1,835 margin lost
- Transfer: unavailable; No better-fit store is available without creating another at-risk position.
- Hold: Rs 134 opportunity cost + Rs 451 markdown risk = Rs 585
RECOMMENDED: HOLD at Rs 585"
DAV-02,MobiMart MCC B Block,M03,Realme 14 Pro,mid,confirmed,1,past expected lifecycle,0.0,0.0,24373,0.28500000000000003,6946.305000000001,6.0,0.2,BLR-08,475.07824657534246,506.2084615384615,1706.11,2212.3184615384616,TRANSFER,475.07824657534246,"MobiMart MCC B Block, Realme 14 Pro, 1 units at risk (past expected lifecycle; no successor within four weeks):
- Markdown (29%): Rs 6,946 margin lost
- Transfer: Rs 475; Transfer target MobiMart Electronic City at Rs 427/unit plus 4-day holding cost.
- Hold: Rs 506 opportunity cost + Rs 1,706 markdown risk = Rs 2,212
RECOMMENDED: TRANSFER at Rs 475"
KAL-01,MobiMart KCD Road,B01,Nokia 110 Power,budget,confirmed,1,past peak with declining store trend; last two weeks below 40% of prior six-week average; past expected lifecycle,0.0,0.3333333333333333,6440,0.3,1932.0,6.0,0.2,,,133.75384615384615,450.8,584.5538461538462,HOLD,584.5538461538462,"MobiMart KCD Road, Nokia 110 Power, 1 units at risk (past peak with declining store trend; last two weeks below 40% of prior six-week average; past expected lifecycle; no successor within four weeks):
- Markdown (30%): Rs 1,932 margin lost
- Transfer: unavailable; No better-fit store is available without creating another at-risk position.
- Hold: Rs 134 opportunity cost + Rs 451 markdown risk = Rs 585
RECOMMENDED: HOLD at Rs 585"
BLR-06,MobiMart Rajajinagar,M14,OnePlus Nord CE6,mid,confirmed,1,past peak with declining store trend,0.5,1.0,22726,0.22857142857142856,5194.5142857142855,2.0,0.8400000000000001,BLR-04,488.8293698630137,157.33384615384614,6681.444,6838.777846153846,TRANSFER,488.8293698630137,"MobiMart Rajajinagar, OnePlus Nord CE6, 1 units at risk (past peak with declining store trend; no successor within four weeks):
- Markdown (23%): Rs 5,195 margin lost
- Transfer: Rs 489; Transfer target MobiMart Whitefield at Rs 444/unit plus 4-day holding cost.
- Hold: Rs 157 opportunity cost + Rs 6,681 markdown risk = Rs 6,839
RECOMMENDED: TRANSFER at Rs 489"
HOS-01,MobiMart Hosur Road,F12,iPhone 17 Pro,flagship,confirmed,1,past peak with declining store trend; last two weeks below 40% of prior six-week average,0.0,0.16666666666666666,98296,0.28500000000000003,28014.360000000004,6.0,0.2,BLR-01,985.8989589041096,2041.5323076923073,6880.72,8922.252307692308,TRANSFER,985.8989589041096,"MobiMart Hosur Road, iPhone 17 Pro, 1 units at risk (past peak with declining store trend; last two weeks below 40% of prior six-week average; no successor within four weeks):
- Markdown (29%): Rs 28,014 margin lost
- Transfer: Rs 986; Transfer target MobiMart Jayanagar at Rs 792/unit plus 4-day holding cost.
- Hold: Rs 2,042 opportunity cost + Rs 6,881 markdown risk = Rs 8,922
RECOMMENDED: TRANSFER at Rs 986"
UDU-01,MobiMart Udupi Main Road,M07,POCO X7 Pro,mid,confirmed,1,past peak with declining store trend; last two weeks below 40% of prior six-week average; past expected lifecycle,0.0,0.3333333333333333,23908,0.3,7172.4,6.0,0.2,MAN-01,417.16098630136986,496.5507692307692,1673.56,2170.110769230769,TRANSFER,417.16098630136986,"MobiMart Udupi Main Road, POCO X7 Pro, 1 units at risk (past peak with declining store trend; last two weeks below 40% of prior six-week average; past expected lifecycle; no successor within four weeks):
- Markdown (30%): Rs 7,172 margin lost
- Transfer: Rs 417; Transfer target MobiMart Court Road at Rs 370/unit plus 4-day holding cost.
- Hold: Rs 497 opportunity cost + Rs 1,674 markdown risk = Rs 2,170
RECOMMENDED: TRANSFER at Rs 417"
MYS-02,MobiMart Kuvempunagar,F15,Pixel 10 Pro,flagship,confirmed,1,past peak with declining store trend; last two weeks below 40% of prior six-week average,0.0,0.16666666666666666,92011,0.27,24842.97,6.0,0.2,BLR-03,756.5011506849315,1910.9976923076922,6440.77,8351.767692307692,TRANSFER,756.5011506849315,"MobiMart Kuvempunagar, Pixel 10 Pro, 1 units at risk (past peak with declining store trend; last two weeks below 40% of prior six-week average; no successor within four weeks):
- Markdown (27%): Rs 24,843 margin lost
- Transfer: Rs 757; Transfer target MobiMart Indiranagar at Rs 575/unit plus 4-day holding cost.
- Hold: Rs 1,911 opportunity cost + Rs 6,441 markdown risk = Rs 8,352
RECOMMENDED: TRANSFER at Rs 757"
BEL-01,MobiMart Cantonment,B15,Moto G16 Play,budget,confirmed,5,past peak with declining store trend,4.5,4.666666666666667,52940,0.21346153846153845,11300.653846153846,2.0,0.8400000000000001,,,366.50769230769225,15564.36,15930.867692307693,MARKDOWN,11300.653846153846,"MobiMart Cantonment, Moto G16 Play, 5 units at risk (past peak with declining store trend; no successor within four weeks):
- Markdown (21%): Rs 11,301 margin lost
- Transfer: unavailable; No better-fit store is available without creating another at-risk position.
- Hold: Rs 367 opportunity cost + Rs 15,564 markdown risk = Rs 15,931
RECOMMENDED: MARKDOWN at Rs 11,301"
HUB-02,MobiMart Gokul Road,B15,Moto G16 Play,budget,confirmed,3,past peak with declining store trend,2.5,3.8333333333333335,31764,0.21346153846153845,6780.392307692307,2.0,0.8400000000000001,,,219.90461538461537,9338.616,9558.520615384616,MARKDOWN,6780.392307692307,"MobiMart Gokul Road, Moto G16 Play, 3 units at risk (past peak with declining store trend; no successor within four weeks):
- Markdown (21%): Rs 6,780 margin lost
- Transfer: unavailable; No better-fit store is available without creating another at-risk position.
- Hold: Rs 220 opportunity cost + Rs 9,339 markdown risk = Rs 9,559
RECOMMENDED: MARKDOWN at Rs 6,780"
KOL-01,MobiMart Station Road,M04,OnePlus Nord CE5,mid,confirmed,1,past peak with declining store trend; last two weeks below 40% of prior six-week average; past expected lifecycle,0.0,0.3333333333333333,21389,0.3,6416.7,6.0,0.2,,,444.2330769230769,1497.23,1941.4630769230769,HOLD,1941.4630769230769,"MobiMart Station Road, OnePlus Nord CE5, 1 units at risk (past peak with declining store trend; last two weeks below 40% of prior six-week average; past expected lifecycle; no successor within four weeks):
- Markdown (30%): Rs 6,417 margin lost
- Transfer: unavailable; No better-fit store is available without creating another at-risk position.
- Hold: Rs 444 opportunity cost + Rs 1,497 markdown risk = Rs 1,941
RECOMMENDED: HOLD at Rs 1,941"
DAV-02,MobiMart MCC B Block,B01,Nokia 110 Power,budget,confirmed,1,past expected lifecycle,0.0,0.0,6440,0.28500000000000003,1835.4,6.0,0.2,,,133.75384615384615,450.8,584.5538461538462,HOLD,584.5538461538462,"MobiMart MCC B Block, Nokia 110 Power, 1 units at risk (past expected lifecycle; no successor within four weeks):
- Markdown (29%): Rs 1,835 margin lost
- Transfer: unavailable; No better-fit store is available without creating another at-risk position.
- Hold: Rs 134 opportunity cost + Rs 451 markdown risk = Rs 585
RECOMMENDED: HOLD at Rs 585"
BEL-02,MobiMart Tilakwadi,B04,Realme Note 60,budget,confirmed,1,past expected lifecycle,0.0,0.0,8786,0.28500000000000003,2504.01,6.0,0.2,,,182.47846153846154,615.02,797.4984615384615,HOLD,797.4984615384615,"MobiMart Tilakwadi, Realme Note 60, 1 units at risk (past expected lifecycle; no successor within four weeks):
- Markdown (29%): Rs 2,504 margin lost
- Transfer: unavailable; No better-fit store is available without creating another at-risk position.
- Hold: Rs 182 opportunity cost + Rs 615 markdown risk = Rs 797
RECOMMENDED: HOLD at Rs 797"
DAV-02,MobiMart MCC B Block,B05,Moto G15 Play,budget,confirmed,1,past expected lifecycle,0.0,0.0,10127,0.28500000000000003,2886.195,6.0,0.2,,,210.32999999999998,708.89,919.22,HOLD,919.22,"MobiMart MCC B Block, Moto G15 Play, 1 units at risk (past expected lifecycle; no successor within four weeks):
- Markdown (29%): Rs 2,886 margin lost
- Transfer: unavailable; No better-fit store is available without creating another at-risk position.
- Hold: Rs 210 opportunity cost + Rs 709 markdown risk = Rs 919
RECOMMENDED: HOLD at Rs 919"
MYS-01,MobiMart Devaraja Mohalla,M05,Vivo V50e,mid,confirmed,1,past expected lifecycle,0.0,0.0,26834,0.28500000000000003,7647.6900000000005,6.0,0.2,BLR-08,584.9328219178083,557.3215384615385,1878.38,2435.701538461539,TRANSFER,584.9328219178083,"MobiMart Devaraja Mohalla, Vivo V50e, 1 units at risk (past expected lifecycle; no successor within four weeks):
- Markdown (29%): Rs 7,648 margin lost
- Transfer: Rs 585; Transfer target MobiMart Electronic City at Rs 532/unit plus 4-day holding cost.
- Hold: Rs 557 opportunity cost + Rs 1,878 markdown risk = Rs 2,436
RECOMMENDED: TRANSFER at Rs 585"
HOS-01,MobiMart Hosur Road,M03,Realme 14 Pro,mid,confirmed,1,past expected lifecycle,0.0,0.0,24373,0.28500000000000003,6946.305000000001,6.0,0.2,BLR-08,833.0782465753425,506.2084615384615,1706.11,2212.3184615384616,TRANSFER,833.0782465753425,"MobiMart Hosur Road, Realme 14 Pro, 1 units at risk (past expected lifecycle; no successor within four weeks):
- Markdown (29%): Rs 6,946 margin lost
- Transfer: Rs 833; Transfer target MobiMart Electronic City at Rs 785/unit plus 4-day holding cost.
- Hold: Rs 506 opportunity cost + Rs 1,706 markdown risk = Rs 2,212
RECOMMENDED: TRANSFER at Rs 833"
SHI-01,MobiMart Vidya Nagar,M13,Realme 15 Pro,mid,confirmed,2,past peak with declining store trend,1.0,1.5,51392,0.26428571428571423,13582.171428571426,2.0,0.8400000000000001,BLR-02,1143.376,355.79076923076923,15109.248,15465.038769230769,TRANSFER,1143.376,"MobiMart Vidya Nagar, Realme 15 Pro, 2 units at risk (past peak with declining store trend; no successor within four weeks):
- Markdown (26%): Rs 13,582 margin lost
- Transfer: Rs 1,143; Transfer target MobiMart Koramangala at Rs 521/unit plus 4-day holding cost.
- Hold: Rs 356 opportunity cost + Rs 15,109 markdown risk = Rs 15,465
RECOMMENDED: TRANSFER at Rs 1,143"
HOS-01,MobiMart Hosur Road,M02,Redmi Note 14,mid,confirmed,1,past expected lifecycle,0.0,0.0,16548,0.28500000000000003,4716.18,6.0,0.2,MAN-01,444.6426301369863,343.6892307692308,1158.36,1502.0492307692307,TRANSFER,444.6426301369863,"MobiMart Hosur Road, Redmi Note 14, 1 units at risk (past expected lifecycle; no successor within four weeks):
- Markdown (29%): Rs 4,716 margin lost
- Transfer: Rs 445; Transfer target MobiMart Court Road at Rs 412/unit plus 4-day holding cost.
- Hold: Rs 344 opportunity cost + Rs 1,158 markdown risk = Rs 1,502
RECOMMENDED: TRANSFER at Rs 445"
MAN-01,MobiMart Court Road,F09,OnePlus Open 2,flagship,confirmed,1,past expected lifecycle,0.0,0.0,97367,0.28500000000000003,27749.595000000005,6.0,0.2,BLR-04,730.066410958904,2022.237692307692,6815.69,8837.927692307692,TRANSFER,730.066410958904,"MobiMart Court Road, OnePlus Open 2, 1 units at risk (past expected lifecycle; no successor within four weeks):
- Markdown (29%): Rs 27,750 margin lost
- Transfer: Rs 730; Transfer target MobiMart Whitefield at Rs 538/unit plus 4-day holding cost.
- Hold: Rs 2,022 opportunity cost + Rs 6,816 markdown risk = Rs 8,838
RECOMMENDED: TRANSFER at Rs 730"
KAL-01,MobiMart KCD Road,B15,Moto G16 Play,budget,confirmed,4,past peak with declining store trend,3.5,4.333333333333333,42352,0.21346153846153845,9040.523076923077,2.0,0.8400000000000001,,,293.2061538461538,12451.488,12744.694153846152,MARKDOWN,9040.523076923077,"MobiMart KCD Road, Moto G16 Play, 4 units at risk (past peak with declining store trend; no successor within four weeks):
- Markdown (21%): Rs 9,041 margin lost
- Transfer: unavailable; No better-fit store is available without creating another at-risk position.
- Hold: Rs 293 opportunity cost + Rs 12,451 markdown risk = Rs 12,745
RECOMMENDED: MARKDOWN at Rs 9,041"
UDU-01,MobiMart Udupi Main Road,M01,Samsung Galaxy A26,mid,confirmed,1,past expected lifecycle,0.0,0.0,20460,0.28500000000000003,5831.1,6.0,0.2,BLR-04,790.3594520547945,424.93846153846147,1432.2,1857.1384615384616,TRANSFER,790.3594520547945,"MobiMart Udupi Main Road, Samsung Galaxy A26, 1 units at risk (past expected lifecycle; no successor within four weeks):
- Markdown (29%): Rs 5,831 margin lost
- Transfer: Rs 790; Transfer target MobiMart Whitefield at Rs 750/unit plus 4-day holding cost.
- Hold: Rs 425 opportunity cost + Rs 1,432 markdown risk = Rs 1,857
RECOMMENDED: TRANSFER at Rs 790"
MYS-02,MobiMart Kuvempunagar,B04,Realme Note 60,budget,confirmed,1,past expected lifecycle,0.0,0.0,8786,0.28500000000000003,2504.01,6.0,0.2,,,182.47846153846154,615.02,797.4984615384615,HOLD,797.4984615384615,"MobiMart Kuvempunagar, Realme Note 60, 1 units at risk (past expected lifecycle; no successor within four weeks):
- Markdown (29%): Rs 2,504 margin lost
- Transfer: unavailable; No better-fit store is available without creating another at-risk position.
- Hold: Rs 182 opportunity cost + Rs 615 markdown risk = Rs 797
RECOMMENDED: HOLD at Rs 797"
MYS-02,MobiMart Kuvempunagar,B03,Redmi A5,budget,confirmed,1,past peak with declining store trend; last two weeks below 40% of prior six-week average; past expected lifecycle,0.0,0.5,7401,0.3,2220.2999999999997,6.0,0.2,,,153.71307692307693,518.07,671.783076923077,HOLD,671.783076923077,"MobiMart Kuvempunagar, Redmi A5, 1 units at risk (past peak with declining store trend; last two weeks below 40% of prior six-week average; past expected lifecycle; no successor within four weeks):
- Markdown (30%): Rs 2,220 margin lost
- Transfer: unavailable; No better-fit store is available without creating another at-risk position.
- Hold: Rs 154 opportunity cost + Rs 518 markdown risk = Rs 672
RECOMMENDED: HOLD at Rs 672"
MAN-02,MobiMart Kottara,M01,Samsung Galaxy A26,mid,confirmed,1,past expected lifecycle,0.0,0.0,20460,0.28500000000000003,5831.1,6.0,0.2,BLR-04,463.35945205479453,424.93846153846147,1432.2,1857.1384615384616,TRANSFER,463.35945205479453,"MobiMart Kottara, Samsung Galaxy A26, 1 units at risk (past expected lifecycle; no successor within four weeks):
- Markdown (29%): Rs 5,831 margin lost
- Transfer: Rs 463; Transfer target MobiMart Whitefield at Rs 423/unit plus 4-day holding cost.
- Hold: Rs 425 opportunity cost + Rs 1,432 markdown risk = Rs 1,857
RECOMMENDED: TRANSFER at Rs 463"
BLR-02,MobiMart Koramangala,B15,Moto G16 Play,budget,confirmed,1,past peak with declining store trend; last two weeks below 40% of prior six-week average,0.5,2.3333333333333335,10588,0.27,2858.76,2.0,0.8400000000000001,UDU-01,481.8859178082192,73.30153846153846,3112.872,3186.173538461538,TRANSFER,481.8859178082192,"MobiMart Koramangala, Moto G16 Play, 1 units at risk (past peak with declining store trend; last two weeks below 40% of prior six-week average; no successor within four weeks):
- Markdown (27%): Rs 2,859 margin lost
- Transfer: Rs 482; Transfer target MobiMart Udupi Main Road at Rs 461/unit plus 4-day holding cost.
- Hold: Rs 73 opportunity cost + Rs 3,113 markdown risk = Rs 3,186
RECOMMENDED: TRANSFER at Rs 482"
TUM-02,MobiMart SS Puram,M03,Realme 14 Pro,mid,confirmed,1,past expected lifecycle,0.0,0.0,24373,0.28500000000000003,6946.305000000001,6.0,0.2,BLR-08,677.0782465753425,506.2084615384615,1706.11,2212.3184615384616,TRANSFER,677.0782465753425,"MobiMart SS Puram, Realme 14 Pro, 1 units at risk (past expected lifecycle; no successor within four weeks):
- Markdown (29%): Rs 6,946 margin lost
- Transfer: Rs 677; Transfer target MobiMart Electronic City at Rs 629/unit plus 4-day holding cost.
- Hold: Rs 506 opportunity cost + Rs 1,706 markdown risk = Rs 2,212
RECOMMENDED: TRANSFER at Rs 677"
DAV-01,MobiMart PJ Extension,M15,Vivo V51e,mid,confirmed,1,past peak with declining store trend,0.5,0.8333333333333334,26653,0.19999999999999998,5330.599999999999,2.0,0.8400000000000001,,,184.52076923076922,7835.982,8020.502769230769,MARKDOWN,5330.599999999999,"MobiMart PJ Extension, Vivo V51e, 1 units at risk (past peak with declining store trend; no successor within four weeks):
- Markdown (20%): Rs 5,331 margin lost
- Transfer: unavailable; No better-fit store is available without creating another at-risk position.
- Hold: Rs 185 opportunity cost + Rs 7,836 markdown risk = Rs 8,021
RECOMMENDED: MARKDOWN at Rs 5,331"
DAV-01,MobiMart PJ Extension,F13,OnePlus 14,flagship,confirmed,1,past peak with declining store trend; last two weeks below 40% of prior six-week average,0.0,0.16666666666666666,60399,0.28125,16987.21875,6.0,0.2,BLR-03,584.1432328767123,1254.4407692307693,4227.929999999999,5482.370769230769,TRANSFER,584.1432328767123,"MobiMart PJ Extension, OnePlus 14, 1 units at risk (past peak with declining store trend; last two weeks below 40% of prior six-week average; no successor within four weeks):
- Markdown (28%): Rs 16,987 margin lost
- Transfer: Rs 584; Transfer target MobiMart Indiranagar at Rs 465/unit plus 4-day holding cost.
- Hold: Rs 1,254 opportunity cost + Rs 4,228 markdown risk = Rs 5,482
RECOMMENDED: TRANSFER at Rs 584"
HOS-01,MobiMart Hosur Road,B01,Nokia 110 Power,budget,confirmed,1,past expected lifecycle,0.0,0.0,6440,0.28500000000000003,1835.4,6.0,0.2,,,133.75384615384615,450.8,584.5538461538462,HOLD,584.5538461538462,"MobiMart Hosur Road, Nokia 110 Power, 1 units at risk (past expected lifecycle; no successor within four weeks):
- Markdown (29%): Rs 1,835 margin lost
- Transfer: unavailable; No better-fit store is available without creating another at-risk position.
- Hold: Rs 134 opportunity cost + Rs 451 markdown risk = Rs 585
RECOMMENDED: HOLD at Rs 585"
BLR-08,MobiMart Electronic City,M09,Samsung Galaxy A36,mid,confirmed,1,past expected lifecycle,1.0,0.5,28135,0.28500000000000003,8018.475000000001,1.0,0.98,,,97.39038461538462,9650.305,9747.695384615385,MARKDOWN,8018.475000000001,"MobiMart Electronic City, Samsung Galaxy A36, 1 units at risk (past expected lifecycle; no successor within four weeks):
- Markdown (29%): Rs 8,018 margin lost
- Transfer: unavailable; No better-fit store is available without creating another at-risk position.
- Hold: Rs 97 opportunity cost + Rs 9,650 markdown risk = Rs 9,748
RECOMMENDED: MARKDOWN at Rs 8,018"
MAN-02,MobiMart Kottara,M09,Samsung Galaxy A36,mid,confirmed,1,past expected lifecycle,1.0,0.3333333333333333,28135,0.28500000000000003,8018.475000000001,1.0,0.98,BLR-04,356.4991780821918,97.39038461538462,9650.305,9747.695384615385,TRANSFER,356.4991780821918,"MobiMart Kottara, Samsung Galaxy A36, 1 units at risk (past expected lifecycle; no successor within four weeks):
- Markdown (29%): Rs 8,018 margin lost
- Transfer: Rs 356; Transfer target MobiMart Whitefield at Rs 301/unit plus 4-day holding cost.
- Hold: Rs 97 opportunity cost + Rs 9,650 markdown risk = Rs 9,748
RECOMMENDED: TRANSFER at Rs 356"
DAV-01,MobiMart PJ Extension,M05,Vivo V50e,mid,confirmed,1,past expected lifecycle,0.0,0.0,26834,0.28500000000000003,7647.6900000000005,6.0,0.2,BLR-08,709.9328219178083,557.3215384615385,1878.38,2435.701538461539,TRANSFER,709.9328219178083,"MobiMart PJ Extension, Vivo V50e, 1 units at risk (past expected lifecycle; no successor within four weeks):
- Markdown (29%): Rs 7,648 margin lost
- Transfer: Rs 710; Transfer target MobiMart Electronic City at Rs 657/unit plus 4-day holding cost.
- Hold: Rs 557 opportunity cost + Rs 1,878 markdown risk = Rs 2,436
RECOMMENDED: TRANSFER at Rs 710"
SHI-01,MobiMart Vidya Nagar,B09,Realme C75x,budget,confirmed,1,past peak with declining store trend; last two weeks below 40% of prior six-week average; past expected lifecycle,0.0,0.16666666666666666,12085,0.3,3625.5,6.0,0.2,,,250.99615384615385,845.95,1096.946153846154,HOLD,1096.946153846154,"MobiMart Vidya Nagar, Realme C75x, 1 units at risk (past peak with declining store trend; last two weeks below 40% of prior six-week average; past expected lifecycle; no successor within four weeks):
- Markdown (30%): Rs 3,626 margin lost
- Transfer: unavailable; No better-fit store is available without creating another at-risk position.
- Hold: Rs 251 opportunity cost + Rs 846 markdown risk = Rs 1,097
RECOMMENDED: HOLD at Rs 1,097"
TUM-02,MobiMart SS Puram,M02,Redmi Note 14,mid,confirmed,1,past expected lifecycle,0.0,0.0,16548,0.28500000000000003,4716.18,6.0,0.2,MAN-01,660.6426301369863,343.6892307692308,1158.36,1502.0492307692307,TRANSFER,660.6426301369863,"MobiMart SS Puram, Redmi Note 14, 1 units at risk (past expected lifecycle; no successor within four weeks):
- Markdown (29%): Rs 4,716 margin lost
- Transfer: Rs 661; Transfer target MobiMart Court Road at Rs 628/unit plus 4-day holding cost.
- Hold: Rs 344 opportunity cost + Rs 1,158 markdown risk = Rs 1,502
RECOMMENDED: TRANSFER at Rs 661"
HUB-02,MobiMart Gokul Road,M01,Samsung Galaxy A26,mid,confirmed,1,past expected lifecycle,0.0,0.0,20460,0.28500000000000003,5831.1,6.0,0.2,BLR-04,717.3594520547945,424.93846153846147,1432.2,1857.1384615384616,TRANSFER,717.3594520547945,"MobiMart Gokul Road, Samsung Galaxy A26, 1 units at risk (past expected lifecycle; no successor within four weeks):
- Markdown (29%): Rs 5,831 margin lost
- Transfer: Rs 717; Transfer target MobiMart Whitefield at Rs 677/unit plus 4-day holding cost.
- Hold: Rs 425 opportunity cost + Rs 1,432 markdown risk = Rs 1,857
RECOMMENDED: TRANSFER at Rs 717"
HOS-01,MobiMart Hosur Road,B05,Moto G15 Play,budget,confirmed,1,past expected lifecycle,0.0,0.0,10127,0.28500000000000003,2886.195,6.0,0.2,,,210.32999999999998,708.89,919.22,HOLD,919.22,"MobiMart Hosur Road, Moto G15 Play, 1 units at risk (past expected lifecycle; no successor within four weeks):
- Markdown (29%): Rs 2,886 margin lost
- Transfer: unavailable; No better-fit store is available without creating another at-risk position.
- Hold: Rs 210 opportunity cost + Rs 709 markdown risk = Rs 919
RECOMMENDED: HOLD at Rs 919"
BLR-08,MobiMart Electronic City,F05,Pixel 9 Pro,flagship,confirmed,1,past expected lifecycle,0.0,0.0,89165,0.28500000000000003,25412.025,6.0,0.2,BLR-04,908.8871232876712,1851.8884615384616,6241.549999999999,8093.438461538461,TRANSFER,908.8871232876712,"MobiMart Electronic City, Pixel 9 Pro, 1 units at risk (past expected lifecycle; no successor within four weeks):
- Markdown (29%): Rs 25,412 margin lost
- Transfer: Rs 909; Transfer target MobiMart Whitefield at Rs 733/unit plus 4-day holding cost.
- Hold: Rs 1,852 opportunity cost + Rs 6,242 markdown risk = Rs 8,093
RECOMMENDED: TRANSFER at Rs 909"
BLR-08,MobiMart Electronic City,F09,OnePlus Open 2,flagship,confirmed,1,past expected lifecycle,0.0,0.0,97367,0.28500000000000003,27749.595000000005,6.0,0.2,BLR-04,977.066410958904,2022.237692307692,6815.69,8837.927692307692,TRANSFER,977.066410958904,"MobiMart Electronic City, OnePlus Open 2, 1 units at risk (past expected lifecycle; no successor within four weeks):
- Markdown (29%): Rs 27,750 margin lost
- Transfer: Rs 977; Transfer target MobiMart Whitefield at Rs 785/unit plus 4-day holding cost.
- Hold: Rs 2,022 opportunity cost + Rs 6,816 markdown risk = Rs 8,838
RECOMMENDED: TRANSFER at Rs 977"
BLR-05,MobiMart Malleshwaram,M13,Realme 15 Pro,mid,confirmed,2,past peak with declining store trend; last two weeks below 40% of prior six-week average,0.0,1.6666666666666667,51392,0.27,13875.84,6.0,0.2,BLR-02,743.376,1067.3723076923077,3597.4399999999996,4664.8123076923075,TRANSFER,743.376,"MobiMart Malleshwaram, Realme 15 Pro, 2 units at risk (past peak with declining store trend; last two weeks below 40% of prior six-week average; no successor within four weeks):
- Markdown (27%): Rs 13,876 margin lost
- Transfer: Rs 743; Transfer target MobiMart Koramangala at Rs 321/unit plus 4-day holding cost.
- Hold: Rs 1,067 opportunity cost + Rs 3,597 markdown risk = Rs 4,665
RECOMMENDED: TRANSFER at Rs 743"
SHI-01,MobiMart Vidya Nagar,M01,Samsung Galaxy A26,mid,confirmed,1,past expected lifecycle,0.0,0.0,20460,0.28500000000000003,5831.1,6.0,0.2,BLR-04,818.3594520547945,424.93846153846147,1432.2,1857.1384615384616,TRANSFER,818.3594520547945,"MobiMart Vidya Nagar, Samsung Galaxy A26, 1 units at risk (past expected lifecycle; no successor within four weeks):
- Markdown (29%): Rs 5,831 margin lost
- Transfer: Rs 818; Transfer target MobiMart Whitefield at Rs 778/unit plus 4-day holding cost.
- Hold: Rs 425 opportunity cost + Rs 1,432 markdown risk = Rs 1,857
RECOMMENDED: TRANSFER at Rs 818"
MAN-01,MobiMart Court Road,F01,Samsung Galaxy S25,flagship,confirmed,1,past expected lifecycle,0.0,0.0,61349,0.28500000000000003,17484.465,6.0,0.2,BLR-03,800.0172054794521,1274.1715384615384,4294.429999999999,5568.6015384615375,TRANSFER,800.0172054794521,"MobiMart Court Road, Samsung Galaxy S25, 1 units at risk (past expected lifecycle; no successor within four weeks):
- Markdown (29%): Rs 17,484 margin lost
- Transfer: Rs 800; Transfer target MobiMart Indiranagar at Rs 679/unit plus 4-day holding cost.
- Hold: Rs 1,274 opportunity cost + Rs 4,294 markdown risk = Rs 5,569
RECOMMENDED: TRANSFER at Rs 800"
TUM-01,MobiMart MG Road,M01,Samsung Galaxy A26,mid,confirmed,1,past expected lifecycle,0.0,0.0,20460,0.28500000000000003,5831.1,6.0,0.2,BLR-04,806.3594520547945,424.93846153846147,1432.2,1857.1384615384616,TRANSFER,806.3594520547945,"MobiMart MG Road, Samsung Galaxy A26, 1 units at risk (past expected lifecycle; no successor within four weeks):
- Markdown (29%): Rs 5,831 margin lost
- Transfer: Rs 806; Transfer target MobiMart Whitefield at Rs 766/unit plus 4-day holding cost.
- Hold: Rs 425 opportunity cost + Rs 1,432 markdown risk = Rs 1,857
RECOMMENDED: TRANSFER at Rs 806"
HUB-01,MobiMart Vidya Nagar,B16,Lava Blaze Core 2,budget,confirmed,5,past peak with declining store trend,6.0,6.5,44515,0.185,8235.275,1.0,0.98,,,154.0903846153846,15268.644999999999,15422.735384615384,MARKDOWN,8235.275,"MobiMart Vidya Nagar, Lava Blaze Core 2, 5 units at risk (past peak with declining store trend; no successor within four weeks):
- Markdown (18%): Rs 8,235 margin lost
- Transfer: unavailable; No better-fit store is available without creating another at-risk position.
- Hold: Rs 154 opportunity cost + Rs 15,269 markdown risk = Rs 15,423
RECOMMENDED: MARKDOWN at Rs 8,235"
UDU-01,MobiMart Udupi Main Road,M05,Vivo V50e,mid,confirmed,1,past expected lifecycle,0.0,0.0,26834,0.28500000000000003,7647.6900000000005,6.0,0.2,BLR-08,529.9328219178083,557.3215384615385,1878.38,2435.701538461539,TRANSFER,529.9328219178083,"MobiMart Udupi Main Road, Vivo V50e, 1 units at risk (past expected lifecycle; no successor within four weeks):
- Markdown (29%): Rs 7,648 margin lost
- Transfer: Rs 530; Transfer target MobiMart Electronic City at Rs 477/unit plus 4-day holding cost.
- Hold: Rs 557 opportunity cost + Rs 1,878 markdown risk = Rs 2,436
RECOMMENDED: TRANSFER at Rs 530"
BLR-07,MobiMart Yelahanka,B16,Lava Blaze Core 2,budget,confirmed,4,past peak with declining store trend,3.5,5.5,35612,0.185,6588.22,2.0,0.8400000000000001,,,246.54461538461538,10469.928,10716.472615384615,MARKDOWN,6588.22,"MobiMart Yelahanka, Lava Blaze Core 2, 4 units at risk (past peak with declining store trend; no successor within four weeks):
- Markdown (18%): Rs 6,588 margin lost
- Transfer: unavailable; No better-fit store is available without creating another at-risk position.
- Hold: Rs 247 opportunity cost + Rs 10,470 markdown risk = Rs 10,716
RECOMMENDED: MARKDOWN at Rs 6,588"
BLR-08,MobiMart Electronic City,F04,Vivo X200,flagship,confirmed,1,past expected lifecycle,0.0,0.0,53816,0.28500000000000003,15337.560000000001,6.0,0.2,,,1117.716923076923,3767.12,4884.836923076923,HOLD,4884.836923076923,"MobiMart Electronic City, Vivo X200, 1 units at risk (past expected lifecycle; no successor within four weeks):
- Markdown (29%): Rs 15,338 margin lost
- Transfer: unavailable; No better-fit store is available without creating another at-risk position.
- Hold: Rs 1,118 opportunity cost + Rs 3,767 markdown risk = Rs 4,885
RECOMMENDED: HOLD at Rs 4,885"
BLR-08,MobiMart Electronic City,F06,Xiaomi 15,flagship,confirmed,1,past expected lifecycle,0.0,0.0,53059,0.28500000000000003,15121.815000000002,6.0,0.2,BLR-04,723.6643287671233,1101.9946153846151,3714.1299999999997,4816.124615384615,TRANSFER,723.6643287671233,"MobiMart Electronic City, Xiaomi 15, 1 units at risk (past expected lifecycle; no successor within four weeks):
- Markdown (29%): Rs 15,122 margin lost
- Transfer: Rs 724; Transfer target MobiMart Whitefield at Rs 619/unit plus 4-day holding cost.
- Hold: Rs 1,102 opportunity cost + Rs 3,714 markdown risk = Rs 4,816
RECOMMENDED: TRANSFER at Rs 724"
MAN-02,MobiMart Kottara,M05,Vivo V50e,mid,confirmed,1,past expected lifecycle,0.0,0.0,26834,0.28500000000000003,7647.6900000000005,6.0,0.2,BLR-08,837.9328219178083,557.3215384615385,1878.38,2435.701538461539,TRANSFER,837.9328219178083,"MobiMart Kottara, Vivo V50e, 1 units at risk (past expected lifecycle; no successor within four weeks):
- Markdown (29%): Rs 7,648 margin lost
- Transfer: Rs 838; Transfer target MobiMart Electronic City at Rs 785/unit plus 4-day holding cost.
- Hold: Rs 557 opportunity cost + Rs 1,878 markdown risk = Rs 2,436
RECOMMENDED: TRANSFER at Rs 838"
MAN-01,MobiMart Court Road,B01,Nokia 110 Power,budget,confirmed,2,past peak with declining store trend; last two weeks below 40% of prior six-week average; past expected lifecycle,0.0,0.16666666666666666,12880,0.3,3864.0,6.0,0.2,TUM-02,1025.4071232876713,267.5076923076923,901.6,1169.1076923076923,TRANSFER,1025.4071232876713,"MobiMart Court Road, Nokia 110 Power, 2 units at risk (past peak with declining store trend; last two weeks below 40% of prior six-week average; past expected lifecycle; no successor within four weeks):
- Markdown (30%): Rs 3,864 margin lost
- Transfer: Rs 1,025; Transfer target MobiMart SS Puram at Rs 500/unit plus 4-day holding cost.
- Hold: Rs 268 opportunity cost + Rs 902 markdown risk = Rs 1,169
RECOMMENDED: TRANSFER at Rs 1,025"
BLR-06,MobiMart Rajajinagar,B16,Lava Blaze Core 2,budget,confirmed,5,past peak with declining store trend,5.5,6.5,44515,0.185,8235.275,1.0,0.98,,,154.0903846153846,15268.644999999999,15422.735384615384,MARKDOWN,8235.275,"MobiMart Rajajinagar, Lava Blaze Core 2, 5 units at risk (past peak with declining store trend; no successor within four weeks):
- Markdown (18%): Rs 8,235 margin lost
- Transfer: unavailable; No better-fit store is available without creating another at-risk position.
- Hold: Rs 154 opportunity cost + Rs 15,269 markdown risk = Rs 15,423
RECOMMENDED: MARKDOWN at Rs 8,235"
BLR-06,MobiMart Rajajinagar,B11,Nokia 125 Power,budget,confirmed,1,past expected lifecycle,2.5,1.1666666666666667,7505,0.28500000000000003,2138.925,1.0,0.98,,,25.978846153846153,2574.215,2600.193846153846,MARKDOWN,2138.925,"MobiMart Rajajinagar, Nokia 125 Power, 1 units at risk (past expected lifecycle; no successor within four weeks):
- Markdown (29%): Rs 2,139 margin lost
- Transfer: unavailable; No better-fit store is available without creating another at-risk position.
- Hold: Rs 26 opportunity cost + Rs 2,574 markdown risk = Rs 2,600
RECOMMENDED: MARKDOWN at Rs 2,139"
BEL-02,MobiMart Tilakwadi,M01,Samsung Galaxy A26,mid,confirmed,1,past peak with declining store trend; last two weeks below 40% of prior six-week average; past expected lifecycle,0.0,0.16666666666666666,20460,0.3,6138.0,6.0,0.2,BLR-04,815.3594520547945,424.93846153846147,1432.2,1857.1384615384616,TRANSFER,815.3594520547945,"MobiMart Tilakwadi, Samsung Galaxy A26, 1 units at risk (past peak with declining store trend; last two weeks below 40% of prior six-week average; past expected lifecycle; no successor within four weeks):
- Markdown (30%): Rs 6,138 margin lost
- Transfer: Rs 815; Transfer target MobiMart Whitefield at Rs 775/unit plus 4-day holding cost.
- Hold: Rs 425 opportunity cost + Rs 1,432 markdown risk = Rs 1,857
RECOMMENDED: TRANSFER at Rs 815"
HUB-01,MobiMart Vidya Nagar,M13,Realme 15 Pro,mid,confirmed,1,past peak with declining store trend; last two weeks below 40% of prior six-week average,0.0,1.1666666666666667,25696,0.27,6937.92,6.0,0.2,BLR-02,420.688,533.6861538461538,1798.7199999999998,2332.4061538461538,TRANSFER,420.688,"MobiMart Vidya Nagar, Realme 15 Pro, 1 units at risk (past peak with declining store trend; last two weeks below 40% of prior six-week average; no successor within four weeks):
- Markdown (27%): Rs 6,938 margin lost
- Transfer: Rs 421; Transfer target MobiMart Koramangala at Rs 370/unit plus 4-day holding cost.
- Hold: Rs 534 opportunity cost + Rs 1,799 markdown risk = Rs 2,332
RECOMMENDED: TRANSFER at Rs 421"
BLR-08,MobiMart Electronic City,F01,Samsung Galaxy S25,flagship,confirmed,1,past expected lifecycle,0.0,0.0,61349,0.28500000000000003,17484.465,6.0,0.2,BLR-03,559.0172054794521,1274.1715384615384,4294.429999999999,5568.6015384615375,TRANSFER,559.0172054794521,"MobiMart Electronic City, Samsung Galaxy S25, 1 units at risk (past expected lifecycle; no successor within four weeks):
- Markdown (29%): Rs 17,484 margin lost
- Transfer: Rs 559; Transfer target MobiMart Indiranagar at Rs 438/unit plus 4-day holding cost.
- Hold: Rs 1,274 opportunity cost + Rs 4,294 markdown risk = Rs 5,569
RECOMMENDED: TRANSFER at Rs 559"
HOS-01,MobiMart Hosur Road,B16,Lava Blaze Core 2,budget,confirmed,2,past peak with declining store trend,2.5,2.6666666666666665,17806,0.185,3294.11,1.0,0.98,,,61.636153846153846,6107.458,6169.094153846154,MARKDOWN,3294.11,"MobiMart Hosur Road, Lava Blaze Core 2, 2 units at risk (past peak with declining store trend; no successor within four weeks):
- Markdown (18%): Rs 3,294 margin lost
- Transfer: unavailable; No better-fit store is available without creating another at-risk position.
- Hold: Rs 62 opportunity cost + Rs 6,107 markdown risk = Rs 6,169
RECOMMENDED: MARKDOWN at Rs 3,294"
HUB-02,MobiMart Gokul Road,M05,Vivo V50e,mid,confirmed,1,past peak with declining store trend; last two weeks below 40% of prior six-week average; past expected lifecycle,0.0,0.16666666666666666,26834,0.3,8050.2,6.0,0.2,BLR-08,545.9328219178083,557.3215384615385,1878.38,2435.701538461539,TRANSFER,545.9328219178083,"MobiMart Gokul Road, Vivo V50e, 1 units at risk (past peak with declining store trend; last two weeks below 40% of prior six-week average; past expected lifecycle; no successor within four weeks):
- Markdown (30%): Rs 8,050 margin lost
- Transfer: Rs 546; Transfer target MobiMart Electronic City at Rs 493/unit plus 4-day holding cost.
- Hold: Rs 557 opportunity cost + Rs 1,878 markdown risk = Rs 2,436
RECOMMENDED: TRANSFER at Rs 546"
SHI-01,MobiMart Vidya Nagar,M05,Vivo V50e,mid,confirmed,1,past expected lifecycle,0.0,0.0,26834,0.28500000000000003,7647.6900000000005,6.0,0.2,BLR-08,831.9328219178083,557.3215384615385,1878.38,2435.701538461539,TRANSFER,831.9328219178083,"MobiMart Vidya Nagar, Vivo V50e, 1 units at risk (past expected lifecycle; no successor within four weeks):
- Markdown (29%): Rs 7,648 margin lost
- Transfer: Rs 832; Transfer target MobiMart Electronic City at Rs 779/unit plus 4-day holding cost.
- Hold: Rs 557 opportunity cost + Rs 1,878 markdown risk = Rs 2,436
RECOMMENDED: TRANSFER at Rs 832"
MAN-02,MobiMart Kottara,B15,Moto G16 Play,budget,confirmed,3,past peak with declining store trend,2.0,4.833333333333333,31764,0.21346153846153845,6780.392307692307,2.0,0.8400000000000001,,,219.90461538461537,9338.616,9558.520615384616,MARKDOWN,6780.392307692307,"MobiMart Kottara, Moto G16 Play, 3 units at risk (past peak with declining store trend; no successor within four weeks):
- Markdown (21%): Rs 6,780 margin lost
- Transfer: unavailable; No better-fit store is available without creating another at-risk position.
- Hold: Rs 220 opportunity cost + Rs 9,339 markdown risk = Rs 9,559
RECOMMENDED: MARKDOWN at Rs 6,780"
TUM-02,MobiMart SS Puram,B16,Lava Blaze Core 2,budget,confirmed,3,past peak with declining store trend,2.0,4.5,26709,0.185,4941.165,2.0,0.8400000000000001,,,184.90846153846152,7852.446000000001,8037.354461538463,MARKDOWN,4941.165,"MobiMart SS Puram, Lava Blaze Core 2, 3 units at risk (past peak with declining store trend; no successor within four weeks):
- Markdown (18%): Rs 4,941 margin lost
- Transfer: unavailable; No better-fit store is available without creating another at-risk position.
- Hold: Rs 185 opportunity cost + Rs 7,852 markdown risk = Rs 8,037
RECOMMENDED: MARKDOWN at Rs 4,941"
DAV-02,MobiMart MCC B Block,M07,POCO X7 Pro,mid,confirmed,1,past expected lifecycle,0.0,0.0,23908,0.28500000000000003,6813.780000000001,6.0,0.2,MAN-01,504.16098630136986,496.5507692307692,1673.56,2170.110769230769,TRANSFER,504.16098630136986,"MobiMart MCC B Block, POCO X7 Pro, 1 units at risk (past expected lifecycle; no successor within four weeks):
- Markdown (29%): Rs 6,814 margin lost
- Transfer: Rs 504; Transfer target MobiMart Court Road at Rs 457/unit plus 4-day holding cost.
- Hold: Rs 497 opportunity cost + Rs 1,674 markdown risk = Rs 2,170
RECOMMENDED: TRANSFER at Rs 504"
TUM-01,MobiMart MG Road,F14,Vivo X210,flagship,confirmed,1,past peak with declining store trend; last two weeks below 40% of prior six-week average,0.0,0.16666666666666666,57882,0.27,15628.140000000001,6.0,0.2,BLR-04,738.1781917808219,1202.1646153846154,4051.74,5253.904615384616,TRANSFER,738.1781917808219,"MobiMart MG Road, Vivo X210, 1 units at risk (past peak with declining store trend; last two weeks below 40% of prior six-week average; no successor within four weeks):
- Markdown (27%): Rs 15,628 margin lost
- Transfer: Rs 738; Transfer target MobiMart Whitefield at Rs 624/unit plus 4-day holding cost.
- Hold: Rs 1,202 opportunity cost + Rs 4,052 markdown risk = Rs 5,254
RECOMMENDED: TRANSFER at Rs 738"
BLR-04,MobiMart Whitefield,M10,OnePlus Nord 5,mid,confirmed,1,past expected lifecycle,1.0,0.5,25610,0.28500000000000003,7298.85,1.0,0.98,,,88.65,8784.23,8872.88,MARKDOWN,7298.85,"MobiMart Whitefield, OnePlus Nord 5, 1 units at risk (past expected lifecycle; no successor within four weeks):
- Markdown (29%): Rs 7,299 margin lost
- Transfer: unavailable; No better-fit store is available without creating another at-risk position.
- Hold: Rs 89 opportunity cost + Rs 8,784 markdown risk = Rs 8,873
RECOMMENDED: MARKDOWN at Rs 7,299"
BLR-05,MobiMart Malleshwaram,M10,OnePlus Nord 5,mid,confirmed,1,past peak with declining store trend; past expected lifecycle,0.5,0.6666666666666666,25610,0.3,7683.0,2.0,0.8400000000000001,,,177.3,7529.340000000001,7706.640000000001,MARKDOWN,7683.0,"MobiMart Malleshwaram, OnePlus Nord 5, 1 units at risk (past peak with declining store trend; past expected lifecycle; no successor within four weeks):
- Markdown (30%): Rs 7,683 margin lost
- Transfer: unavailable; No better-fit store is available without creating another at-risk position.
- Hold: Rs 177 opportunity cost + Rs 7,529 markdown risk = Rs 7,707
RECOMMENDED: MARKDOWN at Rs 7,683"
HOS-01,MobiMart Hosur Road,M10,OnePlus Nord 5,mid,confirmed,1,past expected lifecycle,1.0,0.6666666666666666,25610,0.28500000000000003,7298.85,1.0,0.98,,,88.65,8784.23,8872.88,MARKDOWN,7298.85,"MobiMart Hosur Road, OnePlus Nord 5, 1 units at risk (past expected lifecycle; no successor within four weeks):
- Markdown (29%): Rs 7,299 margin lost
- Transfer: unavailable; No better-fit store is available without creating another at-risk position.
- Hold: Rs 89 opportunity cost + Rs 8,784 markdown risk = Rs 8,873
RECOMMENDED: MARKDOWN at Rs 7,299"
BLR-03,MobiMart Indiranagar,B01,Nokia 110 Power,budget,confirmed,3,past peak with declining store trend; last two weeks below 40% of prior six-week average; past expected lifecycle,0.0,0.16666666666666666,19320,0.3,5796.0,6.0,0.2,TUM-02,1856.1106849315067,401.26153846153846,1352.4,1753.6615384615386,HOLD,1753.6615384615386,"MobiMart Indiranagar, Nokia 110 Power, 3 units at risk (past peak with declining store trend; last two weeks below 40% of prior six-week average; past expected lifecycle; no successor within four weeks):
- Markdown (30%): Rs 5,796 margin lost
- Transfer: Rs 1,856; Transfer target MobiMart SS Puram at Rs 606/unit plus 4-day holding cost.
- Hold: Rs 401 opportunity cost + Rs 1,352 markdown risk = Rs 1,754
RECOMMENDED: HOLD at Rs 1,754"
MYS-02,MobiMart Kuvempunagar,M01,Samsung Galaxy A26,mid,confirmed,1,past expected lifecycle,0.0,0.0,20460,0.28500000000000003,5831.1,6.0,0.2,BLR-04,443.35945205479453,424.93846153846147,1432.2,1857.1384615384616,TRANSFER,443.35945205479453,"MobiMart Kuvempunagar, Samsung Galaxy A26, 1 units at risk (past expected lifecycle; no successor within four weeks):
- Markdown (29%): Rs 5,831 margin lost
- Transfer: Rs 443; Transfer target MobiMart Whitefield at Rs 403/unit plus 4-day holding cost.
- Hold: Rs 425 opportunity cost + Rs 1,432 markdown risk = Rs 1,857
RECOMMENDED: TRANSFER at Rs 443"
TUM-01,MobiMart MG Road,F17,iPhone 17 Pro Max,flagship,confirmed,1,last two weeks below 40% of prior six-week average,0.0,0.16666666666666666,109430,0.27,29546.100000000002,6.0,0.2,BLR-04,794.8619178082191,2272.7769230769227,7660.1,9932.876923076923,TRANSFER,794.8619178082191,"MobiMart MG Road, iPhone 17 Pro Max, 1 units at risk (last two weeks below 40% of prior six-week average; no successor within four weeks):
- Markdown (27%): Rs 29,546 margin lost
- Transfer: Rs 795; Transfer target MobiMart Whitefield at Rs 579/unit plus 4-day holding cost.
- Hold: Rs 2,273 opportunity cost + Rs 7,660 markdown risk = Rs 9,933
RECOMMENDED: TRANSFER at Rs 795"
BLR-04,MobiMart Whitefield,M11,Samsung Galaxy A27,mid,confirmed,1,past peak with declining store trend; last two weeks below 40% of prior six-week average; past expected lifecycle,0.5,1.3333333333333333,20687,0.3,6206.099999999999,2.0,0.8400000000000001,,,143.2176923076923,6081.978,6225.195692307692,MARKDOWN,6206.099999999999,"MobiMart Whitefield, Samsung Galaxy A27, 1 units at risk (past peak with declining store trend; last two weeks below 40% of prior six-week average; past expected lifecycle; no successor within four weeks):
- Markdown (30%): Rs 6,206 margin lost
- Transfer: unavailable; No better-fit store is available without creating another at-risk position.
- Hold: Rs 143 opportunity cost + Rs 6,082 markdown risk = Rs 6,225
RECOMMENDED: MARKDOWN at Rs 6,206"
BEL-02,MobiMart Tilakwadi,M11,Samsung Galaxy A27,mid,confirmed,1,past peak with declining store trend; past expected lifecycle,0.5,0.6666666666666666,20687,0.3,6206.099999999999,2.0,0.8400000000000001,,,143.2176923076923,6081.978,6225.195692307692,MARKDOWN,6206.099999999999,"MobiMart Tilakwadi, Samsung Galaxy A27, 1 units at risk (past peak with declining store trend; past expected lifecycle; no successor within four weeks):
- Markdown (30%): Rs 6,206 margin lost
- Transfer: unavailable; No better-fit store is available without creating another at-risk position.
- Hold: Rs 143 opportunity cost + Rs 6,082 markdown risk = Rs 6,225
RECOMMENDED: MARKDOWN at Rs 6,206"
TUM-01,MobiMart MG Road,M05,Vivo V50e,mid,confirmed,1,past expected lifecycle,0.0,0.0,26834,0.28500000000000003,7647.6900000000005,6.0,0.2,BLR-08,626.9328219178083,557.3215384615385,1878.38,2435.701538461539,TRANSFER,626.9328219178083,"MobiMart MG Road, Vivo V50e, 1 units at risk (past expected lifecycle; no successor within four weeks):
- Markdown (29%): Rs 7,648 margin lost
- Transfer: Rs 627; Transfer target MobiMart Electronic City at Rs 574/unit plus 4-day holding cost.
- Hold: Rs 557 opportunity cost + Rs 1,878 markdown risk = Rs 2,436
RECOMMENDED: TRANSFER at Rs 627"
BLR-08,MobiMart Electronic City,B01,Nokia 110 Power,budget,confirmed,2,past expected lifecycle,0.0,0.0,12880,0.28500000000000003,3670.8,6.0,0.2,TUM-02,733.4071232876712,267.5076923076923,901.6,1169.1076923076923,TRANSFER,733.4071232876712,"MobiMart Electronic City, Nokia 110 Power, 2 units at risk (past expected lifecycle; no successor within four weeks):
- Markdown (29%): Rs 3,671 margin lost
- Transfer: Rs 733; Transfer target MobiMart SS Puram at Rs 354/unit plus 4-day holding cost.
- Hold: Rs 268 opportunity cost + Rs 902 markdown risk = Rs 1,169
RECOMMENDED: TRANSFER at Rs 733"
KOL-01,MobiMart Station Road,M03,Realme 14 Pro,mid,confirmed,1,past expected lifecycle,0.0,0.0,24373,0.28500000000000003,6946.305000000001,6.0,0.2,BLR-08,486.07824657534246,506.2084615384615,1706.11,2212.3184615384616,TRANSFER,486.07824657534246,"MobiMart Station Road, Realme 14 Pro, 1 units at risk (past expected lifecycle; no successor within four weeks):
- Markdown (29%): Rs 6,946 margin lost
- Transfer: Rs 486; Transfer target MobiMart Electronic City at Rs 438/unit plus 4-day holding cost.
- Hold: Rs 506 opportunity cost + Rs 1,706 markdown risk = Rs 2,212
RECOMMENDED: TRANSFER at Rs 486"
HOS-01,MobiMart Hosur Road,F18,Samsung Galaxy Z Fold8,flagship,confirmed,1,last two weeks below 40% of prior six-week average,0.0,0.16666666666666666,117464,0.27,31715.280000000002,6.0,0.2,BLR-04,771.7098082191781,2439.6369230769233,8222.48,10662.116923076923,TRANSFER,771.7098082191781,"MobiMart Hosur Road, Samsung Galaxy Z Fold8, 1 units at risk (last two weeks below 40% of prior six-week average; no successor within four weeks):
- Markdown (27%): Rs 31,715 margin lost
- Transfer: Rs 772; Transfer target MobiMart Whitefield at Rs 540/unit plus 4-day holding cost.
- Hold: Rs 2,440 opportunity cost + Rs 8,222 markdown risk = Rs 10,662
RECOMMENDED: TRANSFER at Rs 772"
BLR-03,MobiMart Indiranagar,B05,Moto G15 Play,budget,confirmed,3,past expected lifecycle,0.0,0.0,30381,0.28500000000000003,8658.585000000001,6.0,0.2,TUM-02,1985.9296438356164,630.99,2126.6699999999996,2757.66,TRANSFER,1985.9296438356164,"MobiMart Indiranagar, Moto G15 Play, 3 units at risk (past expected lifecycle; no successor within four weeks):
- Markdown (29%): Rs 8,659 margin lost
- Transfer: Rs 1,986; Transfer target MobiMart SS Puram at Rs 642/unit plus 4-day holding cost.
- Hold: Rs 631 opportunity cost + Rs 2,127 markdown risk = Rs 2,758
RECOMMENDED: TRANSFER at Rs 1,986"
BLR-02,MobiMart Koramangala,B03,Redmi A5,budget,confirmed,3,past expected lifecycle,0.0,0.0,22203,0.28500000000000003,6327.8550000000005,6.0,0.2,UDU-01,2200.797698630137,461.1392307692308,1554.21,2015.3492307692309,HOLD,2015.3492307692309,"MobiMart Koramangala, Redmi A5, 3 units at risk (past expected lifecycle; no successor within four weeks):
- Markdown (29%): Rs 6,328 margin lost
- Transfer: Rs 2,201; Transfer target MobiMart Udupi Main Road at Rs 719/unit plus 4-day holding cost.
- Hold: Rs 461 opportunity cost + Rs 1,554 markdown risk = Rs 2,015
RECOMMENDED: HOLD at Rs 2,015"
KOL-01,MobiMart Station Road,M02,Redmi Note 14,mid,confirmed,1,past expected lifecycle,0.0,0.0,16548,0.28500000000000003,4716.18,6.0,0.2,MAN-01,652.6426301369863,343.6892307692308,1158.36,1502.0492307692307,TRANSFER,652.6426301369863,"MobiMart Station Road, Redmi Note 14, 1 units at risk (past expected lifecycle; no successor within four weeks):
- Markdown (29%): Rs 4,716 margin lost
- Transfer: Rs 653; Transfer target MobiMart Court Road at Rs 620/unit plus 4-day holding cost.
- Hold: Rs 344 opportunity cost + Rs 1,158 markdown risk = Rs 1,502
RECOMMENDED: TRANSFER at Rs 653"
BLR-05,MobiMart Malleshwaram,B16,Lava Blaze Core 2,budget,confirmed,4,past peak with declining store trend,3.0,6.666666666666667,35612,0.185,6588.22,2.0,0.8400000000000001,,,246.54461538461538,10469.928,10716.472615384615,MARKDOWN,6588.22,"MobiMart Malleshwaram, Lava Blaze Core 2, 4 units at risk (past peak with declining store trend; no successor within four weeks):
- Markdown (18%): Rs 6,588 margin lost
- Transfer: unavailable; No better-fit store is available without creating another at-risk position.
- Hold: Rs 247 opportunity cost + Rs 10,470 markdown risk = Rs 10,716
RECOMMENDED: MARKDOWN at Rs 6,588"
BLR-04,MobiMart Whitefield,B01,Nokia 110 Power,budget,confirmed,3,past expected lifecycle,0.0,0.0,19320,0.28500000000000003,5506.200000000001,6.0,0.2,TUM-02,1925.1106849315067,401.26153846153846,1352.4,1753.6615384615386,HOLD,1753.6615384615386,"MobiMart Whitefield, Nokia 110 Power, 3 units at risk (past expected lifecycle; no successor within four weeks):
- Markdown (29%): Rs 5,506 margin lost
- Transfer: Rs 1,925; Transfer target MobiMart SS Puram at Rs 629/unit plus 4-day holding cost.
- Hold: Rs 401 opportunity cost + Rs 1,352 markdown risk = Rs 1,754
RECOMMENDED: HOLD at Rs 1,754"
TUM-02,MobiMart SS Puram,B04,Realme Note 60,budget,confirmed,1,past peak with declining store trend; last two weeks below 40% of prior six-week average; past expected lifecycle,0.0,0.16666666666666666,8786,0.3,2635.7999999999997,6.0,0.2,,,182.47846153846154,615.02,797.4984615384615,HOLD,797.4984615384615,"MobiMart SS Puram, Realme Note 60, 1 units at risk (past peak with declining store trend; last two weeks below 40% of prior six-week average; past expected lifecycle; no successor within four weeks):
- Markdown (30%): Rs 2,636 margin lost
- Transfer: unavailable; No better-fit store is available without creating another at-risk position.
- Hold: Rs 182 opportunity cost + Rs 615 markdown risk = Rs 797
RECOMMENDED: HOLD at Rs 797"
MAN-01,MobiMart Court Road,F02,iPhone 16,flagship,confirmed,1,past expected lifecycle,0.0,0.0,66229,0.28500000000000003,18875.265000000003,6.0,0.2,BLR-04,509.64350684931503,1375.5253846153846,4636.03,6011.555384615384,TRANSFER,509.64350684931503,"MobiMart Court Road, iPhone 16, 1 units at risk (past expected lifecycle; no successor within four weeks):
- Markdown (29%): Rs 18,875 margin lost
- Transfer: Rs 510; Transfer target MobiMart Whitefield at Rs 379/unit plus 4-day holding cost.
- Hold: Rs 1,376 opportunity cost + Rs 4,636 markdown risk = Rs 6,012
RECOMMENDED: TRANSFER at Rs 510"
BLR-04,MobiMart Whitefield,B05,Moto G15 Play,budget,confirmed,3,past expected lifecycle,0.0,0.0,30381,0.28500000000000003,8658.585000000001,6.0,0.2,TUM-02,1049.9296438356164,630.99,2126.6699999999996,2757.66,TRANSFER,1049.9296438356164,"MobiMart Whitefield, Moto G15 Play, 3 units at risk (past expected lifecycle; no successor within four weeks):
- Markdown (29%): Rs 8,659 margin lost
- Transfer: Rs 1,050; Transfer target MobiMart SS Puram at Rs 330/unit plus 4-day holding cost.
- Hold: Rs 631 opportunity cost + Rs 2,127 markdown risk = Rs 2,758
RECOMMENDED: TRANSFER at Rs 1,050"
BLR-01,MobiMart Jayanagar,B16,Lava Blaze Core 2,budget,confirmed,2,past peak with declining store trend,2.5,2.6666666666666665,17806,0.185,3294.11,1.0,0.98,UDU-01,1557.1241643835617,61.636153846153846,6107.458,6169.094153846154,TRANSFER,1557.1241643835617,"MobiMart Jayanagar, Lava Blaze Core 2, 2 units at risk (past peak with declining store trend; no successor within four weeks):
- Markdown (18%): Rs 3,294 margin lost
- Transfer: Rs 1,557; Transfer target MobiMart Udupi Main Road at Rs 761/unit plus 4-day holding cost.
- Hold: Rs 62 opportunity cost + Rs 6,107 markdown risk = Rs 6,169
RECOMMENDED: TRANSFER at Rs 1,557"
BLR-06,MobiMart Rajajinagar,F13,OnePlus 14,flagship,confirmed,1,past peak with declining store trend; last two weeks below 40% of prior six-week average,0.0,0.5,60399,0.28125,16987.21875,6.0,0.2,BLR-03,461.1432328767123,1254.4407692307693,4227.929999999999,5482.370769230769,TRANSFER,461.1432328767123,"MobiMart Rajajinagar, OnePlus 14, 1 units at risk (past peak with declining store trend; last two weeks below 40% of prior six-week average; no successor within four weeks):
- Markdown (28%): Rs 16,987 margin lost
- Transfer: Rs 461; Transfer target MobiMart Indiranagar at Rs 342/unit plus 4-day holding cost.
- Hold: Rs 1,254 opportunity cost + Rs 4,228 markdown risk = Rs 5,482
RECOMMENDED: TRANSFER at Rs 461"
KOL-01,MobiMart Station Road,B01,Nokia 110 Power,budget,confirmed,1,past expected lifecycle,0.0,0.0,6440,0.28500000000000003,1835.4,6.0,0.2,,,133.75384615384615,450.8,584.5538461538462,HOLD,584.5538461538462,"MobiMart Station Road, Nokia 110 Power, 1 units at risk (past expected lifecycle; no successor within four weeks):
- Markdown (29%): Rs 1,835 margin lost
- Transfer: unavailable; No better-fit store is available without creating another at-risk position.
- Hold: Rs 134 opportunity cost + Rs 451 markdown risk = Rs 585
RECOMMENDED: HOLD at Rs 585"
MYS-02,MobiMart Kuvempunagar,M12,Redmi Note 15,mid,confirmed,1,past peak with declining store trend; last two weeks below 40% of prior six-week average,0.0,1.3333333333333333,17217,0.275,4734.675,6.0,0.2,MAN-01,827.962301369863,357.58384615384614,1205.19,1562.773846153846,TRANSFER,827.962301369863,"MobiMart Kuvempunagar, Redmi Note 15, 1 units at risk (past peak with declining store trend; last two weeks below 40% of prior six-week average; no successor within four weeks):
- Markdown (28%): Rs 4,735 margin lost
- Transfer: Rs 828; Transfer target MobiMart Court Road at Rs 794/unit plus 4-day holding cost.
- Hold: Rs 358 opportunity cost + Rs 1,205 markdown risk = Rs 1,563
RECOMMENDED: TRANSFER at Rs 828"
MAN-01,MobiMart Court Road,B03,Redmi A5,budget,confirmed,2,past expected lifecycle,0.0,0.0,14802,0.28500000000000003,4218.570000000001,6.0,0.2,UDU-01,795.1984657534247,307.42615384615385,1036.14,1343.566153846154,TRANSFER,795.1984657534247,"MobiMart Court Road, Redmi A5, 2 units at risk (past expected lifecycle; no successor within four weeks):
- Markdown (29%): Rs 4,219 margin lost
- Transfer: Rs 795; Transfer target MobiMart Udupi Main Road at Rs 383/unit plus 4-day holding cost.
- Hold: Rs 307 opportunity cost + Rs 1,036 markdown risk = Rs 1,344
RECOMMENDED: TRANSFER at Rs 795"
KOL-01,MobiMart Station Road,B05,Moto G15 Play,budget,confirmed,1,past expected lifecycle,0.0,0.0,10127,0.28500000000000003,2886.195,6.0,0.2,,,210.32999999999998,708.89,919.22,HOLD,919.22,"MobiMart Station Road, Moto G15 Play, 1 units at risk (past expected lifecycle; no successor within four weeks):
- Markdown (29%): Rs 2,886 margin lost
- Transfer: unavailable; No better-fit store is available without creating another at-risk position.
- Hold: Rs 210 opportunity cost + Rs 709 markdown risk = Rs 919
RECOMMENDED: HOLD at Rs 919"
BLR-05,MobiMart Malleshwaram,F08,Samsung Galaxy Z Flip7,flagship,confirmed,1,past expected lifecycle,0.0,0.0,78119,0.28500000000000003,22263.915,6.0,0.2,BLR-04,689.0977534246575,1622.4715384615383,5468.33,7090.801538461538,TRANSFER,689.0977534246575,"MobiMart Malleshwaram, Samsung Galaxy Z Flip7, 1 units at risk (past expected lifecycle; no successor within four weeks):
- Markdown (29%): Rs 22,264 margin lost
- Transfer: Rs 689; Transfer target MobiMart Whitefield at Rs 535/unit plus 4-day holding cost.
- Hold: Rs 1,622 opportunity cost + Rs 5,468 markdown risk = Rs 7,091
RECOMMENDED: TRANSFER at Rs 689"
BLR-05,MobiMart Malleshwaram,F10,iPhone 17,flagship,confirmed,1,past expected lifecycle,0.0,0.0,66400,0.28500000000000003,18924.000000000004,6.0,0.2,BLR-04,843.9808219178083,1379.076923076923,4648.0,6027.076923076923,TRANSFER,843.9808219178083,"MobiMart Malleshwaram, iPhone 17, 1 units at risk (past expected lifecycle; no successor within four weeks):
- Markdown (29%): Rs 18,924 margin lost
- Transfer: Rs 844; Transfer target MobiMart Whitefield at Rs 713/unit plus 4-day holding cost.
- Hold: Rs 1,379 opportunity cost + Rs 4,648 markdown risk = Rs 6,027
RECOMMENDED: TRANSFER at Rs 844"
BLR-08,MobiMart Electronic City,F02,iPhone 16,flagship,confirmed,1,past expected lifecycle,0.0,0.0,66229,0.28500000000000003,18875.265000000003,6.0,0.2,BLR-04,615.643506849315,1375.5253846153846,4636.03,6011.555384615384,TRANSFER,615.643506849315,"MobiMart Electronic City, iPhone 16, 1 units at risk (past expected lifecycle; no successor within four weeks):
- Markdown (29%): Rs 18,875 margin lost
- Transfer: Rs 616; Transfer target MobiMart Whitefield at Rs 485/unit plus 4-day holding cost.
- Hold: Rs 1,376 opportunity cost + Rs 4,636 markdown risk = Rs 6,012
RECOMMENDED: TRANSFER at Rs 616"
MYS-02,MobiMart Kuvempunagar,B13,Redmi A6,budget,confirmed,2,past peak with declining store trend,2.0,2.6666666666666665,17008,0.255,4337.04,1.0,0.98,,,58.87384615384615,5833.743999999999,5892.617846153845,MARKDOWN,4337.04,"MobiMart Kuvempunagar, Redmi A6, 2 units at risk (past peak with declining store trend; no successor within four weeks):
- Markdown (26%): Rs 4,337 margin lost
- Transfer: unavailable; No better-fit store is available without creating another at-risk position.
- Hold: Rs 59 opportunity cost + Rs 5,834 markdown risk = Rs 5,893
RECOMMENDED: MARKDOWN at Rs 4,337"
MYS-01,MobiMart Devaraja Mohalla,M09,Samsung Galaxy A36,mid,confirmed,1,past expected lifecycle,1.0,0.5,28135,0.28500000000000003,8018.475000000001,1.0,0.98,BLR-04,850.4991780821917,97.39038461538462,9650.305,9747.695384615385,TRANSFER,850.4991780821917,"MobiMart Devaraja Mohalla, Samsung Galaxy A36, 1 units at risk (past expected lifecycle; no successor within four weeks):
- Markdown (29%): Rs 8,018 margin lost
- Transfer: Rs 850; Transfer target MobiMart Whitefield at Rs 795/unit plus 4-day holding cost.
- Hold: Rs 97 opportunity cost + Rs 9,650 markdown risk = Rs 9,748
RECOMMENDED: TRANSFER at Rs 850"
BLR-05,MobiMart Malleshwaram,B12,Samsung Galaxy M06,budget,confirmed,1,past peak with declining store trend; past expected lifecycle,1.5,1.6666666666666667,9430,0.3,2829.0,1.0,0.98,,,32.64230769230769,3234.49,3267.1323076923077,MARKDOWN,2829.0,"MobiMart Malleshwaram, Samsung Galaxy M06, 1 units at risk (past peak with declining store trend; past expected lifecycle; no successor within four weeks):
- Markdown (30%): Rs 2,829 margin lost
- Transfer: unavailable; No better-fit store is available without creating another at-risk position.
- Hold: Rs 33 opportunity cost + Rs 3,234 markdown risk = Rs 3,267
RECOMMENDED: MARKDOWN at Rs 2,829"
TUM-02,MobiMart SS Puram,M07,POCO X7 Pro,mid,confirmed,1,past expected lifecycle,0.0,0.0,23908,0.28500000000000003,6813.780000000001,6.0,0.2,MAN-01,384.16098630136986,496.5507692307692,1673.56,2170.110769230769,TRANSFER,384.16098630136986,"MobiMart SS Puram, POCO X7 Pro, 1 units at risk (past expected lifecycle; no successor within four weeks):
- Markdown (29%): Rs 6,814 margin lost
- Transfer: Rs 384; Transfer target MobiMart Court Road at Rs 337/unit plus 4-day holding cost.
- Hold: Rs 497 opportunity cost + Rs 1,674 markdown risk = Rs 2,170
RECOMMENDED: TRANSFER at Rs 384"
BEL-01,MobiMart Cantonment,B16,Lava Blaze Core 2,budget,confirmed,5,past peak with declining store trend,4.5,5.5,44515,0.185,8235.275,2.0,0.8400000000000001,,,308.1807692307692,13087.41,13395.590769230768,MARKDOWN,8235.275,"MobiMart Cantonment, Lava Blaze Core 2, 5 units at risk (past peak with declining store trend; no successor within four weeks):
- Markdown (18%): Rs 8,235 margin lost
- Transfer: unavailable; No better-fit store is available without creating another at-risk position.
- Hold: Rs 308 opportunity cost + Rs 13,087 markdown risk = Rs 13,396
RECOMMENDED: MARKDOWN at Rs 8,235"
KAL-01,MobiMart KCD Road,M05,Vivo V50e,mid,confirmed,1,past expected lifecycle,0.0,0.0,26834,0.28500000000000003,7647.6900000000005,6.0,0.2,BLR-08,558.9328219178083,557.3215384615385,1878.38,2435.701538461539,TRANSFER,558.9328219178083,"MobiMart KCD Road, Vivo V50e, 1 units at risk (past expected lifecycle; no successor within four weeks):
- Markdown (29%): Rs 7,648 margin lost
- Transfer: Rs 559; Transfer target MobiMart Electronic City at Rs 506/unit plus 4-day holding cost.
- Hold: Rs 557 opportunity cost + Rs 1,878 markdown risk = Rs 2,436
RECOMMENDED: TRANSFER at Rs 559"
BLR-01,MobiMart Jayanagar,M11,Samsung Galaxy A27,mid,confirmed,1,past peak with declining store trend; last two weeks below 40% of prior six-week average; past expected lifecycle,0.0,1.3333333333333333,20687,0.3,6206.099999999999,6.0,0.2,,,429.65307692307687,1448.0900000000001,1877.743076923077,HOLD,1877.743076923077,"MobiMart Jayanagar, Samsung Galaxy A27, 1 units at risk (past peak with declining store trend; last two weeks below 40% of prior six-week average; past expected lifecycle; no successor within four weeks):
- Markdown (30%): Rs 6,206 margin lost
- Transfer: unavailable; No better-fit store is available without creating another at-risk position.
- Hold: Rs 430 opportunity cost + Rs 1,448 markdown risk = Rs 1,878
RECOMMENDED: HOLD at Rs 1,878"
BLR-06,MobiMart Rajajinagar,M11,Samsung Galaxy A27,mid,confirmed,1,past peak with declining store trend; past expected lifecycle,0.5,0.6666666666666666,20687,0.3,6206.099999999999,2.0,0.8400000000000001,,,143.2176923076923,6081.978,6225.195692307692,MARKDOWN,6206.099999999999,"MobiMart Rajajinagar, Samsung Galaxy A27, 1 units at risk (past peak with declining store trend; past expected lifecycle; no successor within four weeks):
- Markdown (30%): Rs 6,206 margin lost
- Transfer: unavailable; No better-fit store is available without creating another at-risk position.
- Hold: Rs 143 opportunity cost + Rs 6,082 markdown risk = Rs 6,225
RECOMMENDED: MARKDOWN at Rs 6,206"
BLR-03,MobiMart Indiranagar,B04,Realme Note 60,budget,confirmed,3,past expected lifecycle,0.0,0.0,26358,0.28500000000000003,7512.030000000001,6.0,0.2,TUM-01,1890.9938630136987,547.4353846153846,1845.06,2392.4953846153844,TRANSFER,1890.9938630136987,"MobiMart Indiranagar, Realme Note 60, 3 units at risk (past expected lifecycle; no successor within four weeks):
- Markdown (29%): Rs 7,512 margin lost
- Transfer: Rs 1,891; Transfer target MobiMart MG Road at Rs 613/unit plus 4-day holding cost.
- Hold: Rs 547 opportunity cost + Rs 1,845 markdown risk = Rs 2,392
RECOMMENDED: TRANSFER at Rs 1,891"
HUB-02,MobiMart Gokul Road,M10,OnePlus Nord 5,mid,confirmed,1,past peak with declining store trend; past expected lifecycle,0.5,0.6666666666666666,25610,0.3,7683.0,2.0,0.8400000000000001,,,177.3,7529.340000000001,7706.640000000001,MARKDOWN,7683.0,"MobiMart Gokul Road, OnePlus Nord 5, 1 units at risk (past peak with declining store trend; past expected lifecycle; no successor within four weeks):
- Markdown (30%): Rs 7,683 margin lost
- Transfer: unavailable; No better-fit store is available without creating another at-risk position.
- Hold: Rs 177 opportunity cost + Rs 7,529 markdown risk = Rs 7,707
RECOMMENDED: MARKDOWN at Rs 7,683"
SHI-01,MobiMart Vidya Nagar,B02,Samsung Galaxy M05,budget,confirmed,1,past peak with declining store trend; last two weeks below 40% of prior six-week average; past expected lifecycle,0.0,0.16666666666666666,8446,0.3,2533.7999999999997,6.0,0.2,,,175.41692307692307,591.22,766.636923076923,HOLD,766.636923076923,"MobiMart Vidya Nagar, Samsung Galaxy M05, 1 units at risk (past peak with declining store trend; last two weeks below 40% of prior six-week average; past expected lifecycle; no successor within four weeks):
- Markdown (30%): Rs 2,534 margin lost
- Transfer: unavailable; No better-fit store is available without creating another at-risk position.
- Hold: Rs 175 opportunity cost + Rs 591 markdown risk = Rs 767
RECOMMENDED: HOLD at Rs 767"
BLR-03,MobiMart Indiranagar,B03,Redmi A5,budget,confirmed,3,past expected lifecycle,0.0,0.0,22203,0.28500000000000003,6327.8550000000005,6.0,0.2,UDU-01,2428.797698630137,461.1392307692308,1554.21,2015.3492307692309,HOLD,2015.3492307692309,"MobiMart Indiranagar, Redmi A5, 3 units at risk (past expected lifecycle; no successor within four weeks):
- Markdown (29%): Rs 6,328 margin lost
- Transfer: Rs 2,429; Transfer target MobiMart Udupi Main Road at Rs 795/unit plus 4-day holding cost.
- Hold: Rs 461 opportunity cost + Rs 1,554 markdown risk = Rs 2,015
RECOMMENDED: HOLD at Rs 2,015"
BLR-08,MobiMart Electronic City,B03,Redmi A5,budget,confirmed,2,past expected lifecycle,0.0,0.0,14802,0.28500000000000003,4218.570000000001,6.0,0.2,UDU-01,1183.1984657534247,307.42615384615385,1036.14,1343.566153846154,TRANSFER,1183.1984657534247,"MobiMart Electronic City, Redmi A5, 2 units at risk (past expected lifecycle; no successor within four weeks):
- Markdown (29%): Rs 4,219 margin lost
- Transfer: Rs 1,183; Transfer target MobiMart Udupi Main Road at Rs 577/unit plus 4-day holding cost.
- Hold: Rs 307 opportunity cost + Rs 1,036 markdown risk = Rs 1,344
RECOMMENDED: TRANSFER at Rs 1,183"
HOS-01,MobiMart Hosur Road,M01,Samsung Galaxy A26,mid,confirmed,1,past peak with declining store trend; last two weeks below 40% of prior six-week average; past expected lifecycle,0.0,0.16666666666666666,20460,0.3,6138.0,6.0,0.2,BLR-04,768.3594520547945,424.93846153846147,1432.2,1857.1384615384616,TRANSFER,768.3594520547945,"MobiMart Hosur Road, Samsung Galaxy A26, 1 units at risk (past peak with declining store trend; last two weeks below 40% of prior six-week average; past expected lifecycle; no successor within four weeks):
- Markdown (30%): Rs 6,138 margin lost
- Transfer: Rs 768; Transfer target MobiMart Whitefield at Rs 728/unit plus 4-day holding cost.
- Hold: Rs 425 opportunity cost + Rs 1,432 markdown risk = Rs 1,857
RECOMMENDED: TRANSFER at Rs 768"
BLR-02,MobiMart Koramangala,B09,Realme C75x,budget,confirmed,3,past peak with declining store trend; last two weeks below 40% of prior six-week average; past expected lifecycle,0.0,0.16666666666666666,36255,0.3,10876.5,6.0,0.2,UDU-01,1154.5167123287672,752.9884615384615,2537.8500000000004,3290.838461538462,TRANSFER,1154.5167123287672,"MobiMart Koramangala, Realme C75x, 3 units at risk (past peak with declining store trend; last two weeks below 40% of prior six-week average; past expected lifecycle; no successor within four weeks):
- Markdown (30%): Rs 10,876 margin lost
- Transfer: Rs 1,155; Transfer target MobiMart Udupi Main Road at Rs 361/unit plus 4-day holding cost.
- Hold: Rs 753 opportunity cost + Rs 2,538 markdown risk = Rs 3,291
RECOMMENDED: TRANSFER at Rs 1,155"
BLR-08,MobiMart Electronic City,F07,iPhone 16 Pro,flagship,confirmed,1,past expected lifecycle,0.0,0.0,99781,0.28500000000000003,28437.585000000003,6.0,0.2,BLR-04,575.8282739726027,2072.374615384615,6984.67,9057.044615384615,TRANSFER,575.8282739726027,"MobiMart Electronic City, iPhone 16 Pro, 1 units at risk (past expected lifecycle; no successor within four weeks):
- Markdown (29%): Rs 28,438 margin lost
- Transfer: Rs 576; Transfer target MobiMart Whitefield at Rs 379/unit plus 4-day holding cost.
- Hold: Rs 2,072 opportunity cost + Rs 6,985 markdown risk = Rs 9,057
RECOMMENDED: TRANSFER at Rs 576"
BLR-04,MobiMart Whitefield,B04,Realme Note 60,budget,confirmed,3,past peak with declining store trend; last two weeks below 40% of prior six-week average; past expected lifecycle,0.0,0.16666666666666666,26358,0.3,7907.4,6.0,0.2,TUM-01,1398.9938630136987,547.4353846153846,1845.06,2392.4953846153844,TRANSFER,1398.9938630136987,"MobiMart Whitefield, Realme Note 60, 3 units at risk (past peak with declining store trend; last two weeks below 40% of prior six-week average; past expected lifecycle; no successor within four weeks):
- Markdown (30%): Rs 7,907 margin lost
- Transfer: Rs 1,399; Transfer target MobiMart MG Road at Rs 449/unit plus 4-day holding cost.
- Hold: Rs 547 opportunity cost + Rs 1,845 markdown risk = Rs 2,392
RECOMMENDED: TRANSFER at Rs 1,399"
HUB-01,MobiMart Vidya Nagar,F10,iPhone 17,flagship,confirmed,1,past expected lifecycle,0.0,0.0,66400,0.28500000000000003,18924.000000000004,6.0,0.2,BLR-04,804.9808219178083,1379.076923076923,4648.0,6027.076923076923,TRANSFER,804.9808219178083,"MobiMart Vidya Nagar, iPhone 17, 1 units at risk (past expected lifecycle; no successor within four weeks):
- Markdown (29%): Rs 18,924 margin lost
- Transfer: Rs 805; Transfer target MobiMart Whitefield at Rs 674/unit plus 4-day holding cost.
- Hold: Rs 1,379 opportunity cost + Rs 4,648 markdown risk = Rs 6,027
RECOMMENDED: TRANSFER at Rs 805"
DAV-02,MobiMart MCC B Block,F14,Vivo X210,flagship,confirmed,1,past peak with declining store trend; last two weeks below 40% of prior six-week average,0.0,0.3333333333333333,57882,0.27,15628.140000000001,6.0,0.2,BLR-04,516.1781917808219,1202.1646153846154,4051.74,5253.904615384616,TRANSFER,516.1781917808219,"MobiMart MCC B Block, Vivo X210, 1 units at risk (past peak with declining store trend; last two weeks below 40% of prior six-week average; no successor within four weeks):
- Markdown (27%): Rs 15,628 margin lost
- Transfer: Rs 516; Transfer target MobiMart Whitefield at Rs 402/unit plus 4-day holding cost.
- Hold: Rs 1,202 opportunity cost + Rs 4,052 markdown risk = Rs 5,254
RECOMMENDED: TRANSFER at Rs 516"
BLR-04,MobiMart Whitefield,B03,Redmi A5,budget,confirmed,3,past expected lifecycle,0.0,0.0,22203,0.28500000000000003,6327.8550000000005,6.0,0.2,UDU-01,1849.797698630137,461.1392307692308,1554.21,2015.3492307692309,TRANSFER,1849.797698630137,"MobiMart Whitefield, Redmi A5, 3 units at risk (past expected lifecycle; no successor within four weeks):
- Markdown (29%): Rs 6,328 margin lost
- Transfer: Rs 1,850; Transfer target MobiMart Udupi Main Road at Rs 602/unit plus 4-day holding cost.
- Hold: Rs 461 opportunity cost + Rs 1,554 markdown risk = Rs 2,015
RECOMMENDED: TRANSFER at Rs 1,850"
DAV-02,MobiMart MCC B Block,M05,Vivo V50e,mid,confirmed,1,past expected lifecycle,0.0,0.0,26834,0.28500000000000003,7647.6900000000005,6.0,0.2,BLR-08,757.9328219178083,557.3215384615385,1878.38,2435.701538461539,TRANSFER,757.9328219178083,"MobiMart MCC B Block, Vivo V50e, 1 units at risk (past expected lifecycle; no successor within four weeks):
- Markdown (29%): Rs 7,648 margin lost
- Transfer: Rs 758; Transfer target MobiMart Electronic City at Rs 705/unit plus 4-day holding cost.
- Hold: Rs 557 opportunity cost + Rs 1,878 markdown risk = Rs 2,436
RECOMMENDED: TRANSFER at Rs 758"
BLR-04,MobiMart Whitefield,B15,Moto G16 Play,budget,confirmed,2,past peak with declining store trend,1.5,1.6666666666666667,21176,0.21346153846153845,4520.261538461538,2.0,0.8400000000000001,UDU-01,1195.7718356164382,146.6030769230769,6225.744,6372.347076923076,TRANSFER,1195.7718356164382,"MobiMart Whitefield, Moto G16 Play, 2 units at risk (past peak with declining store trend; no successor within four weeks):
- Markdown (21%): Rs 4,520 margin lost
- Transfer: Rs 1,196; Transfer target MobiMart Udupi Main Road at Rs 577/unit plus 4-day holding cost.
- Hold: Rs 147 opportunity cost + Rs 6,226 markdown risk = Rs 6,372
RECOMMENDED: TRANSFER at Rs 1,196"
BLR-08,MobiMart Electronic City,F11,Samsung Galaxy S26,flagship,confirmed,1,past peak with declining store trend; last two weeks below 40% of prior six-week average; past expected lifecycle,0.0,0.3333333333333333,66735,0.3,20020.5,6.0,0.2,BLR-04,880.6416438356164,1386.0346153846153,4671.45,6057.484615384616,TRANSFER,880.6416438356164,"MobiMart Electronic City, Samsung Galaxy S26, 1 units at risk (past peak with declining store trend; last two weeks below 40% of prior six-week average; past expected lifecycle; no successor within four weeks):
- Markdown (30%): Rs 20,020 margin lost
- Transfer: Rs 881; Transfer target MobiMart Whitefield at Rs 749/unit plus 4-day holding cost.
- Hold: Rs 1,386 opportunity cost + Rs 4,671 markdown risk = Rs 6,057
RECOMMENDED: TRANSFER at Rs 881"
HUB-02,MobiMart Gokul Road,B16,Lava Blaze Core 2,budget,confirmed,4,past peak with declining store trend,3.0,5.0,35612,0.185,6588.22,2.0,0.8400000000000001,,,246.54461538461538,10469.928,10716.472615384615,MARKDOWN,6588.22,"MobiMart Gokul Road, Lava Blaze Core 2, 4 units at risk (past peak with declining store trend; no successor within four weeks):
- Markdown (18%): Rs 6,588 margin lost
- Transfer: unavailable; No better-fit store is available without creating another at-risk position.
- Hold: Rs 247 opportunity cost + Rs 10,470 markdown risk = Rs 10,716
RECOMMENDED: MARKDOWN at Rs 6,588"
BLR-03,MobiMart Indiranagar,B16,Lava Blaze Core 2,budget,confirmed,2,past peak with declining store trend,1.0,2.5,17806,0.185,3294.11,2.0,0.8400000000000001,UDU-01,1297.1241643835617,123.27230769230769,5234.964,5358.2363076923075,TRANSFER,1297.1241643835617,"MobiMart Indiranagar, Lava Blaze Core 2, 2 units at risk (past peak with declining store trend; no successor within four weeks):
- Markdown (18%): Rs 3,294 margin lost
- Transfer: Rs 1,297; Transfer target MobiMart Udupi Main Road at Rs 631/unit plus 4-day holding cost.
- Hold: Rs 123 opportunity cost + Rs 5,235 markdown risk = Rs 5,358
RECOMMENDED: TRANSFER at Rs 1,297"
BEL-01,MobiMart Cantonment,F08,Samsung Galaxy Z Flip7,flagship,confirmed,1,past expected lifecycle,0.0,0.0,78119,0.28500000000000003,22263.915,6.0,0.2,BLR-04,480.0977534246575,1622.4715384615383,5468.33,7090.801538461538,TRANSFER,480.0977534246575,"MobiMart Cantonment, Samsung Galaxy Z Flip7, 1 units at risk (past expected lifecycle; no successor within four weeks):
- Markdown (29%): Rs 22,264 margin lost
- Transfer: Rs 480; Transfer target MobiMart Whitefield at Rs 326/unit plus 4-day holding cost.
- Hold: Rs 1,622 opportunity cost + Rs 5,468 markdown risk = Rs 7,091
RECOMMENDED: TRANSFER at Rs 480"
BEL-01,MobiMart Cantonment,F10,iPhone 17,flagship,confirmed,1,past expected lifecycle,0.0,0.0,66400,0.28500000000000003,18924.000000000004,6.0,0.2,BLR-04,921.9808219178083,1379.076923076923,4648.0,6027.076923076923,TRANSFER,921.9808219178083,"MobiMart Cantonment, iPhone 17, 1 units at risk (past expected lifecycle; no successor within four weeks):
- Markdown (29%): Rs 18,924 margin lost
- Transfer: Rs 922; Transfer target MobiMart Whitefield at Rs 791/unit plus 4-day holding cost.
- Hold: Rs 1,379 opportunity cost + Rs 4,648 markdown risk = Rs 6,027
RECOMMENDED: TRANSFER at Rs 922"
TUM-02,MobiMart SS Puram,M01,Samsung Galaxy A26,mid,confirmed,1,past expected lifecycle,0.0,0.0,20460,0.28500000000000003,5831.1,6.0,0.2,BLR-04,703.3594520547945,424.93846153846147,1432.2,1857.1384615384616,TRANSFER,703.3594520547945,"MobiMart SS Puram, Samsung Galaxy A26, 1 units at risk (past expected lifecycle; no successor within four weeks):
- Markdown (29%): Rs 5,831 margin lost
- Transfer: Rs 703; Transfer target MobiMart Whitefield at Rs 663/unit plus 4-day holding cost.
- Hold: Rs 425 opportunity cost + Rs 1,432 markdown risk = Rs 1,857
RECOMMENDED: TRANSFER at Rs 703"
BEL-02,MobiMart Tilakwadi,B02,Samsung Galaxy M05,budget,confirmed,1,past peak with declining store trend; last two weeks below 40% of prior six-week average; past expected lifecycle,0.0,0.16666666666666666,8446,0.3,2533.7999999999997,6.0,0.2,,,175.41692307692307,591.22,766.636923076923,HOLD,766.636923076923,"MobiMart Tilakwadi, Samsung Galaxy M05, 1 units at risk (past peak with declining store trend; last two weeks below 40% of prior six-week average; past expected lifecycle; no successor within four weeks):
- Markdown (30%): Rs 2,534 margin lost
- Transfer: unavailable; No better-fit store is available without creating another at-risk position.
- Hold: Rs 175 opportunity cost + Rs 591 markdown risk = Rs 767
RECOMMENDED: HOLD at Rs 767"
KOL-01,MobiMart Station Road,B03,Redmi A5,budget,confirmed,1,past expected lifecycle,0.0,0.0,7401,0.28500000000000003,2109.2850000000003,6.0,0.2,,,153.71307692307693,518.07,671.783076923077,HOLD,671.783076923077,"MobiMart Station Road, Redmi A5, 1 units at risk (past expected lifecycle; no successor within four weeks):
- Markdown (29%): Rs 2,109 margin lost
- Transfer: unavailable; No better-fit store is available without creating another at-risk position.
- Hold: Rs 154 opportunity cost + Rs 518 markdown risk = Rs 672
RECOMMENDED: HOLD at Rs 672"
BLR-06,MobiMart Rajajinagar,F08,Samsung Galaxy Z Flip7,flagship,confirmed,1,past expected lifecycle,0.0,0.0,78119,0.28500000000000003,22263.915,6.0,0.2,BLR-04,549.0977534246575,1622.4715384615383,5468.33,7090.801538461538,TRANSFER,549.0977534246575,"MobiMart Rajajinagar, Samsung Galaxy Z Flip7, 1 units at risk (past expected lifecycle; no successor within four weeks):
- Markdown (29%): Rs 22,264 margin lost
- Transfer: Rs 549; Transfer target MobiMart Whitefield at Rs 395/unit plus 4-day holding cost.
- Hold: Rs 1,622 opportunity cost + Rs 5,468 markdown risk = Rs 7,091
RECOMMENDED: TRANSFER at Rs 549"
MAN-01,MobiMart Court Road,B09,Realme C75x,budget,confirmed,2,past peak with declining store trend; last two weeks below 40% of prior six-week average; past expected lifecycle,0.0,0.3333333333333333,24170,0.3,7251.0,6.0,0.2,UDU-01,1443.6778082191781,501.9923076923077,1691.9,2193.892307692308,TRANSFER,1443.6778082191781,"MobiMart Court Road, Realme C75x, 2 units at risk (past peak with declining store trend; last two weeks below 40% of prior six-week average; past expected lifecycle; no successor within four weeks):
- Markdown (30%): Rs 7,251 margin lost
- Transfer: Rs 1,444; Transfer target MobiMart Udupi Main Road at Rs 698/unit plus 4-day holding cost.
- Hold: Rs 502 opportunity cost + Rs 1,692 markdown risk = Rs 2,194
RECOMMENDED: TRANSFER at Rs 1,444"
TUM-01,MobiMart MG Road,B11,Nokia 125 Power,budget,confirmed,1,past expected lifecycle,1.5,1.3333333333333333,7505,0.28500000000000003,2138.925,1.0,0.98,,,25.978846153846153,2574.215,2600.193846153846,MARKDOWN,2138.925,"MobiMart MG Road, Nokia 125 Power, 1 units at risk (past expected lifecycle; no successor within four weeks):
- Markdown (29%): Rs 2,139 margin lost
- Transfer: unavailable; No better-fit store is available without creating another at-risk position.
- Hold: Rs 26 opportunity cost + Rs 2,574 markdown risk = Rs 2,600
RECOMMENDED: MARKDOWN at Rs 2,139"
BLR-06,MobiMart Rajajinagar,F10,iPhone 17,flagship,confirmed,1,past expected lifecycle,0.0,0.0,66400,0.28500000000000003,18924.000000000004,6.0,0.2,BLR-04,903.9808219178083,1379.076923076923,4648.0,6027.076923076923,TRANSFER,903.9808219178083,"MobiMart Rajajinagar, iPhone 17, 1 units at risk (past expected lifecycle; no successor within four weeks):
- Markdown (29%): Rs 18,924 margin lost
- Transfer: Rs 904; Transfer target MobiMart Whitefield at Rs 773/unit plus 4-day holding cost.
- Hold: Rs 1,379 opportunity cost + Rs 4,648 markdown risk = Rs 6,027
RECOMMENDED: TRANSFER at Rs 904"
SHI-01,MobiMart Vidya Nagar,M06,Motorola Edge 60 Fusion,mid,confirmed,1,past peak with declining store trend; past expected lifecycle,0.5,0.6666666666666666,20129,0.3,6038.7,2.0,0.8400000000000001,MAN-01,738.7065205479452,139.35461538461539,5917.926,6057.280615384616,TRANSFER,738.7065205479452,"MobiMart Vidya Nagar, Motorola Edge 60 Fusion, 1 units at risk (past peak with declining store trend; past expected lifecycle; no successor within four weeks):
- Markdown (30%): Rs 6,039 margin lost
- Transfer: Rs 739; Transfer target MobiMart Court Road at Rs 699/unit plus 4-day holding cost.
- Hold: Rs 139 opportunity cost + Rs 5,918 markdown risk = Rs 6,057
RECOMMENDED: TRANSFER at Rs 739"
BLR-02,MobiMart Koramangala,B17,POCO C85,budget,confirmed,2,past peak with declining store trend; last two weeks below 40% of prior six-week average,1.0,3.0,23700,0.27,6399.0,2.0,0.8400000000000001,UDU-01,986.7506849315068,164.07692307692307,6967.800000000001,7131.876923076924,TRANSFER,986.7506849315068,"MobiMart Koramangala, POCO C85, 2 units at risk (past peak with declining store trend; last two weeks below 40% of prior six-week average; no successor within four weeks):
- Markdown (27%): Rs 6,399 margin lost
- Transfer: Rs 987; Transfer target MobiMart Udupi Main Road at Rs 470/unit plus 4-day holding cost.
- Hold: Rs 164 opportunity cost + Rs 6,968 markdown risk = Rs 7,132
RECOMMENDED: TRANSFER at Rs 987"
BLR-05,MobiMart Malleshwaram,F03,OnePlus 13,flagship,confirmed,1,past expected lifecycle,0.0,0.0,55530,0.28500000000000003,15826.050000000001,6.0,0.2,,,1153.3153846153846,3887.1000000000004,5040.415384615385,HOLD,5040.415384615385,"MobiMart Malleshwaram, OnePlus 13, 1 units at risk (past expected lifecycle; no successor within four weeks):
- Markdown (29%): Rs 15,826 margin lost
- Transfer: unavailable; No better-fit store is available without creating another at-risk position.
- Hold: Rs 1,153 opportunity cost + Rs 3,887 markdown risk = Rs 5,040
RECOMMENDED: HOLD at Rs 5,040"
MAN-01,MobiMart Court Road,B13,Redmi A6,budget,confirmed,1,past peak with declining store trend,1.0,1.3333333333333333,8504,0.255,2168.52,1.0,0.98,UDU-01,769.7750136986301,29.436923076923076,2916.8719999999994,2946.3089230769224,TRANSFER,769.7750136986301,"MobiMart Court Road, Redmi A6, 1 units at risk (past peak with declining store trend; no successor within four weeks):
- Markdown (26%): Rs 2,169 margin lost
- Transfer: Rs 770; Transfer target MobiMart Udupi Main Road at Rs 753/unit plus 4-day holding cost.
- Hold: Rs 29 opportunity cost + Rs 2,917 markdown risk = Rs 2,946
RECOMMENDED: TRANSFER at Rs 770"
SHI-01,MobiMart Vidya Nagar,B16,Lava Blaze Core 2,budget,confirmed,3,past peak with declining store trend,2.0,4.666666666666667,26709,0.185,4941.165,2.0,0.8400000000000001,,,184.90846153846152,7852.446000000001,8037.354461538463,MARKDOWN,4941.165,"MobiMart Vidya Nagar, Lava Blaze Core 2, 3 units at risk (past peak with declining store trend; no successor within four weeks):
- Markdown (18%): Rs 4,941 margin lost
- Transfer: unavailable; No better-fit store is available without creating another at-risk position.
- Hold: Rs 185 opportunity cost + Rs 7,852 markdown risk = Rs 8,037
RECOMMENDED: MARKDOWN at Rs 4,941"
KOL-01,MobiMart Station Road,B16,Lava Blaze Core 2,budget,confirmed,3,past peak with declining store trend,3.0,4.333333333333333,26709,0.185,4941.165,1.0,0.98,,,92.45423076923076,9161.187,9253.64123076923,MARKDOWN,4941.165,"MobiMart Station Road, Lava Blaze Core 2, 3 units at risk (past peak with declining store trend; no successor within four weeks):
- Markdown (18%): Rs 4,941 margin lost
- Transfer: unavailable; No better-fit store is available without creating another at-risk position.
- Hold: Rs 92 opportunity cost + Rs 9,161 markdown risk = Rs 9,254
RECOMMENDED: MARKDOWN at Rs 4,941"
HOS-01,MobiMart Hosur Road,B17,POCO C85,budget,confirmed,3,past peak with declining store trend,2.5,4.666666666666667,35550,0.1673076923076923,5947.788461538461,2.0,0.8400000000000001,,,246.1153846153846,10451.7,10697.815384615385,MARKDOWN,5947.788461538461,"MobiMart Hosur Road, POCO C85, 3 units at risk (past peak with declining store trend; no successor within four weeks):
- Markdown (17%): Rs 5,948 margin lost
- Transfer: unavailable; No better-fit store is available without creating another at-risk position.
- Hold: Rs 246 opportunity cost + Rs 10,452 markdown risk = Rs 10,698
RECOMMENDED: MARKDOWN at Rs 5,948"
HOS-01,MobiMart Hosur Road,M05,Vivo V50e,mid,confirmed,1,past expected lifecycle,0.0,0.0,26834,0.28500000000000003,7647.6900000000005,6.0,0.2,BLR-08,739.9328219178083,557.3215384615385,1878.38,2435.701538461539,TRANSFER,739.9328219178083,"MobiMart Hosur Road, Vivo V50e, 1 units at risk (past expected lifecycle; no successor within four weeks):
- Markdown (29%): Rs 7,648 margin lost
- Transfer: Rs 740; Transfer target MobiMart Electronic City at Rs 687/unit plus 4-day holding cost.
- Hold: Rs 557 opportunity cost + Rs 1,878 markdown risk = Rs 2,436
RECOMMENDED: TRANSFER at Rs 740"
MYS-01,MobiMart Devaraja Mohalla,F08,Samsung Galaxy Z Flip7,flagship,confirmed,1,past expected lifecycle,0.0,0.0,78119,0.28500000000000003,22263.915,6.0,0.2,BLR-04,748.0977534246575,1622.4715384615383,5468.33,7090.801538461538,TRANSFER,748.0977534246575,"MobiMart Devaraja Mohalla, Samsung Galaxy Z Flip7, 1 units at risk (past expected lifecycle; no successor within four weeks):
- Markdown (29%): Rs 22,264 margin lost
- Transfer: Rs 748; Transfer target MobiMart Whitefield at Rs 594/unit plus 4-day holding cost.
- Hold: Rs 1,622 opportunity cost + Rs 5,468 markdown risk = Rs 7,091
RECOMMENDED: TRANSFER at Rs 748"
MYS-02,MobiMart Kuvempunagar,B02,Samsung Galaxy M05,budget,confirmed,1,past expected lifecycle,0.0,0.0,8446,0.28500000000000003,2407.11,6.0,0.2,,,175.41692307692307,591.22,766.636923076923,HOLD,766.636923076923,"MobiMart Kuvempunagar, Samsung Galaxy M05, 1 units at risk (past expected lifecycle; no successor within four weeks):
- Markdown (29%): Rs 2,407 margin lost
- Transfer: unavailable; No better-fit store is available without creating another at-risk position.
- Hold: Rs 175 opportunity cost + Rs 591 markdown risk = Rs 767
RECOMMENDED: HOLD at Rs 767"
UDU-01,MobiMart Udupi Main Road,M09,Samsung Galaxy A36,mid,confirmed,1,past expected lifecycle,0.5,0.3333333333333333,28135,0.28500000000000003,8018.475000000001,2.0,0.8400000000000001,BLR-04,495.4991780821918,194.78076923076924,8271.69,8466.47076923077,TRANSFER,495.4991780821918,"MobiMart Udupi Main Road, Samsung Galaxy A36, 1 units at risk (past expected lifecycle; no successor within four weeks):
- Markdown (29%): Rs 8,018 margin lost
- Transfer: Rs 495; Transfer target MobiMart Whitefield at Rs 440/unit plus 4-day holding cost.
- Hold: Rs 195 opportunity cost + Rs 8,272 markdown risk = Rs 8,466
RECOMMENDED: TRANSFER at Rs 495"
MYS-01,MobiMart Devaraja Mohalla,F10,iPhone 17,flagship,confirmed,1,past expected lifecycle,0.0,0.0,66400,0.28500000000000003,18924.000000000004,6.0,0.2,BLR-04,520.9808219178083,1379.076923076923,4648.0,6027.076923076923,TRANSFER,520.9808219178083,"MobiMart Devaraja Mohalla, iPhone 17, 1 units at risk (past expected lifecycle; no successor within four weeks):
- Markdown (29%): Rs 18,924 margin lost
- Transfer: Rs 521; Transfer target MobiMart Whitefield at Rs 390/unit plus 4-day holding cost.
- Hold: Rs 1,379 opportunity cost + Rs 4,648 markdown risk = Rs 6,027
RECOMMENDED: TRANSFER at Rs 521"
DAV-01,MobiMart PJ Extension,M11,Samsung Galaxy A27,mid,confirmed,1,past expected lifecycle,1.0,0.6666666666666666,20687,0.28500000000000003,5895.795000000001,1.0,0.98,,,71.60884615384614,7095.641,7167.249846153846,MARKDOWN,5895.795000000001,"MobiMart PJ Extension, Samsung Galaxy A27, 1 units at risk (past expected lifecycle; no successor within four weeks):
- Markdown (29%): Rs 5,896 margin lost
- Transfer: unavailable; No better-fit store is available without creating another at-risk position.
- Hold: Rs 72 opportunity cost + Rs 7,096 markdown risk = Rs 7,167
RECOMMENDED: MARKDOWN at Rs 5,896"
KAL-01,MobiMart KCD Road,B02,Samsung Galaxy M05,budget,confirmed,1,past expected lifecycle,0.0,0.0,8446,0.28500000000000003,2407.11,6.0,0.2,,,175.41692307692307,591.22,766.636923076923,HOLD,766.636923076923,"MobiMart KCD Road, Samsung Galaxy M05, 1 units at risk (past expected lifecycle; no successor within four weeks):
- Markdown (29%): Rs 2,407 margin lost
- Transfer: unavailable; No better-fit store is available without creating another at-risk position.
- Hold: Rs 175 opportunity cost + Rs 591 markdown risk = Rs 767
RECOMMENDED: HOLD at Rs 767"
BLR-02,MobiMart Koramangala,M10,OnePlus Nord 5,mid,confirmed,1,past peak with declining store trend; past expected lifecycle,0.5,0.6666666666666666,25610,0.3,7683.0,2.0,0.8400000000000001,,,177.3,7529.340000000001,7706.640000000001,MARKDOWN,7683.0,"MobiMart Koramangala, OnePlus Nord 5, 1 units at risk (past peak with declining store trend; past expected lifecycle; no successor within four weeks):
- Markdown (30%): Rs 7,683 margin lost
- Transfer: unavailable; No better-fit store is available without creating another at-risk position.
- Hold: Rs 177 opportunity cost + Rs 7,529 markdown risk = Rs 7,707
RECOMMENDED: MARKDOWN at Rs 7,683"
MYS-02,MobiMart Kuvempunagar,M10,OnePlus Nord 5,mid,confirmed,1,past expected lifecycle,1.0,0.3333333333333333,25610,0.28500000000000003,7298.85,1.0,0.98,,,88.65,8784.23,8872.88,MARKDOWN,7298.85,"MobiMart Kuvempunagar, OnePlus Nord 5, 1 units at risk (past expected lifecycle; no successor within four weeks):
- Markdown (29%): Rs 7,299 margin lost
- Transfer: unavailable; No better-fit store is available without creating another at-risk position.
- Hold: Rs 89 opportunity cost + Rs 8,784 markdown risk = Rs 8,873
RECOMMENDED: MARKDOWN at Rs 7,299"
MAN-01,MobiMart Court Road,M10,OnePlus Nord 5,mid,confirmed,1,past expected lifecycle,0.5,0.5,25610,0.28500000000000003,7298.85,2.0,0.8400000000000001,,,177.3,7529.340000000001,7706.640000000001,MARKDOWN,7298.85,"MobiMart Court Road, OnePlus Nord 5, 1 units at risk (past expected lifecycle; no successor within four weeks):
- Markdown (29%): Rs 7,299 margin lost
- Transfer: unavailable; No better-fit store is available without creating another at-risk position.
- Hold: Rs 177 opportunity cost + Rs 7,529 markdown risk = Rs 7,707
RECOMMENDED: MARKDOWN at Rs 7,299"
BEL-02,MobiMart Tilakwadi,B13,Redmi A6,budget,confirmed,2,past peak with declining store trend,2.0,3.0,17008,0.255,4337.04,1.0,0.98,,,58.87384615384615,5833.743999999999,5892.617846153845,MARKDOWN,4337.04,"MobiMart Tilakwadi, Redmi A6, 2 units at risk (past peak with declining store trend; no successor within four weeks):
- Markdown (26%): Rs 4,337 margin lost
- Transfer: unavailable; No better-fit store is available without creating another at-risk position.
- Hold: Rs 59 opportunity cost + Rs 5,834 markdown risk = Rs 5,893
RECOMMENDED: MARKDOWN at Rs 4,337"
SHI-01,MobiMart Vidya Nagar,B13,Redmi A6,budget,confirmed,2,past peak with declining store trend,2.0,2.1666666666666665,17008,0.255,4337.04,1.0,0.98,,,58.87384615384615,5833.743999999999,5892.617846153845,MARKDOWN,4337.04,"MobiMart Vidya Nagar, Redmi A6, 2 units at risk (past peak with declining store trend; no successor within four weeks):
- Markdown (26%): Rs 4,337 margin lost
- Transfer: unavailable; No better-fit store is available without creating another at-risk position.
- Hold: Rs 59 opportunity cost + Rs 5,834 markdown risk = Rs 5,893
RECOMMENDED: MARKDOWN at Rs 4,337"
MAN-02,MobiMart Kottara,M15,Vivo V51e,mid,confirmed,1,past peak with declining store trend; last two weeks below 40% of prior six-week average,0.0,0.8333333333333334,26653,0.27,7196.31,6.0,0.2,,,553.5623076923076,1865.71,2419.2723076923075,HOLD,2419.2723076923075,"MobiMart Kottara, Vivo V51e, 1 units at risk (past peak with declining store trend; last two weeks below 40% of prior six-week average; no successor within four weeks):
- Markdown (27%): Rs 7,196 margin lost
- Transfer: unavailable; No better-fit store is available without creating another at-risk position.
- Hold: Rs 554 opportunity cost + Rs 1,866 markdown risk = Rs 2,419
RECOMMENDED: HOLD at Rs 2,419"
KOL-01,MobiMart Station Road,M07,POCO X7 Pro,mid,confirmed,1,past expected lifecycle,0.0,0.0,23908,0.28500000000000003,6813.780000000001,6.0,0.2,MAN-01,470.16098630136986,496.5507692307692,1673.56,2170.110769230769,TRANSFER,470.16098630136986,"MobiMart Station Road, POCO X7 Pro, 1 units at risk (past expected lifecycle; no successor within four weeks):
- Markdown (29%): Rs 6,814 margin lost
- Transfer: Rs 470; Transfer target MobiMart Court Road at Rs 423/unit plus 4-day holding cost.
- Hold: Rs 497 opportunity cost + Rs 1,674 markdown risk = Rs 2,170
RECOMMENDED: TRANSFER at Rs 470"
BLR-05,MobiMart Malleshwaram,B17,POCO C85,budget,confirmed,5,past peak with declining store trend,5.5,5.666666666666667,59250,0.1673076923076923,9912.980769230768,1.0,0.98,,,205.09615384615384,20322.75,20527.846153846152,MARKDOWN,9912.980769230768,"MobiMart Malleshwaram, POCO C85, 5 units at risk (past peak with declining store trend; no successor within four weeks):
- Markdown (17%): Rs 9,913 margin lost
- Transfer: unavailable; No better-fit store is available without creating another at-risk position.
- Hold: Rs 205 opportunity cost + Rs 20,323 markdown risk = Rs 20,528
RECOMMENDED: MARKDOWN at Rs 9,913"
HUB-01,MobiMart Vidya Nagar,F03,OnePlus 13,flagship,confirmed,1,past expected lifecycle,0.0,0.0,55530,0.28500000000000003,15826.050000000001,6.0,0.2,,,1153.3153846153846,3887.1000000000004,5040.415384615385,HOLD,5040.415384615385,"MobiMart Vidya Nagar, OnePlus 13, 1 units at risk (past expected lifecycle; no successor within four weeks):
- Markdown (29%): Rs 15,826 margin lost
- Transfer: unavailable; No better-fit store is available without creating another at-risk position.
- Hold: Rs 1,153 opportunity cost + Rs 3,887 markdown risk = Rs 5,040
RECOMMENDED: HOLD at Rs 5,040"
BLR-07,MobiMart Yelahanka,M12,Redmi Note 15,mid,confirmed,1,past peak with declining store trend; last two weeks below 40% of prior six-week average,0.0,0.6666666666666666,17217,0.275,4734.675,6.0,0.2,MAN-01,405.962301369863,357.58384615384614,1205.19,1562.773846153846,TRANSFER,405.962301369863,"MobiMart Yelahanka, Redmi Note 15, 1 units at risk (past peak with declining store trend; last two weeks below 40% of prior six-week average; no successor within four weeks):
- Markdown (28%): Rs 4,735 margin lost
- Transfer: Rs 406; Transfer target MobiMart Court Road at Rs 372/unit plus 4-day holding cost.
- Hold: Rs 358 opportunity cost + Rs 1,205 markdown risk = Rs 1,563
RECOMMENDED: TRANSFER at Rs 406"
SHI-01,MobiMart Vidya Nagar,B14,Realme Note 70,budget,confirmed,3,past peak with declining store trend,2.5,3.5,29778,0.2357142857142857,7019.099999999999,2.0,0.8400000000000001,,,206.1553846153846,8754.732,8960.887384615384,MARKDOWN,7019.099999999999,"MobiMart Vidya Nagar, Realme Note 70, 3 units at risk (past peak with declining store trend; no successor within four weeks):
- Markdown (24%): Rs 7,019 margin lost
- Transfer: unavailable; No better-fit store is available without creating another at-risk position.
- Hold: Rs 206 opportunity cost + Rs 8,755 markdown risk = Rs 8,961
RECOMMENDED: MARKDOWN at Rs 7,019"
DAV-01,MobiMart PJ Extension,B16,Lava Blaze Core 2,budget,confirmed,4,past peak with declining store trend,3.5,3.8333333333333335,35612,0.185,6588.22,2.0,0.8400000000000001,,,246.54461538461538,10469.928,10716.472615384615,MARKDOWN,6588.22,"MobiMart PJ Extension, Lava Blaze Core 2, 4 units at risk (past peak with declining store trend; no successor within four weeks):
- Markdown (18%): Rs 6,588 margin lost
- Transfer: unavailable; No better-fit store is available without creating another at-risk position.
- Hold: Rs 247 opportunity cost + Rs 10,470 markdown risk = Rs 10,716
RECOMMENDED: MARKDOWN at Rs 6,588"
DAV-01,MobiMart PJ Extension,F08,Samsung Galaxy Z Flip7,flagship,confirmed,1,past peak with declining store trend; last two weeks below 40% of prior six-week average; past expected lifecycle,0.0,0.16666666666666666,78119,0.3,23435.7,6.0,0.2,BLR-04,485.0977534246575,1622.4715384615383,5468.33,7090.801538461538,TRANSFER,485.0977534246575,"MobiMart PJ Extension, Samsung Galaxy Z Flip7, 1 units at risk (past peak with declining store trend; last two weeks below 40% of prior six-week average; past expected lifecycle; no successor within four weeks):
- Markdown (30%): Rs 23,436 margin lost
- Transfer: Rs 485; Transfer target MobiMart Whitefield at Rs 331/unit plus 4-day holding cost.
- Hold: Rs 1,622 opportunity cost + Rs 5,468 markdown risk = Rs 7,091
RECOMMENDED: TRANSFER at Rs 485"
MAN-02,MobiMart Kottara,B13,Redmi A6,budget,confirmed,2,past peak with declining store trend,2.0,2.3333333333333335,17008,0.255,4337.04,1.0,0.98,,,58.87384615384615,5833.743999999999,5892.617846153845,MARKDOWN,4337.04,"MobiMart Kottara, Redmi A6, 2 units at risk (past peak with declining store trend; no successor within four weeks):
- Markdown (26%): Rs 4,337 margin lost
- Transfer: unavailable; No better-fit store is available without creating another at-risk position.
- Hold: Rs 59 opportunity cost + Rs 5,834 markdown risk = Rs 5,893
RECOMMENDED: MARKDOWN at Rs 4,337"
HOS-01,MobiMart Hosur Road,B13,Redmi A6,budget,confirmed,2,past peak with declining store trend,2.0,2.1666666666666665,17008,0.255,4337.04,1.0,0.98,,,58.87384615384615,5833.743999999999,5892.617846153845,MARKDOWN,4337.04,"MobiMart Hosur Road, Redmi A6, 2 units at risk (past peak with declining store trend; no successor within four weeks):
- Markdown (26%): Rs 4,337 margin lost
- Transfer: unavailable; No better-fit store is available without creating another at-risk position.
- Hold: Rs 59 opportunity cost + Rs 5,834 markdown risk = Rs 5,893
RECOMMENDED: MARKDOWN at Rs 4,337"
DAV-01,MobiMart PJ Extension,F10,iPhone 17,flagship,confirmed,1,past expected lifecycle,0.0,0.0,66400,0.28500000000000003,18924.000000000004,6.0,0.2,BLR-04,741.9808219178083,1379.076923076923,4648.0,6027.076923076923,TRANSFER,741.9808219178083,"MobiMart PJ Extension, iPhone 17, 1 units at risk (past expected lifecycle; no successor within four weeks):
- Markdown (29%): Rs 18,924 margin lost
- Transfer: Rs 742; Transfer target MobiMart Whitefield at Rs 611/unit plus 4-day holding cost.
- Hold: Rs 1,379 opportunity cost + Rs 4,648 markdown risk = Rs 6,027
RECOMMENDED: TRANSFER at Rs 742"
BEL-01,MobiMart Cantonment,F03,OnePlus 13,flagship,confirmed,1,past expected lifecycle,0.0,0.0,55530,0.28500000000000003,15826.050000000001,6.0,0.2,,,1153.3153846153846,3887.1000000000004,5040.415384615385,HOLD,5040.415384615385,"MobiMart Cantonment, OnePlus 13, 1 units at risk (past expected lifecycle; no successor within four weeks):
- Markdown (29%): Rs 15,826 margin lost
- Transfer: unavailable; No better-fit store is available without creating another at-risk position.
- Hold: Rs 1,153 opportunity cost + Rs 3,887 markdown risk = Rs 5,040
RECOMMENDED: HOLD at Rs 5,040"
BLR-06,MobiMart Rajajinagar,F03,OnePlus 13,flagship,confirmed,1,past expected lifecycle,0.0,0.0,55530,0.28500000000000003,15826.050000000001,6.0,0.2,,,1153.3153846153846,3887.1000000000004,5040.415384615385,HOLD,5040.415384615385,"MobiMart Rajajinagar, OnePlus 13, 1 units at risk (past expected lifecycle; no successor within four weeks):
- Markdown (29%): Rs 15,826 margin lost
- Transfer: unavailable; No better-fit store is available without creating another at-risk position.
- Hold: Rs 1,153 opportunity cost + Rs 3,887 markdown risk = Rs 5,040
RECOMMENDED: HOLD at Rs 5,040"
BLR-07,MobiMart Yelahanka,F08,Samsung Galaxy Z Flip7,flagship,confirmed,1,past expected lifecycle,0.0,0.0,78119,0.28500000000000003,22263.915,6.0,0.2,BLR-04,793.0977534246575,1622.4715384615383,5468.33,7090.801538461538,TRANSFER,793.0977534246575,"MobiMart Yelahanka, Samsung Galaxy Z Flip7, 1 units at risk (past expected lifecycle; no successor within four weeks):
- Markdown (29%): Rs 22,264 margin lost
- Transfer: Rs 793; Transfer target MobiMart Whitefield at Rs 639/unit plus 4-day holding cost.
- Hold: Rs 1,622 opportunity cost + Rs 5,468 markdown risk = Rs 7,091
RECOMMENDED: TRANSFER at Rs 793"
MAN-01,MobiMart Court Road,B16,Lava Blaze Core 2,budget,confirmed,4,past peak with declining store trend,3.0,3.6666666666666665,35612,0.185,6588.22,2.0,0.8400000000000001,UDU-01,2030.2483287671232,246.54461538461538,10469.928,10716.472615384615,TRANSFER,2030.2483287671232,"MobiMart Court Road, Lava Blaze Core 2, 4 units at risk (past peak with declining store trend; no successor within four weeks):
- Markdown (18%): Rs 6,588 margin lost
- Transfer: Rs 2,030; Transfer target MobiMart Udupi Main Road at Rs 490/unit plus 4-day holding cost.
- Hold: Rs 247 opportunity cost + Rs 10,470 markdown risk = Rs 10,716
RECOMMENDED: TRANSFER at Rs 2,030"
BLR-07,MobiMart Yelahanka,F10,iPhone 17,flagship,confirmed,1,past expected lifecycle,0.0,0.0,66400,0.28500000000000003,18924.000000000004,6.0,0.2,BLR-04,612.9808219178083,1379.076923076923,4648.0,6027.076923076923,TRANSFER,612.9808219178083,"MobiMart Yelahanka, iPhone 17, 1 units at risk (past expected lifecycle; no successor within four weeks):
- Markdown (29%): Rs 18,924 margin lost
- Transfer: Rs 613; Transfer target MobiMart Whitefield at Rs 482/unit plus 4-day holding cost.
- Hold: Rs 1,379 opportunity cost + Rs 4,648 markdown risk = Rs 6,027
RECOMMENDED: TRANSFER at Rs 613"
BLR-07,MobiMart Yelahanka,B14,Realme Note 70,budget,confirmed,3,past peak with declining store trend,2.0,3.8333333333333335,29778,0.2357142857142857,7019.099999999999,2.0,0.8400000000000001,,,206.1553846153846,8754.732,8960.887384615384,MARKDOWN,7019.099999999999,"MobiMart Yelahanka, Realme Note 70, 3 units at risk (past peak with declining store trend; no successor within four weeks):
- Markdown (24%): Rs 7,019 margin lost
- Transfer: unavailable; No better-fit store is available without creating another at-risk position.
- Hold: Rs 206 opportunity cost + Rs 8,755 markdown risk = Rs 8,961
RECOMMENDED: MARKDOWN at Rs 7,019"
KOL-01,MobiMart Station Road,M01,Samsung Galaxy A26,mid,confirmed,1,past expected lifecycle,0.0,0.0,20460,0.28500000000000003,5831.1,6.0,0.2,BLR-04,382.35945205479453,424.93846153846147,1432.2,1857.1384615384616,TRANSFER,382.35945205479453,"MobiMart Station Road, Samsung Galaxy A26, 1 units at risk (past expected lifecycle; no successor within four weeks):
- Markdown (29%): Rs 5,831 margin lost
- Transfer: Rs 382; Transfer target MobiMart Whitefield at Rs 342/unit plus 4-day holding cost.
- Hold: Rs 425 opportunity cost + Rs 1,432 markdown risk = Rs 1,857
RECOMMENDED: TRANSFER at Rs 382"
BLR-07,MobiMart Yelahanka,B06,Lava Blaze Core,budget,confirmed,1,past peak with declining store trend; last two weeks below 40% of prior six-week average; past expected lifecycle,0.0,0.6666666666666666,8055,0.3,2416.5,6.0,0.2,,,167.29615384615383,563.85,731.1461538461539,HOLD,731.1461538461539,"MobiMart Yelahanka, Lava Blaze Core, 1 units at risk (past peak with declining store trend; last two weeks below 40% of prior six-week average; past expected lifecycle; no successor within four weeks):
- Markdown (30%): Rs 2,416 margin lost
- Transfer: unavailable; No better-fit store is available without creating another at-risk position.
- Hold: Rs 167 opportunity cost + Rs 564 markdown risk = Rs 731
RECOMMENDED: HOLD at Rs 731"
UDU-01,MobiMart Udupi Main Road,F10,iPhone 17,flagship,confirmed,1,past expected lifecycle,0.0,0.0,66400,0.28500000000000003,18924.000000000004,6.0,0.2,BLR-04,645.9808219178083,1379.076923076923,4648.0,6027.076923076923,TRANSFER,645.9808219178083,"MobiMart Udupi Main Road, iPhone 17, 1 units at risk (past expected lifecycle; no successor within four weeks):
- Markdown (29%): Rs 18,924 margin lost
- Transfer: Rs 646; Transfer target MobiMart Whitefield at Rs 515/unit plus 4-day holding cost.
- Hold: Rs 1,379 opportunity cost + Rs 4,648 markdown risk = Rs 6,027
RECOMMENDED: TRANSFER at Rs 646"
MYS-01,MobiMart Devaraja Mohalla,F03,OnePlus 13,flagship,confirmed,1,past expected lifecycle,0.0,0.0,55530,0.28500000000000003,15826.050000000001,6.0,0.2,,,1153.3153846153846,3887.1000000000004,5040.415384615385,HOLD,5040.415384615385,"MobiMart Devaraja Mohalla, OnePlus 13, 1 units at risk (past expected lifecycle; no successor within four weeks):
- Markdown (29%): Rs 15,826 margin lost
- Transfer: unavailable; No better-fit store is available without creating another at-risk position.
- Hold: Rs 1,153 opportunity cost + Rs 3,887 markdown risk = Rs 5,040
RECOMMENDED: HOLD at Rs 5,040"
MAN-02,MobiMart Kottara,F08,Samsung Galaxy Z Flip7,flagship,confirmed,1,past expected lifecycle,0.0,0.0,78119,0.28500000000000003,22263.915,6.0,0.2,BLR-04,700.0977534246575,1622.4715384615383,5468.33,7090.801538461538,TRANSFER,700.0977534246575,"MobiMart Kottara, Samsung Galaxy Z Flip7, 1 units at risk (past expected lifecycle; no successor within four weeks):
- Markdown (29%): Rs 22,264 margin lost
- Transfer: Rs 700; Transfer target MobiMart Whitefield at Rs 546/unit plus 4-day holding cost.
- Hold: Rs 1,622 opportunity cost + Rs 5,468 markdown risk = Rs 7,091
RECOMMENDED: TRANSFER at Rs 700"
MAN-02,MobiMart Kottara,F10,iPhone 17,flagship,confirmed,1,past expected lifecycle,0.0,0.0,66400,0.28500000000000003,18924.000000000004,6.0,0.2,BLR-04,926.9808219178083,1379.076923076923,4648.0,6027.076923076923,TRANSFER,926.9808219178083,"MobiMart Kottara, iPhone 17, 1 units at risk (past expected lifecycle; no successor within four weeks):
- Markdown (29%): Rs 18,924 margin lost
- Transfer: Rs 927; Transfer target MobiMart Whitefield at Rs 796/unit plus 4-day holding cost.
- Hold: Rs 1,379 opportunity cost + Rs 4,648 markdown risk = Rs 6,027
RECOMMENDED: TRANSFER at Rs 927"
BLR-08,MobiMart Electronic City,M11,Samsung Galaxy A27,mid,confirmed,1,past peak with declining store trend; past expected lifecycle,0.5,1.0,20687,0.3,6206.099999999999,2.0,0.8400000000000001,,,143.2176923076923,6081.978,6225.195692307692,MARKDOWN,6206.099999999999,"MobiMart Electronic City, Samsung Galaxy A27, 1 units at risk (past peak with declining store trend; past expected lifecycle; no successor within four weeks):
- Markdown (30%): Rs 6,206 margin lost
- Transfer: unavailable; No better-fit store is available without creating another at-risk position.
- Hold: Rs 143 opportunity cost + Rs 6,082 markdown risk = Rs 6,225
RECOMMENDED: MARKDOWN at Rs 6,206"
HUB-02,MobiMart Gokul Road,F08,Samsung Galaxy Z Flip7,flagship,confirmed,1,past peak with declining store trend; last two weeks below 40% of prior six-week average; past expected lifecycle,0.0,0.16666666666666666,78119,0.3,23435.7,6.0,0.2,BLR-04,459.0977534246575,1622.4715384615383,5468.33,7090.801538461538,TRANSFER,459.0977534246575,"MobiMart Gokul Road, Samsung Galaxy Z Flip7, 1 units at risk (past peak with declining store trend; last two weeks below 40% of prior six-week average; past expected lifecycle; no successor within four weeks):
- Markdown (30%): Rs 23,436 margin lost
- Transfer: Rs 459; Transfer target MobiMart Whitefield at Rs 305/unit plus 4-day holding cost.
- Hold: Rs 1,622 opportunity cost + Rs 5,468 markdown risk = Rs 7,091
RECOMMENDED: TRANSFER at Rs 459"
DAV-02,MobiMart MCC B Block,B14,Realme Note 70,budget,confirmed,3,past peak with declining store trend,3.0,3.5,29778,0.2357142857142857,7019.099999999999,1.0,0.98,,,103.0776923076923,10213.854,10316.931692307691,MARKDOWN,7019.099999999999,"MobiMart MCC B Block, Realme Note 70, 3 units at risk (past peak with declining store trend; no successor within four weeks):
- Markdown (24%): Rs 7,019 margin lost
- Transfer: unavailable; No better-fit store is available without creating another at-risk position.
- Hold: Rs 103 opportunity cost + Rs 10,214 markdown risk = Rs 10,317
RECOMMENDED: MARKDOWN at Rs 7,019"
KAL-01,MobiMart KCD Road,B14,Realme Note 70,budget,confirmed,3,past peak with declining store trend,2.5,3.3333333333333335,29778,0.2357142857142857,7019.099999999999,2.0,0.8400000000000001,,,206.1553846153846,8754.732,8960.887384615384,MARKDOWN,7019.099999999999,"MobiMart KCD Road, Realme Note 70, 3 units at risk (past peak with declining store trend; no successor within four weeks):
- Markdown (24%): Rs 7,019 margin lost
- Transfer: unavailable; No better-fit store is available without creating another at-risk position.
- Hold: Rs 206 opportunity cost + Rs 8,755 markdown risk = Rs 8,961
RECOMMENDED: MARKDOWN at Rs 7,019"
HUB-02,MobiMart Gokul Road,F10,iPhone 17,flagship,confirmed,1,past peak with declining store trend; last two weeks below 40% of prior six-week average; past expected lifecycle,0.0,0.16666666666666666,66400,0.3,19920.0,6.0,0.2,BLR-04,587.9808219178083,1379.076923076923,4648.0,6027.076923076923,TRANSFER,587.9808219178083,"MobiMart Gokul Road, iPhone 17, 1 units at risk (past peak with declining store trend; last two weeks below 40% of prior six-week average; past expected lifecycle; no successor within four weeks):
- Markdown (30%): Rs 19,920 margin lost
- Transfer: Rs 588; Transfer target MobiMart Whitefield at Rs 457/unit plus 4-day holding cost.
- Hold: Rs 1,379 opportunity cost + Rs 4,648 markdown risk = Rs 6,027
RECOMMENDED: TRANSFER at Rs 588"
SHI-01,MobiMart Vidya Nagar,F08,Samsung Galaxy Z Flip7,flagship,confirmed,1,past expected lifecycle,0.0,0.0,78119,0.28500000000000003,22263.915,6.0,0.2,BLR-04,915.0977534246575,1622.4715384615383,5468.33,7090.801538461538,TRANSFER,915.0977534246575,"MobiMart Vidya Nagar, Samsung Galaxy Z Flip7, 1 units at risk (past expected lifecycle; no successor within four weeks):
- Markdown (29%): Rs 22,264 margin lost
- Transfer: Rs 915; Transfer target MobiMart Whitefield at Rs 761/unit plus 4-day holding cost.
- Hold: Rs 1,622 opportunity cost + Rs 5,468 markdown risk = Rs 7,091
RECOMMENDED: TRANSFER at Rs 915"
BLR-05,MobiMart Malleshwaram,F05,Pixel 9 Pro,flagship,confirmed,1,past expected lifecycle,0.0,0.0,89165,0.28500000000000003,25412.025,6.0,0.2,BLR-04,887.8871232876712,1851.8884615384616,6241.549999999999,8093.438461538461,TRANSFER,887.8871232876712,"MobiMart Malleshwaram, Pixel 9 Pro, 1 units at risk (past expected lifecycle; no successor within four weeks):
- Markdown (29%): Rs 25,412 margin lost
- Transfer: Rs 888; Transfer target MobiMart Whitefield at Rs 712/unit plus 4-day holding cost.
- Hold: Rs 1,852 opportunity cost + Rs 6,242 markdown risk = Rs 8,093
RECOMMENDED: TRANSFER at Rs 888"
SHI-01,MobiMart Vidya Nagar,F10,iPhone 17,flagship,confirmed,1,past expected lifecycle,0.0,0.0,66400,0.28500000000000003,18924.000000000004,6.0,0.2,BLR-04,712.9808219178083,1379.076923076923,4648.0,6027.076923076923,TRANSFER,712.9808219178083,"MobiMart Vidya Nagar, iPhone 17, 1 units at risk (past expected lifecycle; no successor within four weeks):
- Markdown (29%): Rs 18,924 margin lost
- Transfer: Rs 713; Transfer target MobiMart Whitefield at Rs 582/unit plus 4-day holding cost.
- Hold: Rs 1,379 opportunity cost + Rs 4,648 markdown risk = Rs 6,027
RECOMMENDED: TRANSFER at Rs 713"
DAV-01,MobiMart PJ Extension,F03,OnePlus 13,flagship,confirmed,1,past expected lifecycle,0.0,0.0,55530,0.28500000000000003,15826.050000000001,6.0,0.2,,,1153.3153846153846,3887.1000000000004,5040.415384615385,HOLD,5040.415384615385,"MobiMart PJ Extension, OnePlus 13, 1 units at risk (past expected lifecycle; no successor within four weeks):
- Markdown (29%): Rs 15,826 margin lost
- Transfer: unavailable; No better-fit store is available without creating another at-risk position.
- Hold: Rs 1,153 opportunity cost + Rs 3,887 markdown risk = Rs 5,040
RECOMMENDED: HOLD at Rs 5,040"
TUM-01,MobiMart MG Road,F08,Samsung Galaxy Z Flip7,flagship,confirmed,1,past expected lifecycle,0.0,0.0,78119,0.28500000000000003,22263.915,6.0,0.2,BLR-04,730.0977534246575,1622.4715384615383,5468.33,7090.801538461538,TRANSFER,730.0977534246575,"MobiMart MG Road, Samsung Galaxy Z Flip7, 1 units at risk (past expected lifecycle; no successor within four weeks):
- Markdown (29%): Rs 22,264 margin lost
- Transfer: Rs 730; Transfer target MobiMart Whitefield at Rs 576/unit plus 4-day holding cost.
- Hold: Rs 1,622 opportunity cost + Rs 5,468 markdown risk = Rs 7,091
RECOMMENDED: TRANSFER at Rs 730"
KOL-01,MobiMart Station Road,M05,Vivo V50e,mid,confirmed,1,past expected lifecycle,0.0,0.0,26834,0.28500000000000003,7647.6900000000005,6.0,0.2,BLR-08,598.9328219178083,557.3215384615385,1878.38,2435.701538461539,TRANSFER,598.9328219178083,"MobiMart Station Road, Vivo V50e, 1 units at risk (past expected lifecycle; no successor within four weeks):
- Markdown (29%): Rs 7,648 margin lost
- Transfer: Rs 599; Transfer target MobiMart Electronic City at Rs 546/unit plus 4-day holding cost.
- Hold: Rs 557 opportunity cost + Rs 1,878 markdown risk = Rs 2,436
RECOMMENDED: TRANSFER at Rs 599"
TUM-01,MobiMart MG Road,F10,iPhone 17,flagship,confirmed,1,past peak with declining store trend; last two weeks below 40% of prior six-week average; past expected lifecycle,0.0,0.16666666666666666,66400,0.3,19920.0,6.0,0.2,BLR-04,492.9808219178082,1379.076923076923,4648.0,6027.076923076923,TRANSFER,492.9808219178082,"MobiMart MG Road, iPhone 17, 1 units at risk (past peak with declining store trend; last two weeks below 40% of prior six-week average; past expected lifecycle; no successor within four weeks):
- Markdown (30%): Rs 19,920 margin lost
- Transfer: Rs 493; Transfer target MobiMart Whitefield at Rs 362/unit plus 4-day holding cost.
- Hold: Rs 1,379 opportunity cost + Rs 4,648 markdown risk = Rs 6,027
RECOMMENDED: TRANSFER at Rs 493"
BLR-06,MobiMart Rajajinagar,B17,POCO C85,budget,confirmed,5,past peak with declining store trend,4.0,5.0,59250,0.1673076923076923,9912.980769230768,2.0,0.8400000000000001,,,410.1923076923077,17419.5,17829.69230769231,MARKDOWN,9912.980769230768,"MobiMart Rajajinagar, POCO C85, 5 units at risk (past peak with declining store trend; no successor within four weeks):
- Markdown (17%): Rs 9,913 margin lost
- Transfer: unavailable; No better-fit store is available without creating another at-risk position.
- Hold: Rs 410 opportunity cost + Rs 17,420 markdown risk = Rs 17,830
RECOMMENDED: MARKDOWN at Rs 9,913"
MAN-01,MobiMart Court Road,B02,Samsung Galaxy M05,budget,confirmed,2,past peak with declining store trend; last two weeks below 40% of prior six-week average; past expected lifecycle,0.0,0.16666666666666666,16892,0.3,5067.599999999999,6.0,0.2,UDU-01,1047.3212054794521,350.83384615384614,1182.44,1533.273846153846,TRANSFER,1047.3212054794521,"MobiMart Court Road, Samsung Galaxy M05, 2 units at risk (past peak with declining store trend; last two weeks below 40% of prior six-week average; past expected lifecycle; no successor within four weeks):
- Markdown (30%): Rs 5,068 margin lost
- Transfer: Rs 1,047; Transfer target MobiMart Udupi Main Road at Rs 507/unit plus 4-day holding cost.
- Hold: Rs 351 opportunity cost + Rs 1,182 markdown risk = Rs 1,533
RECOMMENDED: TRANSFER at Rs 1,047"
BLR-07,MobiMart Yelahanka,F03,OnePlus 13,flagship,confirmed,1,past expected lifecycle,0.0,0.0,55530,0.28500000000000003,15826.050000000001,6.0,0.2,,,1153.3153846153846,3887.1000000000004,5040.415384615385,HOLD,5040.415384615385,"MobiMart Yelahanka, OnePlus 13, 1 units at risk (past expected lifecycle; no successor within four weeks):
- Markdown (29%): Rs 15,826 margin lost
- Transfer: unavailable; No better-fit store is available without creating another at-risk position.
- Hold: Rs 1,153 opportunity cost + Rs 3,887 markdown risk = Rs 5,040
RECOMMENDED: HOLD at Rs 5,040"
SHI-01,MobiMart Vidya Nagar,B17,POCO C85,budget,confirmed,5,past peak with declining store trend,5.0,6.166666666666667,59250,0.1673076923076923,9912.980769230768,1.0,0.98,,,205.09615384615384,20322.75,20527.846153846152,MARKDOWN,9912.980769230768,"MobiMart Vidya Nagar, POCO C85, 5 units at risk (past peak with declining store trend; no successor within four weeks):
- Markdown (17%): Rs 9,913 margin lost
- Transfer: unavailable; No better-fit store is available without creating another at-risk position.
- Hold: Rs 205 opportunity cost + Rs 20,323 markdown risk = Rs 20,528
RECOMMENDED: MARKDOWN at Rs 9,913"
BLR-02,MobiMart Koramangala,F11,Samsung Galaxy S26,flagship,confirmed,1,past peak with declining store trend; past expected lifecycle,0.5,0.6666666666666666,66735,0.3,20020.5,2.0,0.8400000000000001,,,462.0115384615384,19620.09,20082.10153846154,MARKDOWN,20020.5,"MobiMart Koramangala, Samsung Galaxy S26, 1 units at risk (past peak with declining store trend; past expected lifecycle; no successor within four weeks):
- Markdown (30%): Rs 20,020 margin lost
- Transfer: unavailable; No better-fit store is available without creating another at-risk position.
- Hold: Rs 462 opportunity cost + Rs 19,620 markdown risk = Rs 20,082
RECOMMENDED: MARKDOWN at Rs 20,020"
BLR-03,MobiMart Indiranagar,M08,Nothing Phone (3a),mid,confirmed,1,past peak with declining store trend; past expected lifecycle,0.5,0.8333333333333334,24519,0.3,7355.7,2.0,0.8400000000000001,MAN-01,471.3662465753425,169.74692307692308,7208.586,7378.332923076923,TRANSFER,471.3662465753425,"MobiMart Indiranagar, Nothing Phone (3a), 1 units at risk (past peak with declining store trend; past expected lifecycle; no successor within four weeks):
- Markdown (30%): Rs 7,356 margin lost
- Transfer: Rs 471; Transfer target MobiMart Court Road at Rs 423/unit plus 4-day holding cost.
- Hold: Rs 170 opportunity cost + Rs 7,209 markdown risk = Rs 7,378
RECOMMENDED: TRANSFER at Rs 471"
MAN-01,MobiMart Court Road,B17,POCO C85,budget,confirmed,3,past peak with declining store trend,2.5,2.6666666666666665,35550,0.1673076923076923,5947.788461538461,2.0,0.8400000000000001,UDU-01,1003.1260273972603,246.1153846153846,10451.7,10697.815384615385,TRANSFER,1003.1260273972603,"MobiMart Court Road, POCO C85, 3 units at risk (past peak with declining store trend; no successor within four weeks):
- Markdown (17%): Rs 5,948 margin lost
- Transfer: Rs 1,003; Transfer target MobiMart Udupi Main Road at Rs 311/unit plus 4-day holding cost.
- Hold: Rs 246 opportunity cost + Rs 10,452 markdown risk = Rs 10,698
RECOMMENDED: TRANSFER at Rs 1,003"
HUB-01,MobiMart Vidya Nagar,F05,Pixel 9 Pro,flagship,confirmed,1,past expected lifecycle,0.0,0.0,89165,0.28500000000000003,25412.025,6.0,0.2,BLR-04,526.8871232876712,1851.8884615384616,6241.549999999999,8093.438461538461,TRANSFER,526.8871232876712,"MobiMart Vidya Nagar, Pixel 9 Pro, 1 units at risk (past expected lifecycle; no successor within four weeks):
- Markdown (29%): Rs 25,412 margin lost
- Transfer: Rs 527; Transfer target MobiMart Whitefield at Rs 351/unit plus 4-day holding cost.
- Hold: Rs 1,852 opportunity cost + Rs 6,242 markdown risk = Rs 8,093
RECOMMENDED: TRANSFER at Rs 527"
HUB-01,MobiMart Vidya Nagar,B05,Moto G15 Play,budget,confirmed,1,past peak with declining store trend; past expected lifecycle,1.0,1.1666666666666667,10127,0.3,3038.1,1.0,0.98,,,35.055,3473.5609999999997,3508.6159999999995,MARKDOWN,3038.1,"MobiMart Vidya Nagar, Moto G15 Play, 1 units at risk (past peak with declining store trend; past expected lifecycle; no successor within four weeks):
- Markdown (30%): Rs 3,038 margin lost
- Transfer: unavailable; No better-fit store is available without creating another at-risk position.
- Hold: Rs 35 opportunity cost + Rs 3,474 markdown risk = Rs 3,509
RECOMMENDED: MARKDOWN at Rs 3,038"
BLR-07,MobiMart Yelahanka,B13,Redmi A6,budget,confirmed,3,past peak with declining store trend,1.5,2.6666666666666665,25512,0.255,6505.56,2.0,0.8400000000000001,,,176.62153846153845,7500.528,7677.149538461539,MARKDOWN,6505.56,"MobiMart Yelahanka, Redmi A6, 3 units at risk (past peak with declining store trend; no successor within four weeks):
- Markdown (26%): Rs 6,506 margin lost
- Transfer: unavailable; No better-fit store is available without creating another at-risk position.
- Hold: Rs 177 opportunity cost + Rs 7,501 markdown risk = Rs 7,677
RECOMMENDED: MARKDOWN at Rs 6,506"
BLR-05,MobiMart Malleshwaram,F04,Vivo X200,flagship,confirmed,1,past expected lifecycle,0.0,0.0,53816,0.28500000000000003,15337.560000000001,6.0,0.2,MAN-01,473.1575890410959,1117.716923076923,3767.12,4884.836923076923,TRANSFER,473.1575890410959,"MobiMart Malleshwaram, Vivo X200, 1 units at risk (past expected lifecycle; no successor within four weeks):
- Markdown (29%): Rs 15,338 margin lost
- Transfer: Rs 473; Transfer target MobiMart Court Road at Rs 367/unit plus 4-day holding cost.
- Hold: Rs 1,118 opportunity cost + Rs 3,767 markdown risk = Rs 4,885
RECOMMENDED: TRANSFER at Rs 473"
BEL-02,MobiMart Tilakwadi,F08,Samsung Galaxy Z Flip7,flagship,confirmed,1,past expected lifecycle,0.0,0.0,78119,0.28500000000000003,22263.915,6.0,0.2,BLR-04,574.0977534246575,1622.4715384615383,5468.33,7090.801538461538,TRANSFER,574.0977534246575,"MobiMart Tilakwadi, Samsung Galaxy Z Flip7, 1 units at risk (past expected lifecycle; no successor within four weeks):
- Markdown (29%): Rs 22,264 margin lost
- Transfer: Rs 574; Transfer target MobiMart Whitefield at Rs 420/unit plus 4-day holding cost.
- Hold: Rs 1,622 opportunity cost + Rs 5,468 markdown risk = Rs 7,091
RECOMMENDED: TRANSFER at Rs 574"
HUB-01,MobiMart Vidya Nagar,F09,OnePlus Open 2,flagship,confirmed,1,past expected lifecycle,0.0,0.0,97367,0.28500000000000003,27749.595000000005,6.0,0.2,BLR-04,937.066410958904,2022.237692307692,6815.69,8837.927692307692,TRANSFER,937.066410958904,"MobiMart Vidya Nagar, OnePlus Open 2, 1 units at risk (past expected lifecycle; no successor within four weeks):
- Markdown (29%): Rs 27,750 margin lost
- Transfer: Rs 937; Transfer target MobiMart Whitefield at Rs 745/unit plus 4-day holding cost.
- Hold: Rs 2,022 opportunity cost + Rs 6,816 markdown risk = Rs 8,838
RECOMMENDED: TRANSFER at Rs 937"
UDU-01,MobiMart Udupi Main Road,F03,OnePlus 13,flagship,confirmed,1,past expected lifecycle,0.0,0.0,55530,0.28500000000000003,15826.050000000001,6.0,0.2,,,1153.3153846153846,3887.1000000000004,5040.415384615385,HOLD,5040.415384615385,"MobiMart Udupi Main Road, OnePlus 13, 1 units at risk (past expected lifecycle; no successor within four weeks):
- Markdown (29%): Rs 15,826 margin lost
- Transfer: unavailable; No better-fit store is available without creating another at-risk position.
- Hold: Rs 1,153 opportunity cost + Rs 3,887 markdown risk = Rs 5,040
RECOMMENDED: HOLD at Rs 5,040"
BLR-07,MobiMart Yelahanka,M13,Realme 15 Pro,mid,confirmed,1,past peak with declining store trend; last two weeks below 40% of prior six-week average,0.0,1.5,25696,0.27,6937.92,6.0,0.2,BLR-02,788.688,533.6861538461538,1798.7199999999998,2332.4061538461538,TRANSFER,788.688,"MobiMart Yelahanka, Realme 15 Pro, 1 units at risk (past peak with declining store trend; last two weeks below 40% of prior six-week average; no successor within four weeks):
- Markdown (27%): Rs 6,938 margin lost
- Transfer: Rs 789; Transfer target MobiMart Koramangala at Rs 738/unit plus 4-day holding cost.
- Hold: Rs 534 opportunity cost + Rs 1,799 markdown risk = Rs 2,332
RECOMMENDED: TRANSFER at Rs 789"
BLR-05,MobiMart Malleshwaram,F06,Xiaomi 15,flagship,confirmed,1,past expected lifecycle,0.0,0.0,53059,0.28500000000000003,15121.815000000002,6.0,0.2,BLR-04,735.6643287671233,1101.9946153846151,3714.1299999999997,4816.124615384615,TRANSFER,735.6643287671233,"MobiMart Malleshwaram, Xiaomi 15, 1 units at risk (past expected lifecycle; no successor within four weeks):
- Markdown (29%): Rs 15,122 margin lost
- Transfer: Rs 736; Transfer target MobiMart Whitefield at Rs 631/unit plus 4-day holding cost.
- Hold: Rs 1,102 opportunity cost + Rs 3,714 markdown risk = Rs 4,816
RECOMMENDED: TRANSFER at Rs 736"
BEL-02,MobiMart Tilakwadi,F10,iPhone 17,flagship,confirmed,1,past expected lifecycle,0.0,0.0,66400,0.28500000000000003,18924.000000000004,6.0,0.2,BLR-04,835.9808219178083,1379.076923076923,4648.0,6027.076923076923,TRANSFER,835.9808219178083,"MobiMart Tilakwadi, iPhone 17, 1 units at risk (past expected lifecycle; no successor within four weeks):
- Markdown (29%): Rs 18,924 margin lost
- Transfer: Rs 836; Transfer target MobiMart Whitefield at Rs 705/unit plus 4-day holding cost.
- Hold: Rs 1,379 opportunity cost + Rs 4,648 markdown risk = Rs 6,027
RECOMMENDED: TRANSFER at Rs 836"
BLR-05,MobiMart Malleshwaram,B14,Realme Note 70,budget,confirmed,3,past peak with declining store trend,2.5,3.8333333333333335,29778,0.2357142857142857,7019.099999999999,2.0,0.8400000000000001,,,206.1553846153846,8754.732,8960.887384615384,MARKDOWN,7019.099999999999,"MobiMart Malleshwaram, Realme Note 70, 3 units at risk (past peak with declining store trend; no successor within four weeks):
- Markdown (24%): Rs 7,019 margin lost
- Transfer: unavailable; No better-fit store is available without creating another at-risk position.
- Hold: Rs 206 opportunity cost + Rs 8,755 markdown risk = Rs 8,961
RECOMMENDED: MARKDOWN at Rs 7,019"
MAN-02,MobiMart Kottara,F03,OnePlus 13,flagship,confirmed,1,past expected lifecycle,0.0,0.0,55530,0.28500000000000003,15826.050000000001,6.0,0.2,,,1153.3153846153846,3887.1000000000004,5040.415384615385,HOLD,5040.415384615385,"MobiMart Kottara, OnePlus 13, 1 units at risk (past expected lifecycle; no successor within four weeks):
- Markdown (29%): Rs 15,826 margin lost
- Transfer: unavailable; No better-fit store is available without creating another at-risk position.
- Hold: Rs 1,153 opportunity cost + Rs 3,887 markdown risk = Rs 5,040
RECOMMENDED: HOLD at Rs 5,040"
BLR-05,MobiMart Malleshwaram,F01,Samsung Galaxy S25,flagship,confirmed,1,past expected lifecycle,0.0,0.0,61349,0.28500000000000003,17484.465,6.0,0.2,BLR-03,669.0172054794521,1274.1715384615384,4294.429999999999,5568.6015384615375,TRANSFER,669.0172054794521,"MobiMart Malleshwaram, Samsung Galaxy S25, 1 units at risk (past expected lifecycle; no successor within four weeks):
- Markdown (29%): Rs 17,484 margin lost
- Transfer: Rs 669; Transfer target MobiMart Indiranagar at Rs 548/unit plus 4-day holding cost.
- Hold: Rs 1,274 opportunity cost + Rs 4,294 markdown risk = Rs 5,569
RECOMMENDED: TRANSFER at Rs 669"
BEL-01,MobiMart Cantonment,F05,Pixel 9 Pro,flagship,confirmed,1,past expected lifecycle,0.0,0.0,89165,0.28500000000000003,25412.025,6.0,0.2,BLR-04,763.8871232876712,1851.8884615384616,6241.549999999999,8093.438461538461,TRANSFER,763.8871232876712,"MobiMart Cantonment, Pixel 9 Pro, 1 units at risk (past expected lifecycle; no successor within four weeks):
- Markdown (29%): Rs 25,412 margin lost
- Transfer: Rs 764; Transfer target MobiMart Whitefield at Rs 588/unit plus 4-day holding cost.
- Hold: Rs 1,852 opportunity cost + Rs 6,242 markdown risk = Rs 8,093
RECOMMENDED: TRANSFER at Rs 764"
BLR-03,MobiMart Indiranagar,B02,Samsung Galaxy M05,budget,confirmed,3,past expected lifecycle,0.0,0.0,25338,0.28500000000000003,7221.330000000001,6.0,0.2,UDU-01,1048.981808219178,526.2507692307693,1773.6599999999999,2299.910769230769,TRANSFER,1048.981808219178,"MobiMart Indiranagar, Samsung Galaxy M05, 3 units at risk (past expected lifecycle; no successor within four weeks):
- Markdown (29%): Rs 7,221 margin lost
- Transfer: Rs 1,049; Transfer target MobiMart Udupi Main Road at Rs 333/unit plus 4-day holding cost.
- Hold: Rs 526 opportunity cost + Rs 1,774 markdown risk = Rs 2,300
RECOMMENDED: TRANSFER at Rs 1,049"
KAL-01,MobiMart KCD Road,B12,Samsung Galaxy M06,budget,confirmed,1,past peak with declining store trend; past expected lifecycle,1.0,1.6666666666666667,9430,0.3,2829.0,1.0,0.98,,,32.64230769230769,3234.49,3267.1323076923077,MARKDOWN,2829.0,"MobiMart KCD Road, Samsung Galaxy M06, 1 units at risk (past peak with declining store trend; past expected lifecycle; no successor within four weeks):
- Markdown (30%): Rs 2,829 margin lost
- Transfer: unavailable; No better-fit store is available without creating another at-risk position.
- Hold: Rs 33 opportunity cost + Rs 3,234 markdown risk = Rs 3,267
RECOMMENDED: MARKDOWN at Rs 2,829"
HUB-01,MobiMart Vidya Nagar,M11,Samsung Galaxy A27,mid,confirmed,1,past expected lifecycle,0.5,0.3333333333333333,20687,0.28500000000000003,5895.795000000001,2.0,0.8400000000000001,,,143.2176923076923,6081.978,6225.195692307692,MARKDOWN,5895.795000000001,"MobiMart Vidya Nagar, Samsung Galaxy A27, 1 units at risk (past expected lifecycle; no successor within four weeks):
- Markdown (29%): Rs 5,896 margin lost
- Transfer: unavailable; No better-fit store is available without creating another at-risk position.
- Hold: Rs 143 opportunity cost + Rs 6,082 markdown risk = Rs 6,225
RECOMMENDED: MARKDOWN at Rs 5,896"
BLR-05,MobiMart Malleshwaram,B01,Nokia 110 Power,budget,confirmed,1,past peak with declining store trend; last two weeks below 40% of prior six-week average; past expected lifecycle,0.0,0.16666666666666666,6440,0.3,1932.0,6.0,0.2,,,133.75384615384615,450.8,584.5538461538462,HOLD,584.5538461538462,"MobiMart Malleshwaram, Nokia 110 Power, 1 units at risk (past peak with declining store trend; last two weeks below 40% of prior six-week average; past expected lifecycle; no successor within four weeks):
- Markdown (30%): Rs 1,932 margin lost
- Transfer: unavailable; No better-fit store is available without creating another at-risk position.
- Hold: Rs 134 opportunity cost + Rs 451 markdown risk = Rs 585
RECOMMENDED: HOLD at Rs 585"
