store_id,store_name,model_id,model_name,price_tier,selling_price,margin_pct,acquisition_cost,lifecycle_stage,expected_demand,requested_units,available_units,expected_revenue,priority_score,allocated_units,capital_tied_up,allocated_expected_revenue,cap_applied,reasoning
BLR-01,MobiMart Jayanagar,F19,OnePlus Open 3,flagship,124999,0.2152,98099,ramping,0.9857142857142855,1,1000,26515.502159999996,0.27029329717938,1,98099,26899.7848,False,"MobiMart Jayanagar: 1 units of OnePlus Open 3 - expected demand 1.0/week, capital tied up Rs 98,099, expected gross profit Rs 26,900, ROI 0.27x"
BLR-03,MobiMart Indiranagar,F19,OnePlus Open 3,flagship,124999,0.2152,98099,ramping,0.97175,1,1000,26139.8658794,0.26646414213600544,1,98099,26899.7848,False,"MobiMart Indiranagar: 1 units of OnePlus Open 3 - expected demand 1.0/week, capital tied up Rs 98,099, expected gross profit Rs 26,900, ROI 0.27x"
BLR-02,MobiMart Koramangala,F17,iPhone 17 Pro Max,flagship,139900,0.2178,109430,ramping,0.9309523809523809,1,1000,28366.323857142852,0.2592188966201485,1,109430,30470.219999999998,False,"MobiMart Koramangala: 1 units of iPhone 17 Pro Max - expected demand 0.9/week, capital tied up Rs 109,430, expected gross profit Rs 30,470, ROI 0.28x"
BLR-03,MobiMart Indiranagar,F16,Xiaomi 16,flagship,67999,0.2027,54216,declining,0.9714285714285713,1,1000,13389.585948571428,0.24696742564134994,1,54216,13783.397299999999,False,"MobiMart Indiranagar: 1 units of Xiaomi 16 - expected demand 1.0/week, capital tied up Rs 54,216, expected gross profit Rs 13,783, ROI 0.25x"
MAN-01,MobiMart Court Road,F16,Xiaomi 16,flagship,67999,0.2027,54216,declining,0.9714285714285713,1,1000,13389.585948571428,0.24696742564134994,1,54216,13783.397299999999,False,"MobiMart Court Road: 1 units of Xiaomi 16 - expected demand 1.0/week, capital tied up Rs 54,216, expected gross profit Rs 13,783, ROI 0.25x"
BLR-03,MobiMart Indiranagar,F17,iPhone 17 Pro Max,flagship,139900,0.2178,109430,ramping,1.7523809523809522,2,1000,53395.43314285713,0.24397072623072802,2,218860,60940.439999999995,False,"MobiMart Indiranagar: 2 units of iPhone 17 Pro Max - expected demand 1.8/week, capital tied up Rs 218,860, expected gross profit Rs 60,940, ROI 0.28x"
BLR-03,MobiMart Indiranagar,F20,Vivo X210 Pro,flagship,79999,0.1946,64431,ramping,0.97175,1,1000,15128.01489745,0.23479404164843012,1,64431,15567.8054,False,"MobiMart Indiranagar: 1 units of Vivo X210 Pro - expected demand 1.0/week, capital tied up Rs 64,431, expected gross profit Rs 15,568, ROI 0.24x"
BLR-04,MobiMart Whitefield,F20,Vivo X210 Pro,flagship,79999,0.1946,64431,ramping,0.9568,1,1000,14895.27620672,0.23118182562306963,1,64431,15567.8054,False,"MobiMart Whitefield: 1 units of Vivo X210 Pro - expected demand 1.0/week, capital tied up Rs 64,431, expected gross profit Rs 15,568, ROI 0.24x"
BLR-01,MobiMart Jayanagar,F18,Samsung Galaxy Z Fold8,flagship,149999,0.2169,117464,ramping,0.8214285714285714,1,1000,26725.000403571426,0.22751651913412982,1,117464,32534.7831,False,"MobiMart Jayanagar: 1 units of Samsung Galaxy Z Fold8 - expected demand 0.8/week, capital tied up Rs 117,464, expected gross profit Rs 32,535, ROI 0.28x"
BLR-02,MobiMart Koramangala,F18,Samsung Galaxy Z Fold8,flagship,149999,0.2169,117464,ramping,0.8214285714285714,1,1000,26725.000403571426,0.22751651913412982,1,117464,32534.7831,False,"MobiMart Koramangala: 1 units of Samsung Galaxy Z Fold8 - expected demand 0.8/week, capital tied up Rs 117,464, expected gross profit Rs 32,535, ROI 0.28x"
BLR-01,MobiMart Jayanagar,F20,Vivo X210 Pro,flagship,79999,0.1946,64431,ramping,0.9119499999999999,1,1000,14197.060134529998,0.22034517754698824,1,64431,15567.8054,False,"MobiMart Jayanagar: 1 units of Vivo X210 Pro - expected demand 0.9/week, capital tied up Rs 64,431, expected gross profit Rs 15,568, ROI 0.24x"
BLR-04,MobiMart Whitefield,F15,Pixel 10 Pro,flagship,114999,0.1999,92011,declining,1.7,2,1000,39080.11017,0.21236651144971797,2,184022,45976.6002,False,"MobiMart Whitefield: 2 units of Pixel 10 Pro - expected demand 1.7/week, capital tied up Rs 184,022, expected gross profit Rs 45,977, ROI 0.25x"
MAN-01,MobiMart Court Road,F15,Pixel 10 Pro,flagship,114999,0.1999,92011,declining,0.85,1,1000,19540.055085,0.21236651144971797,1,92011,22988.3001,False,"MobiMart Court Road: 1 units of Pixel 10 Pro - expected demand 0.8/week, capital tied up Rs 92,011, expected gross profit Rs 22,988, ROI 0.25x"
BLR-04,MobiMart Whitefield,F12,iPhone 17 Pro,flagship,124900,0.213,98296,declining,0.769047619047619,1,1000,20459.51214285714,0.2081418587008336,1,98296,26603.7,False,"MobiMart Whitefield: 1 units of iPhone 17 Pro - expected demand 0.8/week, capital tied up Rs 98,296, expected gross profit Rs 26,604, ROI 0.27x"
BLR-03,MobiMart Indiranagar,F15,Pixel 10 Pro,flagship,114999,0.1999,92011,declining,1.6190476190476188,2,1000,37219.15254285714,0.2022538204283028,2,184022,45976.6002,False,"MobiMart Indiranagar: 2 units of Pixel 10 Pro - expected demand 1.6/week, capital tied up Rs 184,022, expected gross profit Rs 45,977, ROI 0.25x"
BLR-01,MobiMart Jayanagar,F15,Pixel 10 Pro,flagship,114999,0.1999,92011,declining,0.8095238095238094,1,1000,18609.57627142857,0.2022538204283028,1,92011,22988.3001,False,"MobiMart Jayanagar: 1 units of Pixel 10 Pro - expected demand 0.8/week, capital tied up Rs 92,011, expected gross profit Rs 22,988, ROI 0.25x"
MAN-02,MobiMart Kottara,F17,iPhone 17 Pro Max,flagship,139900,0.2178,109430,ramping,0.7119047619047619,1,1000,21691.894714285714,0.19822621506246654,1,109430,30470.219999999998,False,"MobiMart Kottara: 1 units of iPhone 17 Pro Max - expected demand 0.7/week, capital tied up Rs 109,430, expected gross profit Rs 30,470, ROI 0.28x"
BLR-04,MobiMart Whitefield,F18,Samsung Galaxy Z Fold8,flagship,149999,0.2169,117464,ramping,1.4238095238095239,2,1000,46323.33403285714,0.1971809832495792,2,234928,65069.5662,False,"MobiMart Whitefield: 2 units of Samsung Galaxy Z Fold8 - expected demand 1.4/week, capital tied up Rs 234,928, expected gross profit Rs 65,070, ROI 0.28x"
BLR-03,MobiMart Indiranagar,F14,Vivo X210,flagship,69999,0.1731,57882,declining,0.8904761904761905,1,1000,10789.745858571428,0.18640934761361785,1,57882,12116.8269,False,"MobiMart Indiranagar: 1 units of Vivo X210 - expected demand 0.9/week, capital tied up Rs 57,882, expected gross profit Rs 12,117, ROI 0.21x"
MAN-01,MobiMart Court Road,F19,OnePlus Open 3,flagship,124999,0.2152,98099,ramping,0.6669999999999999,1,1000,17942.156461599996,0.18289846442471377,1,98099,26899.7848,False,"MobiMart Court Road: 1 units of OnePlus Open 3 - expected demand 0.7/week, capital tied up Rs 98,099, expected gross profit Rs 26,900, ROI 0.27x"
BLR-02,MobiMart Koramangala,F16,Xiaomi 16,flagship,67999,0.2027,54216,declining,2.145238095238095,3,1000,29568.6689697619,0.18179546609710479,3,162648,41350.1919,False,"MobiMart Koramangala: 3 units of Xiaomi 16 - expected demand 2.1/week, capital tied up Rs 162,648, expected gross profit Rs 41,350, ROI 0.25x"
BLR-01,MobiMart Jayanagar,F12,iPhone 17 Pro,flagship,124900,0.213,98296,declining,0.6476190476190475,1,1000,17229.062857142853,0.17527735469543881,1,98296,26603.7,False,"MobiMart Jayanagar: 1 units of iPhone 17 Pro - expected demand 0.6/week, capital tied up Rs 98,296, expected gross profit Rs 26,604, ROI 0.27x"
BLR-02,MobiMart Koramangala,F15,Pixel 10 Pro,flagship,114999,0.1999,92011,declining,1.3761904761904762,2,1000,31636.27966142857,0.1719157473640574,2,184022,45976.6002,False,"MobiMart Koramangala: 2 units of Pixel 10 Pro - expected demand 1.4/week, capital tied up Rs 184,022, expected gross profit Rs 45,977, ROI 0.25x"
BLR-01,MobiMart Jayanagar,F16,Xiaomi 16,flagship,67999,0.2027,54216,declining,1.3357142857142856,2,1000,18410.680679285713,0.16979010512842807,2,108432,27566.794599999997,False,"MobiMart Jayanagar: 2 units of Xiaomi 16 - expected demand 1.3/week, capital tied up Rs 108,432, expected gross profit Rs 27,567, ROI 0.25x"
BLR-01,MobiMart Jayanagar,F14,Vivo X210,flagship,69999,0.1731,57882,declining,0.8095238095238094,1,1000,9808.85987142857,0.16946304328510714,1,57882,12116.8269,False,"MobiMart Jayanagar: 1 units of Vivo X210 - expected demand 0.8/week, capital tied up Rs 57,882, expected gross profit Rs 12,117, ROI 0.21x"
BLR-04,MobiMart Whitefield,F13,OnePlus 14,flagship,72999,0.1726,60399,declining,0.8095238095238094,1,1000,10199.69837142857,0.16887197422852315,1,60399,12599.6274,False,"MobiMart Whitefield: 1 units of OnePlus 14 - expected demand 0.8/week, capital tied up Rs 60,399, expected gross profit Rs 12,600, ROI 0.21x"
BLR-08,MobiMart Electronic City,F18,Samsung Galaxy Z Fold8,flagship,149999,0.2169,117464,ramping,1.2047619047619047,2,1000,39196.667258571426,0.16684544736502854,2,234928,65069.5662,False,"MobiMart Electronic City: 2 units of Samsung Galaxy Z Fold8 - expected demand 1.2/week, capital tied up Rs 234,928, expected gross profit Rs 65,070, ROI 0.28x"
BLR-05,MobiMart Malleshwaram,F19,OnePlus Open 3,flagship,124999,0.2152,98099,ramping,0.6023809523809524,1,1000,16203.917986666665,0.16517923716517666,1,98099,26899.7848,False,"MobiMart Malleshwaram: 1 units of OnePlus Open 3 - expected demand 0.6/week, capital tied up Rs 98,099, expected gross profit Rs 26,900, ROI 0.27x"
BLR-02,MobiMart Koramangala,F12,iPhone 17 Pro,flagship,124900,0.213,98296,declining,0.6071428571428571,1,1000,16152.246428571429,0.16432252002697392,1,98296,26603.7,False,"MobiMart Koramangala: 1 units of iPhone 17 Pro - expected demand 0.6/week, capital tied up Rs 98,296, expected gross profit Rs 26,604, ROI 0.27x"
BLR-08,MobiMart Electronic City,M18,Nothing Phone (4a),mid,29999,0.1426,25721,ramping,1.971428571428571,2,1000,8433.49030285714,0.16394172666026088,2,51442,8555.7148,False,"MobiMart Electronic City: 2 units of Nothing Phone (4a) - expected demand 2.0/week, capital tied up Rs 51,442, expected gross profit Rs 8,556, ROI 0.17x"
KAL-01,MobiMart KCD Road,M18,Nothing Phone (4a),mid,29999,0.1426,25721,ramping,0.9857142857142855,1,1000,4216.74515142857,0.16394172666026088,1,25721,4277.8574,False,"MobiMart KCD Road: 1 units of Nothing Phone (4a) - expected demand 1.0/week, capital tied up Rs 25,721, expected gross profit Rs 4,278, ROI 0.17x"
MAN-02,MobiMart Kottara,M19,Samsung Galaxy A37,mid,33999,0.1426,29151,ramping,0.9857142857142855,1,1000,4778.996579999999,0.1639393701759802,1,29151,4848.2574,False,"MobiMart Kottara: 1 units of Samsung Galaxy A37 - expected demand 1.0/week, capital tied up Rs 29,151, expected gross profit Rs 4,848, ROI 0.17x"
MAN-01,MobiMart Court Road,F20,Vivo X210 Pro,flagship,79999,0.1946,64431,ramping,0.6669999999999999,1,1000,10383.726201799998,0.16116040728531295,1,64431,15567.8054,False,"MobiMart Court Road: 1 units of Vivo X210 Pro - expected demand 0.7/week, capital tied up Rs 64,431, expected gross profit Rs 15,568, ROI 0.24x"
BLR-04,MobiMart Whitefield,F17,iPhone 17 Pro Max,flagship,139900,0.2178,109430,ramping,1.15,2,1000,35040.753,0.16010578908891526,2,218860,60940.439999999995,False,"MobiMart Whitefield: 2 units of iPhone 17 Pro Max - expected demand 1.1/week, capital tied up Rs 218,860, expected gross profit Rs 60,940, ROI 0.28x"
BLR-03,MobiMart Indiranagar,F18,Samsung Galaxy Z Fold8,flagship,149999,0.2169,117464,ramping,1.15,2,1000,37415.000564999995,0.15926156339389086,2,234928,65069.5662,False,"MobiMart Indiranagar: 2 units of Samsung Galaxy Z Fold8 - expected demand 1.1/week, capital tied up Rs 234,928, expected gross profit Rs 65,070, ROI 0.28x"
MYS-01,MobiMart Devaraja Mohalla,M15,Vivo V51e,mid,30999,0.1402,26653,declining,0.9714285714285713,1,1000,4221.886662857142,0.15840193084670176,1,26653,4346.0598,False,"MobiMart Devaraja Mohalla: 1 units of Vivo V51e - expected demand 1.0/week, capital tied up Rs 26,653, expected gross profit Rs 4,346, ROI 0.16x"
BLR-08,MobiMart Electronic City,M16,Motorola Edge 70 Fusion,mid,23999,0.1383,20680,declining,3.9261904761904756,4,1000,13031.26843642857,0.15753467645585797,4,82720,13276.2468,False,"MobiMart Electronic City: 4 units of Motorola Edge 70 Fusion - expected demand 3.9/week, capital tied up Rs 82,720, expected gross profit Rs 13,276, ROI 0.16x"
BLR-08,MobiMart Electronic City,F20,Vivo X210 Pro,flagship,79999,0.1946,64431,ramping,0.644,1,1000,10025.6666776,0.1556031518616815,1,64431,15567.8054,False,"MobiMart Electronic City: 1 units of Vivo X210 Pro - expected demand 0.6/week, capital tied up Rs 64,431, expected gross profit Rs 15,568, ROI 0.24x"
BLR-02,MobiMart Koramangala,M18,Nothing Phone (4a),mid,29999,0.1426,25721,ramping,0.9309523809523809,1,1000,3982.4815319047616,0.1548338529569131,1,25721,4277.8574,False,"MobiMart Koramangala: 1 units of Nothing Phone (4a) - expected demand 0.9/week, capital tied up Rs 25,721, expected gross profit Rs 4,278, ROI 0.17x"
BLR-02,MobiMart Koramangala,M19,Samsung Galaxy A37,mid,33999,0.1426,29151,ramping,0.9309523809523809,1,1000,4513.49677,0.15483162738842576,1,29151,4848.2574,False,"MobiMart Koramangala: 1 units of Samsung Galaxy A37 - expected demand 0.9/week, capital tied up Rs 29,151, expected gross profit Rs 4,848, ROI 0.17x"
BLR-04,MobiMart Whitefield,F16,Xiaomi 16,flagship,67999,0.2027,54216,declining,0.6071428571428571,1,1000,8368.491217857141,0.15435464102584368,1,54216,13783.397299999999,False,"MobiMart Whitefield: 1 units of Xiaomi 16 - expected demand 0.6/week, capital tied up Rs 54,216, expected gross profit Rs 13,783, ROI 0.25x"
MYS-02,MobiMart Kuvempunagar,M16,Motorola Edge 70 Fusion,mid,23999,0.1383,20680,declining,1.9023809523809523,2,1000,6314.119757857143,0.15266246996753247,2,41360,6638.1234,False,"MobiMart Kuvempunagar: 2 units of Motorola Edge 70 Fusion - expected demand 1.9/week, capital tied up Rs 41,360, expected gross profit Rs 6,638, ROI 0.16x"
MAN-01,MobiMart Court Road,F14,Vivo X210,flagship,69999,0.1731,57882,declining,0.7285714285714285,1,1000,8827.973884285713,0.1525167389565964,1,57882,12116.8269,False,"MobiMart Court Road: 1 units of Vivo X210 - expected demand 0.7/week, capital tied up Rs 57,882, expected gross profit Rs 12,117, ROI 0.21x"
MAN-01,MobiMart Court Road,F17,iPhone 17 Pro Max,flagship,139900,0.2178,109430,ramping,0.5476190476190476,1,1000,16686.072857142855,0.152481703894205,1,109430,30470.219999999998,False,"MobiMart Court Road: 1 units of iPhone 17 Pro Max - expected demand 0.5/week, capital tied up Rs 109,430, expected gross profit Rs 30,470, ROI 0.28x"
MYS-02,MobiMart Kuvempunagar,M15,Vivo V51e,mid,30999,0.1402,26653,declining,1.861904761904762,2,1000,8091.949437142857,0.15180185039475588,2,53306,8692.1196,False,"MobiMart Kuvempunagar: 2 units of Vivo V51e - expected demand 1.9/week, capital tied up Rs 53,306, expected gross profit Rs 8,692, ROI 0.16x"
HUB-02,MobiMart Gokul Road,M15,Vivo V51e,mid,30999,0.1402,26653,declining,0.930952380952381,1,1000,4045.9747185714286,0.15180185039475588,1,26653,4346.0598,False,"MobiMart Gokul Road: 1 units of Vivo V51e - expected demand 0.9/week, capital tied up Rs 26,653, expected gross profit Rs 4,346, ROI 0.16x"
BLR-08,MobiMart Electronic City,F15,Pixel 10 Pro,flagship,114999,0.1999,92011,declining,0.6071428571428571,1,1000,13957.182203571427,0.1516903653212271,1,92011,22988.3001,False,"MobiMart Electronic City: 1 units of Pixel 10 Pro - expected demand 0.6/week, capital tied up Rs 92,011, expected gross profit Rs 22,988, ROI 0.25x"
BEL-01,MobiMart Cantonment,M12,Redmi Note 15,mid,19999,0.1391,17217,declining,0.930952380952381,1,1000,2589.7800283333336,0.15041993543203425,1,17217,2781.8609,False,"MobiMart Cantonment: 1 units of Redmi Note 15 - expected demand 0.9/week, capital tied up Rs 17,217, expected gross profit Rs 2,782, ROI 0.16x"
BLR-05,MobiMart Malleshwaram,M18,Nothing Phone (4a),mid,29999,0.1426,25721,ramping,1.807142857142857,2,1000,7730.699444285714,0.1502799161052392,2,51442,8555.7148,False,"MobiMart Malleshwaram: 2 units of Nothing Phone (4a) - expected demand 1.8/week, capital tied up Rs 51,442, expected gross profit Rs 8,556, ROI 0.17x"
BLR-02,MobiMart Koramangala,F19,OnePlus Open 3,flagship,124999,0.2152,98099,ramping,0.5476190476190476,1,1000,14730.834533333333,0.15016294287743334,1,98099,26899.7848,False,"MobiMart Koramangala: 1 units of OnePlus Open 3 - expected demand 0.5/week, capital tied up Rs 98,099, expected gross profit Rs 26,900, ROI 0.27x"
MAN-01,MobiMart Court Road,M15,Vivo V51e,mid,30999,0.1402,26653,declining,2.7523809523809524,3,1000,11962.012211428571,0.1496018235774406,3,79959,13038.179399999999,False,"MobiMart Court Road: 3 units of Vivo V51e - expected demand 2.8/week, capital tied up Rs 79,959, expected gross profit Rs 13,038, ROI 0.16x"
BLR-01,MobiMart Jayanagar,M17,POCO X8 Pro,mid,28999,0.1287,25267,peaking,2.0,2,1000,7464.342600000001,0.14770931649978233,2,50534,7464.342600000001,False,"MobiMart Jayanagar: 2 units of POCO X8 Pro - expected demand 2.0/week, capital tied up Rs 50,534, expected gross profit Rs 7,464, ROI 0.15x"
MAN-01,MobiMart Court Road,M04,OnePlus Nord CE5,mid,24999,0.1444,21389,near end-of-life,0.8699999999999999,1,1000,3140.5743719999996,0.1468312858011127,1,21389,3609.8556,False,"MobiMart Court Road: 1 units of OnePlus Nord CE5 - expected demand 0.9/week, capital tied up Rs 21,389, expected gross profit Rs 3,610, ROI 0.17x"
BLR-03,MobiMart Indiranagar,M18,Nothing Phone (4a),mid,29999,0.1426,25721,ramping,1.7523809523809522,2,1000,7496.435824761904,0.14572597925356526,2,51442,8555.7148,False,"MobiMart Indiranagar: 2 units of Nothing Phone (4a) - expected demand 1.8/week, capital tied up Rs 51,442, expected gross profit Rs 8,556, ROI 0.17x"
BLR-04,MobiMart Whitefield,M18,Nothing Phone (4a),mid,29999,0.1426,25721,ramping,1.7523809523809522,2,1000,7496.435824761904,0.14572597925356526,2,51442,8555.7148,False,"MobiMart Whitefield: 2 units of Nothing Phone (4a) - expected demand 1.8/week, capital tied up Rs 51,442, expected gross profit Rs 8,556, ROI 0.17x"
DAV-01,MobiMart PJ Extension,M18,Nothing Phone (4a),mid,29999,0.1426,25721,ramping,0.8761904761904761,1,1000,3748.217912380952,0.14572597925356526,1,25721,4277.8574,False,"MobiMart PJ Extension: 1 units of Nothing Phone (4a) - expected demand 0.9/week, capital tied up Rs 25,721, expected gross profit Rs 4,278, ROI 0.17x"
HOS-01,MobiMart Hosur Road,M18,Nothing Phone (4a),mid,29999,0.1426,25721,ramping,0.8761904761904761,1,1000,3748.217912380952,0.14572597925356526,1,25721,4277.8574,False,"MobiMart Hosur Road: 1 units of Nothing Phone (4a) - expected demand 0.9/week, capital tied up Rs 25,721, expected gross profit Rs 4,278, ROI 0.17x"
KAL-01,MobiMart KCD Road,M19,Samsung Galaxy A37,mid,33999,0.1426,29151,ramping,0.8761904761904761,1,1000,4247.9969599999995,0.1457238846008713,1,29151,4848.2574,False,"MobiMart KCD Road: 1 units of Samsung Galaxy A37 - expected demand 0.9/week, capital tied up Rs 29,151, expected gross profit Rs 4,848, ROI 0.17x"
BLR-03,MobiMart Indiranagar,M16,Motorola Edge 70 Fusion,mid,23999,0.1383,20680,declining,3.6023809523809525,4,1000,11956.524647857144,0.1445421258203233,4,82720,13276.2468,False,"MobiMart Indiranagar: 4 units of Motorola Edge 70 Fusion - expected demand 3.6/week, capital tied up Rs 82,720, expected gross profit Rs 13,276, ROI 0.16x"
BLR-08,MobiMart Electronic City,F16,Xiaomi 16,flagship,67999,0.2027,54216,declining,0.5666666666666667,1,1000,7810.591803333332,0.14406433162412077,1,54216,13783.397299999999,False,"MobiMart Electronic City: 1 units of Xiaomi 16 - expected demand 0.6/week, capital tied up Rs 54,216, expected gross profit Rs 13,783, ROI 0.25x"
SHI-01,MobiMart Vidya Nagar,F16,Xiaomi 16,flagship,67999,0.2027,54216,declining,0.5666666666666667,1,1000,7810.591803333332,0.14406433162412077,1,54216,13783.397299999999,False,"MobiMart Vidya Nagar: 1 units of Xiaomi 16 - expected demand 0.6/week, capital tied up Rs 54,216, expected gross profit Rs 13,783, ROI 0.25x"
BLR-02,MobiMart Koramangala,M12,Redmi Note 15,mid,19999,0.1391,17217,declining,0.8904761904761905,1,1000,2477.1808966666667,0.1438799382393371,1,17217,2781.8609,False,"MobiMart Koramangala: 1 units of Redmi Note 15 - expected demand 0.9/week, capital tied up Rs 17,217, expected gross profit Rs 2,782, ROI 0.16x"
HUB-01,MobiMart Vidya Nagar,M12,Redmi Note 15,mid,19999,0.1391,17217,declining,0.8904761904761905,1,1000,2477.1808966666667,0.1438799382393371,1,17217,2781.8609,False,"MobiMart Vidya Nagar: 1 units of Redmi Note 15 - expected demand 0.9/week, capital tied up Rs 17,217, expected gross profit Rs 2,782, ROI 0.16x"
HUB-02,MobiMart Gokul Road,M12,Redmi Note 15,mid,19999,0.1391,17217,declining,0.8904761904761905,1,1000,2477.1808966666667,0.1438799382393371,1,17217,2781.8609,False,"MobiMart Gokul Road: 1 units of Redmi Note 15 - expected demand 0.9/week, capital tied up Rs 17,217, expected gross profit Rs 2,782, ROI 0.16x"
TUM-01,MobiMart MG Road,M12,Redmi Note 15,mid,19999,0.1391,17217,declining,0.8904761904761905,1,1000,2477.1808966666667,0.1438799382393371,1,17217,2781.8609,False,"MobiMart MG Road: 1 units of Redmi Note 15 - expected demand 0.9/week, capital tied up Rs 17,217, expected gross profit Rs 2,782, ROI 0.16x"
BLR-03,MobiMart Indiranagar,M15,Vivo V51e,mid,30999,0.1402,26653,declining,2.630952380952381,3,1000,11434.276378571427,0.14300174312549466,3,79959,13038.179399999999,False,"MobiMart Indiranagar: 3 units of Vivo V51e - expected demand 2.6/week, capital tied up Rs 79,959, expected gross profit Rs 13,038, ROI 0.16x"
BLR-03,MobiMart Indiranagar,F12,iPhone 17 Pro,flagship,124900,0.213,98296,declining,0.5261904761904762,1,1000,13998.61357142857,0.14241285069004406,1,98296,26603.7,False,"MobiMart Indiranagar: 1 units of iPhone 17 Pro - expected demand 0.5/week, capital tied up Rs 98,296, expected gross profit Rs 26,604, ROI 0.27x"
BEL-02,MobiMart Tilakwadi,F12,iPhone 17 Pro,flagship,124900,0.213,98296,declining,0.5261904761904762,1,1000,13998.61357142857,0.14241285069004406,1,98296,26603.7,False,"MobiMart Tilakwadi: 1 units of iPhone 17 Pro - expected demand 0.5/week, capital tied up Rs 98,296, expected gross profit Rs 26,604, ROI 0.27x"
BLR-08,MobiMart Electronic City,M04,OnePlus Nord CE5,mid,24999,0.1444,21389,near end-of-life,0.8400000000000001,1,1000,3032.2787040000007,0.14176813801486748,1,21389,3609.8556,False,"MobiMart Electronic City: 1 units of OnePlus Nord CE5 - expected demand 0.8/week, capital tied up Rs 21,389, expected gross profit Rs 3,610, ROI 0.17x"
BEL-01,MobiMart Cantonment,M14,OnePlus Nord CE6,mid,25999,0.1259,22726,declining,0.9714285714285713,1,1000,3179.751982857143,0.1399169225933795,1,22726,3273.2741,False,"MobiMart Cantonment: 1 units of OnePlus Nord CE6 - expected demand 1.0/week, capital tied up Rs 22,726, expected gross profit Rs 3,273, ROI 0.14x"
MAN-02,MobiMart Kottara,M16,Motorola Edge 70 Fusion,mid,23999,0.1383,20680,declining,1.7404761904761903,2,1000,5776.747863571428,0.13966991933199777,2,41360,6638.1234,False,"MobiMart Kottara: 2 units of Motorola Edge 70 Fusion - expected demand 1.7/week, capital tied up Rs 41,360, expected gross profit Rs 6,638, ROI 0.16x"
BLR-02,MobiMart Koramangala,M15,Vivo V51e,mid,30999,0.1402,26653,declining,1.7,2,1000,7388.301659999999,0.13860168949086404,2,53306,8692.1196,False,"MobiMart Koramangala: 2 units of Vivo V51e - expected demand 1.7/week, capital tied up Rs 53,306, expected gross profit Rs 8,692, ROI 0.16x"
BLR-01,MobiMart Jayanagar,F11,Samsung Galaxy S26,flagship,79999,0.1658,66735,near end-of-life,0.6904761904761905,1,1000,9158.36170952381,0.13723476001384297,1,66735,13263.8342,False,"MobiMart Jayanagar: 1 units of Samsung Galaxy S26 - expected demand 0.7/week, capital tied up Rs 66,735, expected gross profit Rs 13,264, ROI 0.20x"
BLR-08,MobiMart Electronic City,F17,iPhone 17 Pro Max,flagship,139900,0.2178,109430,ramping,0.49285714285714277,1,1000,15017.46557142857,0.1372335335047845,1,109430,30470.219999999998,False,"MobiMart Electronic City: 1 units of iPhone 17 Pro Max - expected demand 0.5/week, capital tied up Rs 109,430, expected gross profit Rs 30,470, ROI 0.28x"
MYS-02,MobiMart Kuvempunagar,F17,iPhone 17 Pro Max,flagship,139900,0.2178,109430,ramping,0.49285714285714277,1,1000,15017.46557142857,0.1372335335047845,1,109430,30470.219999999998,False,"MobiMart Kuvempunagar: 1 units of iPhone 17 Pro Max - expected demand 0.5/week, capital tied up Rs 109,430, expected gross profit Rs 30,470, ROI 0.28x"
MAN-01,MobiMart Court Road,M18,Nothing Phone (4a),mid,29999,0.1426,25721,ramping,0.8214285714285714,1,1000,3513.9542928571427,0.13661810555021744,1,25721,4277.8574,False,"MobiMart Court Road: 1 units of Nothing Phone (4a) - expected demand 0.8/week, capital tied up Rs 25,721, expected gross profit Rs 4,278, ROI 0.17x"
BLR-04,MobiMart Whitefield,M19,Samsung Galaxy A37,mid,33999,0.1426,29151,ramping,0.8214285714285714,1,1000,3982.49715,0.13661614181331688,1,29151,4848.2574,False,"MobiMart Whitefield: 1 units of Samsung Galaxy A37 - expected demand 0.8/week, capital tied up Rs 29,151, expected gross profit Rs 4,848, ROI 0.17x"
DAV-01,MobiMart PJ Extension,M16,Motorola Edge 70 Fusion,mid,23999,0.1383,20680,declining,0.85,1,1000,2821.202445,0.1364217816731141,1,20680,3319.0617,False,"MobiMart PJ Extension: 1 units of Motorola Edge 70 Fusion - expected demand 0.8/week, capital tied up Rs 20,680, expected gross profit Rs 3,319, ROI 0.16x"
BLR-04,MobiMart Whitefield,F14,Vivo X210,flagship,69999,0.1731,57882,declining,1.295238095238095,2,1000,15694.175794285713,0.1355704346280857,2,115764,24233.6538,False,"MobiMart Whitefield: 2 units of Vivo X210 - expected demand 1.3/week, capital tied up Rs 115,764, expected gross profit Rs 24,234, ROI 0.21x"
HUB-01,MobiMart Vidya Nagar,M15,Vivo V51e,mid,30999,0.1402,26653,declining,1.6595238095238094,2,1000,7212.389715714285,0.1353016492648911,2,53306,8692.1196,False,"MobiMart Vidya Nagar: 2 units of Vivo V51e - expected demand 1.7/week, capital tied up Rs 53,306, expected gross profit Rs 8,692, ROI 0.16x"
BLR-05,MobiMart Malleshwaram,M14,OnePlus Nord CE6,mid,25999,0.1259,22726,declining,0.930952380952381,1,1000,3047.262316904762,0.13408705081865538,1,22726,3273.2741,False,"MobiMart Malleshwaram: 1 units of OnePlus Nord CE6 - expected demand 0.9/week, capital tied up Rs 22,726, expected gross profit Rs 3,273, ROI 0.14x"
BLR-06,MobiMart Rajajinagar,M16,Motorola Edge 70 Fusion,mid,23999,0.1383,20680,declining,1.6595238095238094,2,1000,5508.061916428572,0.13317364401423046,2,41360,6638.1234,False,"MobiMart Rajajinagar: 2 units of Motorola Edge 70 Fusion - expected demand 1.7/week, capital tied up Rs 41,360, expected gross profit Rs 6,638, ROI 0.16x"
BLR-05,MobiMart Malleshwaram,M17,POCO X8 Pro,mid,28999,0.1287,25267,peaking,2.7,3,1000,10076.86251,0.1329383848498041,3,75801,11196.5139,False,"MobiMart Malleshwaram: 3 units of POCO X8 Pro - expected demand 2.7/week, capital tied up Rs 75,801, expected gross profit Rs 11,197, ROI 0.15x"
BLR-05,MobiMart Malleshwaram,F18,Samsung Galaxy Z Fold8,flagship,149999,0.2169,117464,ramping,0.4784,1,1000,15564.640235039999,0.13250562074371722,1,117464,32534.7831,False,"MobiMart Malleshwaram: 1 units of Samsung Galaxy Z Fold8 - expected demand 0.5/week, capital tied up Rs 117,464, expected gross profit Rs 32,535, ROI 0.28x"
BLR-04,MobiMart Whitefield,M15,Vivo V51e,mid,30999,0.1402,26653,declining,2.4285714285714284,3,1000,10554.716657142855,0.13200160903891814,3,79959,13038.179399999999,False,"MobiMart Whitefield: 3 units of Vivo V51e - expected demand 2.4/week, capital tied up Rs 79,959, expected gross profit Rs 13,038, ROI 0.16x"
BLR-08,MobiMart Electronic City,M15,Vivo V51e,mid,30999,0.1402,26653,declining,2.4285714285714284,3,1000,10554.716657142855,0.13200160903891814,3,79959,13038.179399999999,False,"MobiMart Electronic City: 3 units of Vivo V51e - expected demand 2.4/week, capital tied up Rs 79,959, expected gross profit Rs 13,038, ROI 0.16x"
BLR-03,MobiMart Indiranagar,M20,OnePlus Nord 6,mid,31999,0.1186,28204,ramping,2.91525,3,1000,11063.611051349999,0.13075699725039,3,84612,11385.2442,False,"MobiMart Indiranagar: 3 units of OnePlus Nord 6 - expected demand 2.9/week, capital tied up Rs 84,612, expected gross profit Rs 11,385, ROI 0.13x"
MAN-01,MobiMart Court Road,M17,POCO X8 Pro,mid,28999,0.1287,25267,peaking,5.3,6,1000,19780.50789,0.13047656290814105,6,151602,22393.0278,False,"MobiMart Court Road: 6 units of POCO X8 Pro - expected demand 5.3/week, capital tied up Rs 151,602, expected gross profit Rs 22,393, ROI 0.15x"
KAL-01,MobiMart KCD Road,M17,POCO X8 Pro,mid,28999,0.1287,25267,peaking,2.65,3,1000,9890.253945,0.13047656290814105,3,75801,11196.5139,False,"MobiMart KCD Road: 3 units of POCO X8 Pro - expected demand 2.6/week, capital tied up Rs 75,801, expected gross profit Rs 11,197, ROI 0.15x"
BLR-08,MobiMart Electronic City,M20,OnePlus Nord 6,mid,31999,0.1186,28204,ramping,1.932,2,1000,7332.0972648,0.1299832872074883,2,56408,7590.1628,False,"MobiMart Electronic City: 2 units of OnePlus Nord 6 - expected demand 1.9/week, capital tied up Rs 56,408, expected gross profit Rs 7,590, ROI 0.13x"
BLR-05,MobiMart Malleshwaram,M16,Motorola Edge 70 Fusion,mid,23999,0.1383,20680,declining,1.6190476190476188,2,1000,5373.718942857142,0.12992550635534675,2,41360,6638.1234,False,"MobiMart Malleshwaram: 2 units of Motorola Edge 70 Fusion - expected demand 1.6/week, capital tied up Rs 41,360, expected gross profit Rs 6,638, ROI 0.16x"
TUM-01,MobiMart MG Road,M16,Motorola Edge 70 Fusion,mid,23999,0.1383,20680,declining,1.6190476190476188,2,1000,5373.718942857142,0.12992550635534675,2,41360,6638.1234,False,"MobiMart MG Road: 2 units of Motorola Edge 70 Fusion - expected demand 1.6/week, capital tied up Rs 41,360, expected gross profit Rs 6,638, ROI 0.16x"
MAN-01,MobiMart Court Road,M03,Realme 14 Pro,mid,27999,0.1295,24373,near end-of-life,0.8699999999999999,1,1000,3154.507335,0.12942630513272882,1,24373,3625.8705,False,"MobiMart Court Road: 1 units of Realme 14 Pro - expected demand 0.9/week, capital tied up Rs 24,373, expected gross profit Rs 3,626, ROI 0.15x"
HUB-01,MobiMart Vidya Nagar,F17,iPhone 17 Pro Max,flagship,139900,0.2178,109430,ramping,0.4646,1,1000,14156.464211999999,0.12936547758384354,1,109430,30470.219999999998,False,"MobiMart Vidya Nagar: 1 units of iPhone 17 Pro Max - expected demand 0.5/week, capital tied up Rs 109,430, expected gross profit Rs 30,470, ROI 0.28x"
BLR-04,MobiMart Whitefield,M17,POCO X8 Pro,mid,28999,0.1287,25267,peaking,1.7500000000000002,2,1000,6531.299775000001,0.12924565193730955,2,50534,7464.342600000001,False,"MobiMart Whitefield: 2 units of POCO X8 Pro - expected demand 1.8/week, capital tied up Rs 50,534, expected gross profit Rs 7,464, ROI 0.15x"
BLR-04,MobiMart Whitefield,M20,OnePlus Nord 6,mid,31999,0.1186,28204,ramping,2.8703999999999996,3,1000,10893.401650559998,0.12874535113884553,3,84612,11385.2442,False,"MobiMart Whitefield: 3 units of OnePlus Nord 6 - expected demand 2.9/week, capital tied up Rs 84,612, expected gross profit Rs 11,385, ROI 0.13x"
HUB-01,MobiMart Vidya Nagar,F18,Samsung Galaxy Z Fold8,flagship,149999,0.2169,117464,ramping,0.4646,1,1000,15115.660228260002,0.12868334322226385,1,117464,32534.7831,False,"MobiMart Vidya Nagar: 1 units of Samsung Galaxy Z Fold8 - expected demand 0.5/week, capital tied up Rs 117,464, expected gross profit Rs 32,535, ROI 0.28x"
BLR-02,MobiMart Koramangala,M14,OnePlus Nord CE6,mid,25999,0.1259,22726,declining,1.780952380952381,2,1000,5829.545301904763,0.12825717904393125,2,45452,6546.5482,False,"MobiMart Koramangala: 2 units of OnePlus Nord CE6 - expected demand 1.8/week, capital tied up Rs 45,452, expected gross profit Rs 6,547, ROI 0.14x"
DAV-01,MobiMart PJ Extension,M14,OnePlus Nord CE6,mid,25999,0.1259,22726,declining,0.8904761904761905,1,1000,2914.7726509523814,0.12825717904393125,1,22726,3273.2741,False,"MobiMart PJ Extension: 1 units of OnePlus Nord CE6 - expected demand 0.9/week, capital tied up Rs 22,726, expected gross profit Rs 3,273, ROI 0.14x"
BEL-02,MobiMart Tilakwadi,M14,OnePlus Nord CE6,mid,25999,0.1259,22726,declining,0.8904761904761905,1,1000,2914.7726509523814,0.12825717904393125,1,22726,3273.2741,False,"MobiMart Tilakwadi: 1 units of OnePlus Nord CE6 - expected demand 0.9/week, capital tied up Rs 22,726, expected gross profit Rs 3,273, ROI 0.14x"
BLR-06,MobiMart Rajajinagar,M15,Vivo V51e,mid,30999,0.1402,26653,declining,2.3476190476190477,3,1000,10202.89276857143,0.12760155540428758,3,79959,13038.179399999999,False,"MobiMart Rajajinagar: 3 units of Vivo V51e - expected demand 2.3/week, capital tied up Rs 79,959, expected gross profit Rs 13,038, ROI 0.16x"
MAN-01,MobiMart Court Road,M12,Redmi Note 15,mid,19999,0.1391,17217,declining,1.5785714285714285,2,1000,4391.366135,0.12752994525759426,2,34434,5563.7218,False,"MobiMart Court Road: 2 units of Redmi Note 15 - expected demand 1.6/week, capital tied up Rs 34,434, expected gross profit Rs 5,564, ROI 0.16x"
HUB-01,MobiMart Vidya Nagar,F19,OnePlus Open 3,flagship,124999,0.2152,98099,ramping,0.4646,1,1000,12497.640018080001,0.12739824073721445,1,98099,26899.7848,False,"MobiMart Vidya Nagar: 1 units of OnePlus Open 3 - expected demand 0.5/week, capital tied up Rs 98,099, expected gross profit Rs 26,900, ROI 0.27x"
BLR-04,MobiMart Whitefield,M16,Motorola Edge 70 Fusion,mid,23999,0.1383,20680,declining,3.157142857142857,4,1000,10478.75193857143,0.12667736869646312,4,82720,13276.2468,False,"MobiMart Whitefield: 4 units of Motorola Edge 70 Fusion - expected demand 3.2/week, capital tied up Rs 82,720, expected gross profit Rs 13,276, ROI 0.16x"
BLR-01,MobiMart Jayanagar,M16,Motorola Edge 70 Fusion,mid,23999,0.1383,20680,declining,1.5785714285714285,2,1000,5239.375969285715,0.12667736869646312,2,41360,6638.1234,False,"MobiMart Jayanagar: 2 units of Motorola Edge 70 Fusion - expected demand 1.6/week, capital tied up Rs 41,360, expected gross profit Rs 6,638, ROI 0.16x"
KOL-01,MobiMart Station Road,M20,OnePlus Nord 6,mid,31999,0.1186,28204,ramping,0.9384,1,1000,3561.30438576,0.12626947900156008,1,28204,3795.0814,False,"MobiMart Station Road: 1 units of OnePlus Nord 6 - expected demand 0.9/week, capital tied up Rs 28,204, expected gross profit Rs 3,795, ROI 0.13x"
BLR-01,MobiMart Jayanagar,M15,Vivo V51e,mid,30999,0.1402,26653,declining,1.538095238095238,2,1000,6684.653882857142,0.12540152858697223,2,53306,8692.1196,False,"MobiMart Jayanagar: 2 units of Vivo V51e - expected demand 1.5/week, capital tied up Rs 53,306, expected gross profit Rs 8,692, ROI 0.16x"
BLR-08,MobiMart Electronic City,M14,OnePlus Nord CE6,mid,25999,0.1259,22726,declining,1.7404761904761903,2,1000,5697.055635952381,0.12534224315656914,2,45452,6546.5482,False,"MobiMart Electronic City: 2 units of OnePlus Nord CE6 - expected demand 1.7/week, capital tied up Rs 45,452, expected gross profit Rs 6,547, ROI 0.14x"
BEL-01,MobiMart Cantonment,F19,OnePlus Open 3,flagship,124999,0.2152,98099,ramping,0.45539999999999997,1,1000,12250.161997919999,0.12487550329687355,1,98099,26899.7848,False,"MobiMart Cantonment: 1 units of OnePlus Open 3 - expected demand 0.5/week, capital tied up Rs 98,099, expected gross profit Rs 26,900, ROI 0.27x"
BLR-06,MobiMart Rajajinagar,F18,Samsung Galaxy Z Fold8,flagship,149999,0.2169,117464,ramping,0.4508,1,1000,14666.68022148,0.12486106570081046,1,117464,32534.7831,False,"MobiMart Rajajinagar: 1 units of Samsung Galaxy Z Fold8 - expected demand 0.5/week, capital tied up Rs 117,464, expected gross profit Rs 32,535, ROI 0.28x"
BLR-02,MobiMart Koramangala,F20,Vivo X210 Pro,flagship,79999,0.1946,64431,ramping,1.0315499999999997,2,1000,16058.969660369998,0.12462145287493596,2,128862,31135.6108,False,"MobiMart Koramangala: 2 units of Vivo X210 Pro - expected demand 1.0/week, capital tied up Rs 128,862, expected gross profit Rs 31,136, ROI 0.24x"
BLR-08,MobiMart Electronic City,M02,Redmi Note 14,mid,18999,0.129,16548,near end-of-life,0.8400000000000001,1,1000,2058.7316400000004,0.12440969543147211,1,16548,2450.871,False,"MobiMart Electronic City: 1 units of Redmi Note 14 - expected demand 0.8/week, capital tied up Rs 16,548, expected gross profit Rs 2,451, ROI 0.15x"
KOL-01,MobiMart Station Road,M12,Redmi Note 15,mid,19999,0.1391,17217,declining,0.769047619047619,1,1000,2139.3835016666667,0.12425994666124567,1,17217,2781.8609,False,"MobiMart Station Road: 1 units of Redmi Note 15 - expected demand 0.8/week, capital tied up Rs 17,217, expected gross profit Rs 2,782, ROI 0.16x"
BLR-06,MobiMart Rajajinagar,F19,OnePlus Open 3,flagship,124999,0.2152,98099,ramping,0.4508,1,1000,12126.422987839998,0.1236141345767031,1,98099,26899.7848,False,"MobiMart Rajajinagar: 1 units of OnePlus Open 3 - expected demand 0.5/week, capital tied up Rs 98,099, expected gross profit Rs 26,900, ROI 0.27x"
MYS-01,MobiMart Devaraja Mohalla,F17,iPhone 17 Pro Max,flagship,139900,0.2178,109430,ramping,0.4416,1,1000,13455.649151999998,0.12296124602028692,1,109430,30470.219999999998,False,"MobiMart Devaraja Mohalla: 1 units of iPhone 17 Pro Max - expected demand 0.4/week, capital tied up Rs 109,430, expected gross profit Rs 30,470, ROI 0.28x"
BLR-01,MobiMart Jayanagar,M20,OnePlus Nord 6,mid,31999,0.1186,28204,ramping,2.7358499999999997,3,1000,10382.773448189999,0.12271041280421216,3,84612,11385.2442,False,"MobiMart Jayanagar: 3 units of OnePlus Nord 6 - expected demand 2.7/week, capital tied up Rs 84,612, expected gross profit Rs 11,385, ROI 0.13x"
MYS-02,MobiMart Kuvempunagar,M14,OnePlus Nord CE6,mid,25999,0.1259,22726,declining,0.85,1,1000,2782.282985,0.12242730726920707,1,22726,3273.2741,False,"MobiMart Kuvempunagar: 1 units of OnePlus Nord CE6 - expected demand 0.8/week, capital tied up Rs 22,726, expected gross profit Rs 3,273, ROI 0.14x"
HOS-01,MobiMart Hosur Road,M14,OnePlus Nord CE6,mid,25999,0.1259,22726,declining,0.85,1,1000,2782.282985,0.12242730726920707,1,22726,3273.2741,False,"MobiMart Hosur Road: 1 units of OnePlus Nord CE6 - expected demand 0.8/week, capital tied up Rs 22,726, expected gross profit Rs 3,273, ROI 0.14x"
UDU-01,MobiMart Udupi Main Road,M13,Realme 15 Pro,mid,28999,0.1139,25696,declining,1.9023809523809523,2,1000,6283.537842619047,0.12226684780936814,2,51392,6605.9722,False,"MobiMart Udupi Main Road: 2 units of Realme 15 Pro - expected demand 1.9/week, capital tied up Rs 51,392, expected gross profit Rs 6,606, ROI 0.13x"
SHI-01,MobiMart Vidya Nagar,M15,Vivo V51e,mid,30999,0.1402,26653,declining,1.4976190476190476,2,1000,6508.741938571428,0.1221014883609993,2,53306,8692.1196,False,"MobiMart Vidya Nagar: 2 units of Vivo V51e - expected demand 1.5/week, capital tied up Rs 53,306, expected gross profit Rs 8,692, ROI 0.16x"
BLR-01,MobiMart Jayanagar,F17,iPhone 17 Pro Max,flagship,139900,0.2178,109430,ramping,0.43809523809523804,1,1000,13348.858285714283,0.12198536311536401,1,109430,30470.219999999998,False,"MobiMart Jayanagar: 1 units of iPhone 17 Pro Max - expected demand 0.4/week, capital tied up Rs 109,430, expected gross profit Rs 30,470, ROI 0.28x"
BLR-07,MobiMart Yelahanka,M17,POCO X8 Pro,mid,28999,0.1287,25267,peaking,1.6500000000000001,2,1000,6158.082645000001,0.12186018611232044,2,50534,7464.342600000001,False,"MobiMart Yelahanka: 2 units of POCO X8 Pro - expected demand 1.7/week, capital tied up Rs 50,534, expected gross profit Rs 7,464, ROI 0.15x"
MYS-01,MobiMart Devaraja Mohalla,M17,POCO X8 Pro,mid,28999,0.1287,25267,peaking,1.6500000000000001,2,1000,6158.082645000001,0.12186018611232044,2,50534,7464.342600000001,False,"MobiMart Devaraja Mohalla: 2 units of POCO X8 Pro - expected demand 1.7/week, capital tied up Rs 50,534, expected gross profit Rs 7,464, ROI 0.15x"
DAV-02,MobiMart MCC B Block,M17,POCO X8 Pro,mid,28999,0.1287,25267,peaking,1.6500000000000001,2,1000,6158.082645000001,0.12186018611232044,2,50534,7464.342600000001,False,"MobiMart MCC B Block: 2 units of POCO X8 Pro - expected demand 1.7/week, capital tied up Rs 50,534, expected gross profit Rs 7,464, ROI 0.15x"
MAN-02,MobiMart Kottara,M18,Nothing Phone (4a),mid,29999,0.1426,25721,ramping,2.1904761904761902,3,1000,9370.544780952381,0.12143831604463773,3,77163,12833.5722,False,"MobiMart Kottara: 3 units of Nothing Phone (4a) - expected demand 2.2/week, capital tied up Rs 77,163, expected gross profit Rs 12,834, ROI 0.17x"
MYS-01,MobiMart Devaraja Mohalla,F19,OnePlus Open 3,flagship,124999,0.2152,98099,ramping,0.4416,1,1000,11878.944967680001,0.12109139713636226,1,98099,26899.7848,False,"MobiMart Devaraja Mohalla: 1 units of OnePlus Open 3 - expected demand 0.4/week, capital tied up Rs 98,099, expected gross profit Rs 26,900, ROI 0.27x"
BLR-05,MobiMart Malleshwaram,M15,Vivo V51e,mid,30999,0.1402,26653,declining,2.2261904761904763,3,1000,9675.156935714287,0.12100147495234166,3,79959,13038.179399999999,False,"MobiMart Malleshwaram: 3 units of Vivo V51e - expected demand 2.2/week, capital tied up Rs 79,959, expected gross profit Rs 13,038, ROI 0.16x"
KOL-01,MobiMart Station Road,M14,OnePlus Nord CE6,mid,25999,0.1259,22726,declining,1.6595238095238094,2,1000,5432.0763040476195,0.119512371381845,2,45452,6546.5482,False,"MobiMart Station Road: 2 units of OnePlus Nord CE6 - expected demand 1.7/week, capital tied up Rs 45,452, expected gross profit Rs 6,547, ROI 0.14x"
DAV-01,MobiMart PJ Extension,F17,iPhone 17 Pro Max,flagship,139900,0.2178,109430,ramping,0.4278,1,1000,13035.160116,0.11911870708215297,1,109430,30470.219999999998,False,"MobiMart PJ Extension: 1 units of iPhone 17 Pro Max - expected demand 0.4/week, capital tied up Rs 109,430, expected gross profit Rs 30,470, ROI 0.28x"
BEL-01,MobiMart Cantonment,M15,Vivo V51e,mid,30999,0.1402,26653,declining,1.457142857142857,2,1000,6332.829994285714,0.11880144813502634,2,53306,8692.1196,False,"MobiMart Cantonment: 2 units of Vivo V51e - expected demand 1.5/week, capital tied up Rs 53,306, expected gross profit Rs 8,692, ROI 0.16x"
UDU-01,MobiMart Udupi Main Road,M15,Vivo V51e,mid,30999,0.1402,26653,declining,0.7285714285714285,1,1000,3166.414997142857,0.11880144813502634,1,26653,4346.0598,False,"MobiMart Udupi Main Road: 1 units of Vivo V51e - expected demand 0.7/week, capital tied up Rs 26,653, expected gross profit Rs 4,346, ROI 0.16x"
KOL-01,MobiMart Station Road,M15,Vivo V51e,mid,30999,0.1402,26653,declining,0.7285714285714285,1,1000,3166.414997142857,0.11880144813502634,1,26653,4346.0598,False,"MobiMart Station Road: 1 units of Vivo V51e - expected demand 0.7/week, capital tied up Rs 26,653, expected gross profit Rs 4,346, ROI 0.16x"
DAV-01,MobiMart PJ Extension,F18,Samsung Galaxy Z Fold8,flagship,149999,0.2169,117464,ramping,0.4278,1,1000,13918.380210180001,0.11849060316505483,1,117464,32534.7831,False,"MobiMart PJ Extension: 1 units of Samsung Galaxy Z Fold8 - expected demand 0.4/week, capital tied up Rs 117,464, expected gross profit Rs 32,535, ROI 0.28x"
TUM-01,MobiMart MG Road,M18,Nothing Phone (4a),mid,29999,0.1426,25721,ramping,1.4238095238095239,2,1000,6090.854107619048,0.11840235814352179,2,51442,8555.7148,False,"MobiMart MG Road: 2 units of Nothing Phone (4a) - expected demand 1.4/week, capital tied up Rs 51,442, expected gross profit Rs 8,556, ROI 0.17x"
BLR-06,MobiMart Rajajinagar,M18,Nothing Phone (4a),mid,29999,0.1426,25721,ramping,0.7119047619047619,1,1000,3045.427053809524,0.11840235814352179,1,25721,4277.8574,False,"MobiMart Rajajinagar: 1 units of Nothing Phone (4a) - expected demand 0.7/week, capital tied up Rs 25,721, expected gross profit Rs 4,278, ROI 0.17x"
BLR-03,MobiMart Indiranagar,M17,POCO X8 Pro,mid,28999,0.1287,25267,peaking,1.6,2,1000,5971.474080000001,0.11816745319982588,2,50534,7464.342600000001,False,"MobiMart Indiranagar: 2 units of POCO X8 Pro - expected demand 1.6/week, capital tied up Rs 50,534, expected gross profit Rs 7,464, ROI 0.15x"
BLR-05,MobiMart Malleshwaram,M12,Redmi Note 15,mid,19999,0.1391,17217,declining,0.7285714285714285,1,1000,2026.7843699999999,0.11771994946854852,1,17217,2781.8609,False,"MobiMart Malleshwaram: 1 units of Redmi Note 15 - expected demand 0.7/week, capital tied up Rs 17,217, expected gross profit Rs 2,782, ROI 0.16x"
BLR-06,MobiMart Rajajinagar,M12,Redmi Note 15,mid,19999,0.1391,17217,declining,0.7285714285714285,1,1000,2026.7843699999999,0.11771994946854852,1,17217,2781.8609,False,"MobiMart Rajajinagar: 1 units of Redmi Note 15 - expected demand 0.7/week, capital tied up Rs 17,217, expected gross profit Rs 2,782, ROI 0.16x"
DAV-01,MobiMart PJ Extension,F19,OnePlus Open 3,flagship,124999,0.2152,98099,ramping,0.4278,1,1000,11507.72793744,0.11730729097585094,1,98099,26899.7848,False,"MobiMart PJ Extension: 1 units of OnePlus Open 3 - expected demand 0.4/week, capital tied up Rs 98,099, expected gross profit Rs 26,900, ROI 0.27x"
BLR-02,MobiMart Koramangala,M16,Motorola Edge 70 Fusion,mid,23999,0.1383,20680,declining,2.185714285714286,3,1000,7254.5205728571445,0.11693295571981213,3,62040,9957.1851,False,"MobiMart Koramangala: 3 units of Motorola Edge 70 Fusion - expected demand 2.2/week, capital tied up Rs 62,040, expected gross profit Rs 9,957, ROI 0.16x"
BLR-07,MobiMart Yelahanka,M16,Motorola Edge 70 Fusion,mid,23999,0.1383,20680,declining,2.185714285714286,3,1000,7254.5205728571445,0.11693295571981213,3,62040,9957.1851,False,"MobiMart Yelahanka: 3 units of Motorola Edge 70 Fusion - expected demand 2.2/week, capital tied up Rs 62,040, expected gross profit Rs 9,957, ROI 0.16x"
UDU-01,MobiMart Udupi Main Road,M16,Motorola Edge 70 Fusion,mid,23999,0.1383,20680,declining,1.457142857142857,2,1000,4836.347048571429,0.1169329557198121,2,41360,6638.1234,False,"MobiMart Udupi Main Road: 2 units of Motorola Edge 70 Fusion - expected demand 1.5/week, capital tied up Rs 41,360, expected gross profit Rs 6,638, ROI 0.16x"
DAV-02,MobiMart MCC B Block,M16,Motorola Edge 70 Fusion,mid,23999,0.1383,20680,declining,0.7285714285714285,1,1000,2418.1735242857144,0.1169329557198121,1,20680,3319.0617,False,"MobiMart MCC B Block: 1 units of Motorola Edge 70 Fusion - expected demand 0.7/week, capital tied up Rs 20,680, expected gross profit Rs 3,319, ROI 0.16x"
BLR-02,MobiMart Koramangala,F03,OnePlus 13,flagship,69999,0.2067,55530,near end-of-life,0.44849999999999995,1,1000,6489.253795049999,0.11686032405996757,1,55530,14468.7933,False,"MobiMart Koramangala: 1 units of OnePlus 13 - expected demand 0.4/week, capital tied up Rs 55,530, expected gross profit Rs 14,469, ROI 0.26x"
MYS-01,MobiMart Devaraja Mohalla,M14,OnePlus Nord CE6,mid,25999,0.1259,22726,declining,0.8095238095238094,1,1000,2649.793319047619,0.11659743549448294,1,22726,3273.2741,False,"MobiMart Devaraja Mohalla: 1 units of OnePlus Nord CE6 - expected demand 0.8/week, capital tied up Rs 22,726, expected gross profit Rs 3,273, ROI 0.14x"
TUM-02,MobiMart SS Puram,M14,OnePlus Nord CE6,mid,25999,0.1259,22726,declining,0.8095238095238094,1,1000,2649.793319047619,0.11659743549448294,1,22726,3273.2741,False,"MobiMart SS Puram: 1 units of OnePlus Nord CE6 - expected demand 0.8/week, capital tied up Rs 22,726, expected gross profit Rs 3,273, ROI 0.14x"
HUB-01,MobiMart Vidya Nagar,M14,OnePlus Nord CE6,mid,25999,0.1259,22726,declining,2.4285714285714284,3,1000,7949.379957142857,0.11659743549448293,3,68178,9819.822300000002,False,"MobiMart Vidya Nagar: 3 units of OnePlus Nord CE6 - expected demand 2.4/week, capital tied up Rs 68,178, expected gross profit Rs 9,820, ROI 0.14x"
BLR-07,MobiMart Yelahanka,F17,iPhone 17 Pro Max,flagship,139900,0.2178,109430,ramping,0.4186,1,1000,12754.834092000001,0.11655701445673033,1,109430,30470.219999999998,False,"MobiMart Yelahanka: 1 units of iPhone 17 Pro Max - expected demand 0.4/week, capital tied up Rs 109,430, expected gross profit Rs 30,470, ROI 0.28x"
HUB-01,MobiMart Vidya Nagar,M18,Nothing Phone (4a),mid,29999,0.1426,25721,ramping,1.3938000000000001,2,1000,5962.47764412,0.11590680074880448,2,51442,8555.7148,False,"MobiMart Vidya Nagar: 2 units of Nothing Phone (4a) - expected demand 1.4/week, capital tied up Rs 51,442, expected gross profit Rs 8,556, ROI 0.17x"
BLR-08,MobiMart Electronic City,M17,POCO X8 Pro,mid,28999,0.1287,25267,peaking,2.35,3,1000,8770.602555000001,0.11570563125816284,3,75801,11196.5139,False,"MobiMart Electronic City: 3 units of POCO X8 Pro - expected demand 2.4/week, capital tied up Rs 75,801, expected gross profit Rs 11,197, ROI 0.15x"
BLR-05,MobiMart Malleshwaram,F20,Vivo X210 Pro,flagship,79999,0.1946,64431,ramping,0.4784,1,1000,7447.63810336,0.11559091281153482,1,64431,15567.8054,False,"MobiMart Malleshwaram: 1 units of Vivo X210 Pro - expected demand 0.5/week, capital tied up Rs 64,431, expected gross profit Rs 15,568, ROI 0.24x"
BEL-01,MobiMart Cantonment,M16,Motorola Edge 70 Fusion,mid,23999,0.1383,20680,declining,2.145238095238095,3,1000,7120.177599285714,0.11476753061388965,3,62040,9957.1851,False,"MobiMart Cantonment: 3 units of Motorola Edge 70 Fusion - expected demand 2.1/week, capital tied up Rs 62,040, expected gross profit Rs 9,957, ROI 0.16x"
TUM-02,MobiMart SS Puram,M17,POCO X8 Pro,mid,28999,0.1287,25267,peaking,1.55,2,1000,5784.865515000001,0.11447472028733133,2,50534,7464.342600000001,False,"MobiMart SS Puram: 2 units of POCO X8 Pro - expected demand 1.6/week, capital tied up Rs 50,534, expected gross profit Rs 7,464, ROI 0.15x"
BLR-01,MobiMart Jayanagar,M13,Realme 15 Pro,mid,28999,0.1139,25696,declining,0.8904761904761905,1,1000,2941.2304795238097,0.11446258092791912,1,25696,3302.9861,False,"MobiMart Jayanagar: 1 units of Realme 15 Pro - expected demand 0.9/week, capital tied up Rs 25,696, expected gross profit Rs 3,303, ROI 0.13x"
BEL-01,MobiMart Cantonment,M13,Realme 15 Pro,mid,28999,0.1139,25696,declining,0.8904761904761905,1,1000,2941.2304795238097,0.11446258092791912,1,25696,3302.9861,False,"MobiMart Cantonment: 1 units of Realme 15 Pro - expected demand 0.9/week, capital tied up Rs 25,696, expected gross profit Rs 3,303, ROI 0.13x"
KOL-01,MobiMart Station Road,M13,Realme 15 Pro,mid,28999,0.1139,25696,declining,0.8904761904761905,1,1000,2941.2304795238097,0.11446258092791912,1,25696,3302.9861,False,"MobiMart Station Road: 1 units of Realme 15 Pro - expected demand 0.9/week, capital tied up Rs 25,696, expected gross profit Rs 3,303, ROI 0.13x"
BLR-02,MobiMart Koramangala,F14,Vivo X210,flagship,69999,0.1731,57882,declining,1.092857142857143,2,1000,13241.960826428573,0.11438755421744733,2,115764,24233.6538,False,"MobiMart Koramangala: 2 units of Vivo X210 - expected demand 1.1/week, capital tied up Rs 115,764, expected gross profit Rs 24,234, ROI 0.21x"
BLR-02,MobiMart Koramangala,M04,OnePlus Nord CE5,mid,24999,0.1444,21389,near end-of-life,1.3455,2,1000,4857.060709799999,0.11354108910655007,2,42778,7219.7112,False,"MobiMart Koramangala: 2 units of OnePlus Nord CE5 - expected demand 1.3/week, capital tied up Rs 42,778, expected gross profit Rs 7,220, ROI 0.17x"
UDU-01,MobiMart Udupi Main Road,F19,OnePlus Open 3,flagship,124999,0.2152,98099,ramping,0.41400000000000003,1,1000,11136.510907200001,0.11352318481533961,1,98099,26899.7848,False,"MobiMart Udupi Main Road: 1 units of OnePlus Open 3 - expected demand 0.4/week, capital tied up Rs 98,099, expected gross profit Rs 26,900, ROI 0.27x"
MAN-02,MobiMart Kottara,F18,Samsung Galaxy Z Fold8,flagship,149999,0.2169,117464,ramping,0.4094,1,1000,13319.740201139999,0.1133942331364503,1,117464,32534.7831,False,"MobiMart Kottara: 1 units of Samsung Galaxy Z Fold8 - expected demand 0.4/week, capital tied up Rs 117,464, expected gross profit Rs 32,535, ROI 0.28x"
BLR-02,MobiMart Koramangala,M17,POCO X8 Pro,mid,28999,0.1287,25267,peaking,2.3000000000000003,3,1000,8583.993990000003,0.11324380931649981,3,75801,11196.5139,False,"MobiMart Koramangala: 3 units of POCO X8 Pro - expected demand 2.3/week, capital tied up Rs 75,801, expected gross profit Rs 11,197, ROI 0.15x"
HUB-02,MobiMart Gokul Road,F17,iPhone 17 Pro Max,flagship,139900,0.2178,109430,ramping,0.4048,1,1000,12334.345055999998,0.11271447551859634,1,109430,30470.219999999998,False,"MobiMart Gokul Road: 1 units of iPhone 17 Pro Max - expected demand 0.4/week, capital tied up Rs 109,430, expected gross profit Rs 30,470, ROI 0.28x"
MAN-01,MobiMart Court Road,M16,Motorola Edge 70 Fusion,mid,23999,0.1383,20680,declining,2.104761904761905,3,1000,6985.834625714287,0.11260210550796723,3,62040,9957.1851,False,"MobiMart Court Road: 3 units of Motorola Edge 70 Fusion - expected demand 2.1/week, capital tied up Rs 62,040, expected gross profit Rs 9,957, ROI 0.16x"
BLR-06,MobiMart Rajajinagar,M19,Samsung Galaxy A37,mid,33999,0.1426,29151,ramping,1.3523999999999998,2,1000,6556.78330776,0.11246240794072244,2,58302,9696.5148,False,"MobiMart Rajajinagar: 2 units of Samsung Galaxy A37 - expected demand 1.4/week, capital tied up Rs 58,302, expected gross profit Rs 9,697, ROI 0.17x"
HUB-01,MobiMart Vidya Nagar,F20,Vivo X210 Pro,flagship,79999,0.1946,64431,ramping,0.4646,1,1000,7232.80238884,0.11225655955735593,1,64431,15567.8054,False,"MobiMart Vidya Nagar: 1 units of Vivo X210 Pro - expected demand 0.5/week, capital tied up Rs 64,431, expected gross profit Rs 15,568, ROI 0.24x"
BLR-03,MobiMart Indiranagar,M12,Redmi Note 15,mid,19999,0.1391,17217,declining,0.6880952380952381,1,1000,1914.1852383333335,0.1111799522758514,1,17217,2781.8609,False,"MobiMart Indiranagar: 1 units of Redmi Note 15 - expected demand 0.7/week, capital tied up Rs 17,217, expected gross profit Rs 2,782, ROI 0.16x"
TUM-02,MobiMart SS Puram,M12,Redmi Note 15,mid,19999,0.1391,17217,declining,0.6880952380952381,1,1000,1914.1852383333335,0.1111799522758514,1,17217,2781.8609,False,"MobiMart SS Puram: 1 units of Redmi Note 15 - expected demand 0.7/week, capital tied up Rs 17,217, expected gross profit Rs 2,782, ROI 0.16x"
DAV-02,MobiMart MCC B Block,M12,Redmi Note 15,mid,19999,0.1391,17217,declining,0.6880952380952381,1,1000,1914.1852383333335,0.1111799522758514,1,17217,2781.8609,False,"MobiMart MCC B Block: 1 units of Redmi Note 15 - expected demand 0.7/week, capital tied up Rs 17,217, expected gross profit Rs 2,782, ROI 0.16x"
MAN-02,MobiMart Kottara,M12,Redmi Note 15,mid,19999,0.1391,17217,declining,0.6880952380952381,1,1000,1914.1852383333335,0.1111799522758514,1,17217,2781.8609,False,"MobiMart Kottara: 1 units of Redmi Note 15 - expected demand 0.7/week, capital tied up Rs 17,217, expected gross profit Rs 2,782, ROI 0.16x"
HUB-02,MobiMart Gokul Road,F19,OnePlus Open 3,flagship,124999,0.2152,98099,ramping,0.4048,1,1000,10889.032887039999,0.11100044737499871,1,98099,26899.7848,False,"MobiMart Gokul Road: 1 units of OnePlus Open 3 - expected demand 0.4/week, capital tied up Rs 98,099, expected gross profit Rs 26,900, ROI 0.27x"
MAN-01,MobiMart Court Road,M19,Samsung Galaxy A37,mid,33999,0.1426,29151,ramping,2.0009999999999994,3,1000,9701.363057399998,0.11093230715241327,3,87453,14544.772200000001,False,"MobiMart Court Road: 3 units of Samsung Galaxy A37 - expected demand 2.0/week, capital tied up Rs 87,453, expected gross profit Rs 14,545, ROI 0.17x"
SHI-01,MobiMart Vidya Nagar,F18,Samsung Galaxy Z Fold8,flagship,149999,0.2169,117464,ramping,0.4002,1,1000,13020.420196620002,0.11084604812214807,1,117464,32534.7831,False,"MobiMart Vidya Nagar: 1 units of Samsung Galaxy Z Fold8 - expected demand 0.4/week, capital tied up Rs 117,464, expected gross profit Rs 32,535, ROI 0.28x"
MAN-02,MobiMart Kottara,M17,POCO X8 Pro,mid,28999,0.1287,25267,peaking,2.25,3,1000,8397.385425,0.11078198737483674,3,75801,11196.5139,False,"MobiMart Kottara: 3 units of POCO X8 Pro - expected demand 2.2/week, capital tied up Rs 75,801, expected gross profit Rs 11,197, ROI 0.15x"
HUB-02,MobiMart Gokul Road,M17,POCO X8 Pro,mid,28999,0.1287,25267,peaking,1.5,2,1000,5598.25695,0.11078198737483674,2,50534,7464.342600000001,False,"MobiMart Gokul Road: 2 units of POCO X8 Pro - expected demand 1.5/week, capital tied up Rs 50,534, expected gross profit Rs 7,464, ROI 0.15x"
UDU-01,MobiMart Udupi Main Road,M14,OnePlus Nord CE6,mid,25999,0.1259,22726,declining,0.769047619047619,1,1000,2517.303653095238,0.11076756371975878,1,22726,3273.2741,False,"MobiMart Udupi Main Road: 1 units of OnePlus Nord CE6 - expected demand 0.8/week, capital tied up Rs 22,726, expected gross profit Rs 3,273, ROI 0.14x"
BLR-01,MobiMart Jayanagar,F10,iPhone 17,flagship,84900,0.2179,66400,near end-of-life,0.3965,1,1000,7335.135015,0.11046890082831325,1,66400,18499.71,False,"MobiMart Jayanagar: 1 units of iPhone 17 - expected demand 0.4/week, capital tied up Rs 66,400, expected gross profit Rs 18,500, ROI 0.28x"
MYS-01,MobiMart Devaraja Mohalla,M16,Motorola Edge 70 Fusion,mid,23999,0.1383,20680,declining,2.064285714285714,3,1000,6851.491652142857,0.11043668040204475,3,62040,9957.1851,False,"MobiMart Devaraja Mohalla: 3 units of Motorola Edge 70 Fusion - expected demand 2.1/week, capital tied up Rs 62,040, expected gross profit Rs 9,957, ROI 0.16x"
MYS-01,MobiMart Devaraja Mohalla,M19,Samsung Galaxy A37,mid,33999,0.1426,29151,ramping,1.3247999999999998,2,1000,6422.9714035199995,0.11016725675825871,2,58302,9696.5148,False,"MobiMart Devaraja Mohalla: 2 units of Samsung Galaxy A37 - expected demand 1.3/week, capital tied up Rs 58,302, expected gross profit Rs 9,697, ROI 0.17x"
BEL-01,MobiMart Cantonment,F20,Vivo X210 Pro,flagship,79999,0.1946,64431,ramping,0.45539999999999997,1,1000,7089.57857916,0.11003365738790334,1,64431,15567.8054,False,"MobiMart Cantonment: 1 units of Vivo X210 Pro - expected demand 0.5/week, capital tied up Rs 64,431, expected gross profit Rs 15,568, ROI 0.24x"
SHI-01,MobiMart Vidya Nagar,F19,OnePlus Open 3,flagship,124999,0.2152,98099,ramping,0.4002,1,1000,10765.29387696,0.10973907865482829,1,98099,26899.7848,False,"MobiMart Vidya Nagar: 1 units of OnePlus Open 3 - expected demand 0.4/week, capital tied up Rs 98,099, expected gross profit Rs 26,900, ROI 0.27x"
UDU-01,MobiMart Udupi Main Road,M18,Nothing Phone (4a),mid,29999,0.1426,25721,ramping,1.314285714285714,2,1000,5622.326868571428,0.10929448444017395,2,51442,8555.7148,False,"MobiMart Udupi Main Road: 2 units of Nothing Phone (4a) - expected demand 1.3/week, capital tied up Rs 51,442, expected gross profit Rs 8,556, ROI 0.17x"
HUB-02,MobiMart Gokul Road,M18,Nothing Phone (4a),mid,29999,0.1426,25721,ramping,0.657142857142857,1,1000,2811.163434285714,0.10929448444017395,1,25721,4277.8574,False,"MobiMart Gokul Road: 1 units of Nothing Phone (4a) - expected demand 0.7/week, capital tied up Rs 25,721, expected gross profit Rs 4,278, ROI 0.17x"
BEL-02,MobiMart Tilakwadi,M18,Nothing Phone (4a),mid,29999,0.1426,25721,ramping,0.657142857142857,1,1000,2811.163434285714,0.10929448444017395,1,25721,4277.8574,False,"MobiMart Tilakwadi: 1 units of Nothing Phone (4a) - expected demand 0.7/week, capital tied up Rs 25,721, expected gross profit Rs 4,278, ROI 0.17x"
BLR-03,MobiMart Indiranagar,M19,Samsung Galaxy A37,mid,33999,0.1426,29151,ramping,0.657142857142857,1,1000,3185.99772,0.10929291345065349,1,29151,4848.2574,False,"MobiMart Indiranagar: 1 units of Samsung Galaxy A37 - expected demand 0.7/week, capital tied up Rs 29,151, expected gross profit Rs 4,848, ROI 0.17x"
BLR-06,MobiMart Rajajinagar,F20,Vivo X210 Pro,flagship,79999,0.1946,64431,ramping,0.4508,1,1000,7017.9666743200005,0.10892220630317705,1,64431,15567.8054,False,"MobiMart Rajajinagar: 1 units of Vivo X210 Pro - expected demand 0.5/week, capital tied up Rs 64,431, expected gross profit Rs 15,568, ROI 0.24x"
KAL-01,MobiMart KCD Road,M15,Vivo V51e,mid,30999,0.1402,26653,declining,1.3357142857142856,2,1000,5805.094161428571,0.10890132745710748,2,53306,8692.1196,False,"MobiMart KCD Road: 2 units of Vivo V51e - expected demand 1.3/week, capital tied up Rs 53,306, expected gross profit Rs 8,692, ROI 0.16x"
BLR-03,MobiMart Indiranagar,M10,OnePlus Nord 5,mid,29999,0.1463,25610,near end-of-life,1.2675,2,1000,5562.872064750001,0.10860742024111678,2,51220,8777.707400000001,False,"MobiMart Indiranagar: 2 units of OnePlus Nord 5 - expected demand 1.3/week, capital tied up Rs 51,220, expected gross profit Rs 8,778, ROI 0.17x"
BLR-04,MobiMart Whitefield,F03,OnePlus 13,flagship,69999,0.2067,55530,near end-of-life,0.41600000000000004,1,1000,6019.0180128,0.10839218463533226,1,55530,14468.7933,False,"MobiMart Whitefield: 1 units of OnePlus 13 - expected demand 0.4/week, capital tied up Rs 55,530, expected gross profit Rs 14,469, ROI 0.26x"
MAN-01,MobiMart Court Road,M01,Samsung Galaxy A26,mid,22999,0.1104,20460,near end-of-life,0.8699999999999999,1,1000,2209.0079519999995,0.10796715307917885,1,20460,2539.0896,False,"MobiMart Court Road: 1 units of Samsung Galaxy A26 - expected demand 0.9/week, capital tied up Rs 20,460, expected gross profit Rs 2,539, ROI 0.12x"
BLR-05,MobiMart Malleshwaram,M09,Samsung Galaxy A36,mid,32999,0.1474,28135,near end-of-life,0.6240000000000001,1,1000,3035.1688224000004,0.10787875679402881,1,28135,4864.0526,False,"MobiMart Malleshwaram: 1 units of Samsung Galaxy A36 - expected demand 0.6/week, capital tied up Rs 28,135, expected gross profit Rs 4,864, ROI 0.17x"
BEL-02,MobiMart Tilakwadi,F17,iPhone 17 Pro Max,flagship,139900,0.2178,109430,ramping,0.3864,1,1000,11773.693008,0.10759109026775107,1,109430,30470.219999999998,False,"MobiMart Tilakwadi: 1 units of iPhone 17 Pro Max - expected demand 0.4/week, capital tied up Rs 109,430, expected gross profit Rs 30,470, ROI 0.28x"
HOS-01,MobiMart Hosur Road,M16,Motorola Edge 70 Fusion,mid,23999,0.1383,20680,declining,1.3357142857142856,2,1000,4433.318127857143,0.1071885427431611,2,41360,6638.1234,False,"MobiMart Hosur Road: 2 units of Motorola Edge 70 Fusion - expected demand 1.3/week, capital tied up Rs 41,360, expected gross profit Rs 6,638, ROI 0.16x"
BEL-01,MobiMart Cantonment,M17,POCO X8 Pro,mid,28999,0.1287,25267,peaking,1.45,2,1000,5411.6483849999995,0.10708925446234217,2,50534,7464.342600000001,False,"MobiMart Cantonment: 2 units of POCO X8 Pro - expected demand 1.4/week, capital tied up Rs 50,534, expected gross profit Rs 7,464, ROI 0.15x"
BEL-02,MobiMart Tilakwadi,F18,Samsung Galaxy Z Fold8,flagship,149999,0.2169,117464,ramping,0.3864,1,1000,12571.440189840001,0.10702377060069469,1,117464,32534.7831,False,"MobiMart Tilakwadi: 1 units of Samsung Galaxy Z Fold8 - expected demand 0.4/week, capital tied up Rs 117,464, expected gross profit Rs 32,535, ROI 0.28x"
BLR-03,MobiMart Indiranagar,M04,OnePlus Nord CE5,mid,24999,0.1444,21389,near end-of-life,1.2675,2,1000,4575.491973,0.10695899698443126,2,42778,7219.7112,False,"MobiMart Indiranagar: 2 units of OnePlus Nord CE5 - expected demand 1.3/week, capital tied up Rs 42,778, expected gross profit Rs 7,220, ROI 0.17x"
MYS-01,MobiMart Devaraja Mohalla,F20,Vivo X210 Pro,flagship,79999,0.1946,64431,ramping,0.4416,1,1000,6874.74286464,0.10669930413372446,1,64431,15567.8054,False,"MobiMart Devaraja Mohalla: 1 units of Vivo X210 Pro - expected demand 0.4/week, capital tied up Rs 64,431, expected gross profit Rs 15,568, ROI 0.24x"
BEL-02,MobiMart Tilakwadi,F19,OnePlus Open 3,flagship,124999,0.2152,98099,ramping,0.3864,1,1000,10394.076846720001,0.10595497249431698,1,98099,26899.7848,False,"MobiMart Tilakwadi: 1 units of OnePlus Open 3 - expected demand 0.4/week, capital tied up Rs 98,099, expected gross profit Rs 26,900, ROI 0.27x"
TUM-02,MobiMart SS Puram,M15,Vivo V51e,mid,30999,0.1402,26653,declining,0.6476190476190475,1,1000,2814.591108571428,0.1056012872311345,1,26653,4346.0598,False,"MobiMart SS Puram: 1 units of Vivo V51e - expected demand 0.6/week, capital tied up Rs 26,653, expected gross profit Rs 4,346, ROI 0.16x"
HOS-01,MobiMart Hosur Road,M15,Vivo V51e,mid,30999,0.1402,26653,declining,0.6476190476190475,1,1000,2814.591108571428,0.1056012872311345,1,26653,4346.0598,False,"MobiMart Hosur Road: 1 units of Vivo V51e - expected demand 0.6/week, capital tied up Rs 26,653, expected gross profit Rs 4,346, ROI 0.16x"
BLR-04,MobiMart Whitefield,M04,OnePlus Nord CE5,mid,24999,0.1444,21389,near end-of-life,1.248,2,1000,4505.0997888,0.10531347395390155,2,42778,7219.7112,False,"MobiMart Whitefield: 2 units of OnePlus Nord CE5 - expected demand 1.2/week, capital tied up Rs 42,778, expected gross profit Rs 7,220, ROI 0.17x"
SHI-01,MobiMart Vidya Nagar,M12,Redmi Note 15,mid,19999,0.1391,17217,declining,0.6476190476190475,1,1000,1801.5861066666664,0.10463995508315423,1,17217,2781.8609,False,"MobiMart Vidya Nagar: 1 units of Redmi Note 15 - expected demand 0.6/week, capital tied up Rs 17,217, expected gross profit Rs 2,782, ROI 0.16x"
MYS-02,MobiMart Kuvempunagar,F18,Samsung Galaxy Z Fold8,flagship,149999,0.2169,117464,ramping,0.3772,1,1000,12272.12018532,0.10447558558639243,1,117464,32534.7831,False,"MobiMart Kuvempunagar: 1 units of Samsung Galaxy Z Fold8 - expected demand 0.4/week, capital tied up Rs 117,464, expected gross profit Rs 32,535, ROI 0.28x"
BLR-08,MobiMart Electronic City,M01,Samsung Galaxy A26,mid,22999,0.1104,20460,near end-of-life,0.8400000000000001,1,1000,2132.8352640000003,0.10424414780058652,1,20460,2539.0896,False,"MobiMart Electronic City: 1 units of Samsung Galaxy A26 - expected demand 0.8/week, capital tied up Rs 20,460, expected gross profit Rs 2,539, ROI 0.12x"
BLR-02,MobiMart Koramangala,M20,OnePlus Nord 6,mid,31999,0.1186,28204,ramping,3.0946499999999997,4,1000,11744.448654509999,0.10410268627242589,4,112816,15180.3256,False,"MobiMart Koramangala: 4 units of OnePlus Nord 6 - expected demand 3.1/week, capital tied up Rs 112,816, expected gross profit Rs 15,180, ROI 0.13x"
KAL-01,MobiMart KCD Road,M16,Motorola Edge 70 Fusion,mid,23999,0.1383,20680,declining,1.295238095238095,2,1000,4298.975154285714,0.10394040508427742,2,41360,6638.1234,False,"MobiMart KCD Road: 2 units of Motorola Edge 70 Fusion - expected demand 1.3/week, capital tied up Rs 41,360, expected gross profit Rs 6,638, ROI 0.16x"
HUB-01,MobiMart Vidya Nagar,M10,OnePlus Nord 5,mid,29999,0.1463,25610,near end-of-life,0.6060000000000001,1,1000,2659.645342200001,0.10385182905896138,1,25610,4388.853700000001,False,"MobiMart Vidya Nagar: 1 units of OnePlus Nord 5 - expected demand 0.6/week, capital tied up Rs 25,610, expected gross profit Rs 4,389, ROI 0.17x"
DAV-02,MobiMart MCC B Block,M13,Realme 15 Pro,mid,28999,0.1139,25696,declining,0.8058000000000001,1,1000,2661.5461993800004,0.10357823005059155,1,25696,3302.9861,False,"MobiMart MCC B Block: 1 units of Realme 15 Pro - expected demand 0.8/week, capital tied up Rs 25,696, expected gross profit Rs 3,303, ROI 0.13x"
MYS-02,MobiMart Kuvempunagar,F19,OnePlus Open 3,flagship,124999,0.2152,98099,ramping,0.3772,1,1000,10146.598826559999,0.10343223505397607,1,98099,26899.7848,False,"MobiMart Kuvempunagar: 1 units of OnePlus Open 3 - expected demand 0.4/week, capital tied up Rs 98,099, expected gross profit Rs 26,900, ROI 0.27x"
SHI-01,MobiMart Vidya Nagar,M17,POCO X8 Pro,mid,28999,0.1287,25267,peaking,0.7,1,1000,2612.51991,0.10339652154984763,1,25267,3732.1713000000004,False,"MobiMart Vidya Nagar: 1 units of POCO X8 Pro - expected demand 0.7/week, capital tied up Rs 25,267, expected gross profit Rs 3,732, ROI 0.15x"
DAV-01,MobiMart PJ Extension,F20,Vivo X210 Pro,flagship,79999,0.1946,64431,ramping,0.4278,1,1000,6659.907150120001,0.10336495087954557,1,64431,15567.8054,False,"MobiMart PJ Extension: 1 units of Vivo X210 Pro - expected demand 0.4/week, capital tied up Rs 64,431, expected gross profit Rs 15,568, ROI 0.24x"
BLR-01,MobiMart Jayanagar,F03,OnePlus 13,flagship,69999,0.2067,55530,near end-of-life,0.3965,1,1000,5736.87654345,0.10331130098055105,1,55530,14468.7933,False,"MobiMart Jayanagar: 1 units of OnePlus 13 - expected demand 0.4/week, capital tied up Rs 55,530, expected gross profit Rs 14,469, ROI 0.26x"
KAL-01,MobiMart KCD Road,F18,Samsung Galaxy Z Fold8,flagship,149999,0.2169,117464,ramping,0.37260000000000004,1,1000,12122.460183060002,0.10320149307924131,1,117464,32534.7831,False,"MobiMart KCD Road: 1 units of Samsung Galaxy Z Fold8 - expected demand 0.4/week, capital tied up Rs 117,464, expected gross profit Rs 32,535, ROI 0.28x"
MAN-01,MobiMart Court Road,F13,OnePlus 14,flagship,72999,0.1726,60399,declining,0.49299999999999994,1,1000,6211.616308199999,0.1028430323051706,1,60399,12599.6274,False,"MobiMart Court Road: 1 units of OnePlus 14 - expected demand 0.5/week, capital tied up Rs 60,399, expected gross profit Rs 12,600, ROI 0.21x"
MAN-01,MobiMart Court Road,M05,Vivo V50e,mid,29999,0.1055,26834,near end-of-life,0.8699999999999999,1,1000,2753.4582149999997,0.102610800290676,1,26834,3164.8945,False,"MobiMart Court Road: 1 units of Vivo V50e - expected demand 0.9/week, capital tied up Rs 26,834, expected gross profit Rs 3,165, ROI 0.12x"
KAL-01,MobiMart KCD Road,F19,OnePlus Open 3,flagship,124999,0.2152,98099,ramping,0.37260000000000004,1,1000,10022.85981648,0.10217086633380565,1,98099,26899.7848,False,"MobiMart KCD Road: 1 units of OnePlus Open 3 - expected demand 0.4/week, capital tied up Rs 98,099, expected gross profit Rs 26,900, ROI 0.27x"
BLR-04,MobiMart Whitefield,M14,OnePlus Nord CE6,mid,25999,0.1259,22726,declining,1.4166666666666667,2,1000,4637.138308333334,0.10202275605767258,2,45452,6546.5482,False,"MobiMart Whitefield: 2 units of OnePlus Nord CE6 - expected demand 1.4/week, capital tied up Rs 45,452, expected gross profit Rs 6,547, ROI 0.14x"
TUM-01,MobiMart MG Road,M14,OnePlus Nord CE6,mid,25999,0.1259,22726,declining,1.4166666666666667,2,1000,4637.138308333334,0.10202275605767258,2,45452,6546.5482,False,"MobiMart MG Road: 2 units of OnePlus Nord CE6 - expected demand 1.4/week, capital tied up Rs 45,452, expected gross profit Rs 6,547, ROI 0.14x"
MAN-01,MobiMart Court Road,M14,OnePlus Nord CE6,mid,25999,0.1259,22726,declining,1.4166666666666667,2,1000,4637.138308333334,0.10202275605767258,2,45452,6546.5482,False,"MobiMart Court Road: 2 units of OnePlus Nord CE6 - expected demand 1.4/week, capital tied up Rs 45,452, expected gross profit Rs 6,547, ROI 0.14x"
BLR-01,MobiMart Jayanagar,M10,OnePlus Nord 5,mid,29999,0.1463,25610,near end-of-life,1.1895,2,1000,5220.541476150001,0.10192388668781727,2,51220,8777.707400000001,False,"MobiMart Jayanagar: 2 units of OnePlus Nord 5 - expected demand 1.2/week, capital tied up Rs 51,220, expected gross profit Rs 8,778, ROI 0.17x"
BLR-02,MobiMart Koramangala,F04,Vivo X200,flagship,65999,0.1846,53816,near end-of-life,0.44849999999999995,1,1000,5464.261806899999,0.10153600800691243,1,53816,12183.4154,False,"MobiMart Koramangala: 1 units of Vivo X200 - expected demand 0.4/week, capital tied up Rs 53,816, expected gross profit Rs 12,183, ROI 0.23x"
BLR-07,MobiMart Yelahanka,F20,Vivo X210 Pro,flagship,79999,0.1946,64431,ramping,0.4186,1,1000,6516.68334044,0.10114204871009297,1,64431,15567.8054,False,"MobiMart Yelahanka: 1 units of Vivo X210 Pro - expected demand 0.4/week, capital tied up Rs 64,431, expected gross profit Rs 15,568, ROI 0.24x"
BLR-06,MobiMart Rajajinagar,M17,POCO X8 Pro,mid,28999,0.1287,25267,peaking,2.05,3,1000,7650.951165,0.10093469960818459,3,75801,11196.5139,False,"MobiMart Rajajinagar: 3 units of POCO X8 Pro - expected demand 2.0/week, capital tied up Rs 75,801, expected gross profit Rs 11,197, ROI 0.15x"
BLR-02,MobiMart Koramangala,F06,Xiaomi 15,flagship,64999,0.1837,53059,near end-of-life,0.44849999999999995,1,1000,5355.2318605499995,0.10092975481162479,1,53059,11940.3163,False,"MobiMart Koramangala: 1 units of Xiaomi 15 - expected demand 0.4/week, capital tied up Rs 53,059, expected gross profit Rs 11,940, ROI 0.23x"
DAV-02,MobiMart MCC B Block,F18,Samsung Galaxy Z Fold8,flagship,149999,0.2169,117464,ramping,0.36340000000000006,1,1000,11823.140178540001,0.10065330806493905,1,117464,32534.7831,False,"MobiMart MCC B Block: 1 units of Samsung Galaxy Z Fold8 - expected demand 0.4/week, capital tied up Rs 117,464, expected gross profit Rs 32,535, ROI 0.28x"
BLR-01,MobiMart Jayanagar,M04,OnePlus Nord CE5,mid,24999,0.1444,21389,near end-of-life,1.1895,2,1000,4293.9232362,0.1003769048623124,2,42778,7219.7112,False,"MobiMart Jayanagar: 2 units of OnePlus Nord CE5 - expected demand 1.2/week, capital tied up Rs 42,778, expected gross profit Rs 7,220, ROI 0.17x"
TUM-02,MobiMart SS Puram,M18,Nothing Phone (4a),mid,29999,0.1426,25721,ramping,1.2047619047619047,2,1000,5153.799629523809,0.10018661073682611,2,51442,8555.7148,False,"MobiMart SS Puram: 2 units of Nothing Phone (4a) - expected demand 1.2/week, capital tied up Rs 51,442, expected gross profit Rs 8,556, ROI 0.17x"
BLR-01,MobiMart Jayanagar,M18,Nothing Phone (4a),mid,29999,0.1426,25721,ramping,0.6023809523809524,1,1000,2576.8998147619045,0.10018661073682611,1,25721,4277.8574,False,"MobiMart Jayanagar: 1 units of Nothing Phone (4a) - expected demand 0.6/week, capital tied up Rs 25,721, expected gross profit Rs 4,278, ROI 0.17x"
BLR-08,MobiMart Electronic City,M19,Samsung Galaxy A37,mid,33999,0.1426,29151,ramping,1.2047619047619047,2,1000,5840.99582,0.10018517066309904,2,58302,9696.5148,False,"MobiMart Electronic City: 2 units of Samsung Galaxy A37 - expected demand 1.2/week, capital tied up Rs 58,302, expected gross profit Rs 9,697, ROI 0.17x"
BLR-01,MobiMart Jayanagar,M19,Samsung Galaxy A37,mid,33999,0.1426,29151,ramping,0.6023809523809524,1,1000,2920.49791,0.10018517066309904,1,29151,4848.2574,False,"MobiMart Jayanagar: 1 units of Samsung Galaxy A37 - expected demand 0.6/week, capital tied up Rs 29,151, expected gross profit Rs 4,848, ROI 0.17x"
BLR-05,MobiMart Malleshwaram,M19,Samsung Galaxy A37,mid,33999,0.1426,29151,ramping,0.6023809523809524,1,1000,2920.49791,0.10018517066309904,1,29151,4848.2574,False,"MobiMart Malleshwaram: 1 units of Samsung Galaxy A37 - expected demand 0.6/week, capital tied up Rs 29,151, expected gross profit Rs 4,848, ROI 0.17x"
HUB-01,MobiMart Vidya Nagar,M19,Samsung Galaxy A37,mid,33999,0.1426,29151,ramping,0.6023809523809524,1,1000,2920.49791,0.10018517066309904,1,29151,4848.2574,False,"MobiMart Vidya Nagar: 1 units of Samsung Galaxy A37 - expected demand 0.6/week, capital tied up Rs 29,151, expected gross profit Rs 4,848, ROI 0.17x"
TUM-02,MobiMart SS Puram,M19,Samsung Galaxy A37,mid,33999,0.1426,29151,ramping,0.6023809523809524,1,1000,2920.49791,0.10018517066309904,1,29151,4848.2574,False,"MobiMart SS Puram: 1 units of Samsung Galaxy A37 - expected demand 0.6/week, capital tied up Rs 29,151, expected gross profit Rs 4,848, ROI 0.17x"
DAV-02,MobiMart MCC B Block,M19,Samsung Galaxy A37,mid,33999,0.1426,29151,ramping,0.6023809523809524,1,1000,2920.49791,0.10018517066309904,1,29151,4848.2574,False,"MobiMart MCC B Block: 1 units of Samsung Galaxy A37 - expected demand 0.6/week, capital tied up Rs 29,151, expected gross profit Rs 4,848, ROI 0.17x"
BEL-01,MobiMart Cantonment,M19,Samsung Galaxy A37,mid,33999,0.1426,29151,ramping,0.6023809523809524,1,1000,2920.49791,0.10018517066309904,1,29151,4848.2574,False,"MobiMart Cantonment: 1 units of Samsung Galaxy A37 - expected demand 0.6/week, capital tied up Rs 29,151, expected gross profit Rs 4,848, ROI 0.17x"
SHI-01,MobiMart Vidya Nagar,M19,Samsung Galaxy A37,mid,33999,0.1426,29151,ramping,0.6023809523809524,1,1000,2920.49791,0.10018517066309904,1,29151,4848.2574,False,"MobiMart Vidya Nagar: 1 units of Samsung Galaxy A37 - expected demand 0.6/week, capital tied up Rs 29,151, expected gross profit Rs 4,848, ROI 0.17x"
UDU-01,MobiMart Udupi Main Road,F20,Vivo X210 Pro,flagship,79999,0.1946,64431,ramping,0.41400000000000003,1,1000,6445.071435600001,0.10003059762536669,1,64431,15567.8054,False,"MobiMart Udupi Main Road: 1 units of Vivo X210 Pro - expected demand 0.4/week, capital tied up Rs 64,431, expected gross profit Rs 15,568, ROI 0.24x"
BLR-02,MobiMart Koramangala,F01,Samsung Galaxy S25,flagship,74999,0.182,61349,near end-of-life,0.44849999999999995,1,1000,6121.943372999999,0.09978880459339189,1,61349,13649.818,False,"MobiMart Koramangala: 1 units of Samsung Galaxy S25 - expected demand 0.4/week, capital tied up Rs 61,349, expected gross profit Rs 13,650, ROI 0.22x"
UDU-01,MobiMart Udupi Main Road,M17,POCO X8 Pro,mid,28999,0.1287,25267,peaking,1.35,2,1000,5038.431255,0.09970378863735307,2,50534,7464.342600000001,False,"MobiMart Udupi Main Road: 2 units of POCO X8 Pro - expected demand 1.4/week, capital tied up Rs 50,534, expected gross profit Rs 7,464, ROI 0.15x"
KOL-01,MobiMart Station Road,M17,POCO X8 Pro,mid,28999,0.1287,25267,peaking,1.35,2,1000,5038.431255,0.09970378863735307,2,50534,7464.342600000001,False,"MobiMart Station Road: 2 units of POCO X8 Pro - expected demand 1.4/week, capital tied up Rs 50,534, expected gross profit Rs 7,464, ROI 0.15x"
DAV-02,MobiMart MCC B Block,F19,OnePlus Open 3,flagship,124999,0.2152,98099,ramping,0.36340000000000006,1,1000,9775.381796320002,0.09964812889346478,1,98099,26899.7848,False,"MobiMart MCC B Block: 1 units of OnePlus Open 3 - expected demand 0.4/week, capital tied up Rs 98,099, expected gross profit Rs 26,900, ROI 0.27x"
BLR-02,MobiMart Koramangala,M02,Redmi Note 14,mid,18999,0.129,16548,near end-of-life,1.3455,2,1000,3297.6469304999996,0.09963883643038432,2,33096,4901.742,False,"MobiMart Koramangala: 2 units of Redmi Note 14 - expected demand 1.3/week, capital tied up Rs 33,096, expected gross profit Rs 4,902, ROI 0.15x"
BLR-03,MobiMart Indiranagar,F11,Samsung Galaxy S26,flagship,79999,0.1658,66735,near end-of-life,0.5,1,1000,6631.9171,0.099376895182438,1,66735,13263.8342,False,"MobiMart Indiranagar: 1 units of Samsung Galaxy S26 - expected demand 0.5/week, capital tied up Rs 66,735, expected gross profit Rs 13,264, ROI 0.20x"
DAV-02,MobiMart MCC B Block,M14,OnePlus Nord CE6,mid,25999,0.1259,22726,declining,0.6880952380952381,1,1000,2252.3243211904764,0.0991078201703105,1,22726,3273.2741,False,"MobiMart MCC B Block: 1 units of OnePlus Nord CE6 - expected demand 0.7/week, capital tied up Rs 22,726, expected gross profit Rs 3,273, ROI 0.14x"
KAL-01,MobiMart KCD Road,M14,OnePlus Nord CE6,mid,25999,0.1259,22726,declining,0.6880952380952381,1,1000,2252.3243211904764,0.0991078201703105,1,22726,3273.2741,False,"MobiMart KCD Road: 1 units of OnePlus Nord CE6 - expected demand 0.7/week, capital tied up Rs 22,726, expected gross profit Rs 3,273, ROI 0.14x"
BLR-02,MobiMart Koramangala,M11,Samsung Galaxy A27,mid,23999,0.138,20687,near end-of-life,0.6190476190476191,1,1000,2050.2002857142857,0.09910573237851238,1,20687,3311.862,False,"MobiMart Koramangala: 1 units of Samsung Galaxy A27 - expected demand 0.6/week, capital tied up Rs 20,687, expected gross profit Rs 3,312, ROI 0.16x"
TUM-01,MobiMart MG Road,M15,Vivo V51e,mid,30999,0.1402,26653,declining,1.2142857142857142,2,1000,5277.358328571428,0.0990012067791886,2,53306,8692.1196,False,"MobiMart MG Road: 2 units of Vivo V51e - expected demand 1.2/week, capital tied up Rs 53,306, expected gross profit Rs 8,692, ROI 0.16x"
MAN-02,MobiMart Kottara,F20,Vivo X210 Pro,flagship,79999,0.1946,64431,ramping,0.4094,1,1000,6373.459530759999,0.09891914654064037,1,64431,15567.8054,False,"MobiMart Kottara: 1 units of Vivo X210 Pro - expected demand 0.4/week, capital tied up Rs 64,431, expected gross profit Rs 15,568, ROI 0.24x"
BLR-08,MobiMart Electronic City,M13,Realme 15 Pro,mid,28999,0.1139,25696,declining,1.538095238095238,2,1000,5080.307191904762,0.09885404716502104,2,51392,6605.9722,False,"MobiMart Electronic City: 2 units of Realme 15 Pro - expected demand 1.5/week, capital tied up Rs 51,392, expected gross profit Rs 6,606, ROI 0.13x"
HUB-02,MobiMart Gokul Road,M13,Realme 15 Pro,mid,28999,0.1139,25696,declining,1.538095238095238,2,1000,5080.307191904762,0.09885404716502104,2,51392,6605.9722,False,"MobiMart Gokul Road: 2 units of Realme 15 Pro - expected demand 1.5/week, capital tied up Rs 51,392, expected gross profit Rs 6,606, ROI 0.13x"
MAN-01,MobiMart Court Road,F12,iPhone 17 Pro,flagship,124900,0.213,98296,declining,0.36428571428571427,1,1000,9691.347857142857,0.09859351201618435,1,98296,26603.7,False,"MobiMart Court Road: 1 units of iPhone 17 Pro - expected demand 0.4/week, capital tied up Rs 98,296, expected gross profit Rs 26,604, ROI 0.27x"
MYS-01,MobiMart Devaraja Mohalla,M12,Redmi Note 15,mid,19999,0.1391,17217,declining,0.6071428571428571,1,1000,1688.9869749999998,0.0980999578904571,1,17217,2781.8609,False,"MobiMart Devaraja Mohalla: 1 units of Redmi Note 15 - expected demand 0.6/week, capital tied up Rs 17,217, expected gross profit Rs 2,782, ROI 0.16x"
HUB-02,MobiMart Gokul Road,F20,Vivo X210 Pro,flagship,79999,0.1946,64431,ramping,0.4048,1,1000,6301.84762592,0.09780769545591407,1,64431,15567.8054,False,"MobiMart Gokul Road: 1 units of Vivo X210 Pro - expected demand 0.4/week, capital tied up Rs 64,431, expected gross profit Rs 15,568, ROI 0.24x"
BEL-02,MobiMart Tilakwadi,M16,Motorola Edge 70 Fusion,mid,23999,0.1383,20680,declining,1.2142857142857142,2,1000,4030.289207142857,0.09744412976651008,2,41360,6638.1234,False,"MobiMart Tilakwadi: 2 units of Motorola Edge 70 Fusion - expected demand 1.2/week, capital tied up Rs 41,360, expected gross profit Rs 6,638, ROI 0.16x"
HOS-01,MobiMart Hosur Road,F17,iPhone 17 Pro Max,flagship,139900,0.2178,109430,ramping,0.3496,1,1000,10652.388912,0.0973443197660605,1,109430,30470.219999999998,False,"MobiMart Hosur Road: 1 units of iPhone 17 Pro Max - expected demand 0.3/week, capital tied up Rs 109,430, expected gross profit Rs 30,470, ROI 0.28x"
MYS-01,MobiMart Devaraja Mohalla,M04,OnePlus Nord CE5,mid,24999,0.1444,21389,near end-of-life,0.576,1,1000,2079.2768256,0.0972124374959091,1,21389,3609.8556,False,"MobiMart Devaraja Mohalla: 1 units of OnePlus Nord CE5 - expected demand 0.6/week, capital tied up Rs 21,389, expected gross profit Rs 3,610, ROI 0.17x"
SHI-01,MobiMart Vidya Nagar,F20,Vivo X210 Pro,flagship,79999,0.1946,64431,ramping,0.4002,1,1000,6230.23572108,0.09669624437118779,1,64431,15567.8054,False,"MobiMart Vidya Nagar: 1 units of Vivo X210 Pro - expected demand 0.4/week, capital tied up Rs 64,431, expected gross profit Rs 15,568, ROI 0.24x"
BLR-05,MobiMart Malleshwaram,M20,OnePlus Nord 6,mid,31999,0.1186,28204,ramping,1.4352000000000003,2,1000,5446.700825280001,0.09655901335413418,2,56408,7590.1628,False,"MobiMart Malleshwaram: 2 units of OnePlus Nord 6 - expected demand 1.4/week, capital tied up Rs 56,408, expected gross profit Rs 7,590, ROI 0.13x"
HOS-01,MobiMart Hosur Road,F19,OnePlus Open 3,flagship,124999,0.2152,98099,ramping,0.3496,1,1000,9404.16476608,0.09586402273295345,1,98099,26899.7848,False,"MobiMart Hosur Road: 1 units of OnePlus Open 3 - expected demand 0.3/week, capital tied up Rs 98,099, expected gross profit Rs 26,900, ROI 0.27x"
BLR-05,MobiMart Malleshwaram,F12,iPhone 17 Pro,flagship,124900,0.213,98296,declining,0.3536,1,1000,9407.06832,0.09570143566370962,1,98296,26603.7,False,"MobiMart Malleshwaram: 1 units of iPhone 17 Pro - expected demand 0.4/week, capital tied up Rs 98,296, expected gross profit Rs 26,604, ROI 0.27x"
BLR-03,MobiMart Indiranagar,F04,Vivo X200,flagship,65999,0.1846,53816,near end-of-life,0.42250000000000004,1,1000,5147.4930065,0.09564986261520737,1,53816,12183.4154,False,"MobiMart Indiranagar: 1 units of Vivo X200 - expected demand 0.4/week, capital tied up Rs 53,816, expected gross profit Rs 12,183, ROI 0.23x"
SHI-01,MobiMart Vidya Nagar,M18,Nothing Phone (4a),mid,29999,0.1426,25721,ramping,1.15,2,1000,4919.53601,0.0956326738851522,2,51442,8555.7148,False,"MobiMart Vidya Nagar: 2 units of Nothing Phone (4a) - expected demand 1.1/week, capital tied up Rs 51,442, expected gross profit Rs 8,556, ROI 0.17x"
TUM-01,MobiMart MG Road,F20,Vivo X210 Pro,flagship,79999,0.1946,64431,ramping,0.3956,1,1000,6158.6238162399995,0.09558479328646148,1,64431,15567.8054,False,"MobiMart MG Road: 1 units of Vivo X210 Pro - expected demand 0.4/week, capital tied up Rs 64,431, expected gross profit Rs 15,568, ROI 0.24x"
BLR-08,MobiMart Electronic City,M12,Redmi Note 15,mid,19999,0.1391,17217,declining,1.1738095238095239,2,1000,3265.374818333333,0.09482995929410853,2,34434,5563.7218,False,"MobiMart Electronic City: 2 units of Redmi Note 15 - expected demand 1.2/week, capital tied up Rs 34,434, expected gross profit Rs 5,564, ROI 0.16x"
TUM-02,MobiMart SS Puram,F17,iPhone 17 Pro Max,flagship,139900,0.2178,109430,ramping,0.3404,1,1000,10372.062888,0.09478262714063786,1,109430,30470.219999999998,False,"MobiMart SS Puram: 1 units of iPhone 17 Pro Max - expected demand 0.3/week, capital tied up Rs 109,430, expected gross profit Rs 30,470, ROI 0.28x"
TUM-02,MobiMart SS Puram,F18,Samsung Galaxy Z Fold8,flagship,149999,0.2169,117464,ramping,0.3404,1,1000,11074.84016724,0.09428284552918341,1,117464,32534.7831,False,"MobiMart SS Puram: 1 units of Samsung Galaxy Z Fold8 - expected demand 0.3/week, capital tied up Rs 117,464, expected gross profit Rs 32,535, ROI 0.28x"
BLR-03,MobiMart Indiranagar,M03,Realme 14 Pro,mid,27999,0.1295,24373,near end-of-life,1.2675,2,1000,4595.790858750001,0.09428036882513438,2,48746,7251.741,False,"MobiMart Indiranagar: 2 units of Realme 14 Pro - expected demand 1.3/week, capital tied up Rs 48,746, expected gross profit Rs 7,252, ROI 0.15x"
BLR-04,MobiMart Whitefield,F04,Vivo X200,flagship,65999,0.1846,53816,near end-of-life,0.41600000000000004,1,1000,5068.3008064000005,0.09417832626728112,1,53816,12183.4154,False,"MobiMart Whitefield: 1 units of Vivo X200 - expected demand 0.4/week, capital tied up Rs 53,816, expected gross profit Rs 12,183, ROI 0.23x"
DAV-01,MobiMart PJ Extension,M04,OnePlus Nord CE5,mid,24999,0.1444,21389,near end-of-life,0.558,1,1000,2014.2994248000002,0.09417454882416196,1,21389,3609.8556,False,"MobiMart PJ Extension: 1 units of OnePlus Nord CE5 - expected demand 0.6/week, capital tied up Rs 21,389, expected gross profit Rs 3,610, ROI 0.17x"
HUB-01,MobiMart Vidya Nagar,M20,OnePlus Nord 6,mid,31999,0.1186,28204,ramping,1.3938000000000001,2,1000,5289.58445532,0.093773657199688,2,56408,7590.1628,False,"MobiMart Vidya Nagar: 2 units of OnePlus Nord 6 - expected demand 1.4/week, capital tied up Rs 56,408, expected gross profit Rs 7,590, ROI 0.13x"
MAN-02,MobiMart Kottara,M13,Realme 15 Pro,mid,28999,0.1139,25696,declining,1.457142857142857,2,1000,4812.922602857143,0.09365120257738836,2,51392,6605.9722,False,"MobiMart Kottara: 2 units of Realme 15 Pro - expected demand 1.5/week, capital tied up Rs 51,392, expected gross profit Rs 6,606, ROI 0.13x"
BLR-06,MobiMart Rajajinagar,M13,Realme 15 Pro,mid,28999,0.1139,25696,declining,0.7285714285714285,1,1000,2406.4613014285715,0.09365120257738836,1,25696,3302.9861,False,"MobiMart Rajajinagar: 1 units of Realme 15 Pro - expected demand 0.7/week, capital tied up Rs 25,696, expected gross profit Rs 3,303, ROI 0.13x"
BEL-02,MobiMart Tilakwadi,M13,Realme 15 Pro,mid,28999,0.1139,25696,declining,0.7285714285714285,1,1000,2406.4613014285715,0.09365120257738836,1,25696,3302.9861,False,"MobiMart Tilakwadi: 1 units of Realme 15 Pro - expected demand 0.7/week, capital tied up Rs 25,696, expected gross profit Rs 3,303, ROI 0.13x"
BEL-02,MobiMart Tilakwadi,F20,Vivo X210 Pro,flagship,79999,0.1946,64431,ramping,0.3864,1,1000,6015.40000656,0.09336189111700889,1,64431,15567.8054,False,"MobiMart Tilakwadi: 1 units of Vivo X210 Pro - expected demand 0.4/week, capital tied up Rs 64,431, expected gross profit Rs 15,568, ROI 0.24x"
TUM-02,MobiMart SS Puram,F19,OnePlus Open 3,flagship,124999,0.2152,98099,ramping,0.3404,1,1000,9156.68674592,0.09334128529261257,1,98099,26899.7848,False,"MobiMart SS Puram: 1 units of OnePlus Open 3 - expected demand 0.3/week, capital tied up Rs 98,099, expected gross profit Rs 26,900, ROI 0.27x"
BLR-08,MobiMart Electronic City,F14,Vivo X210,flagship,69999,0.1731,57882,declining,0.44523809523809527,1,1000,5394.872929285714,0.09320467380680893,1,57882,12116.8269,False,"MobiMart Electronic City: 1 units of Vivo X210 - expected demand 0.4/week, capital tied up Rs 57,882, expected gross profit Rs 12,117, ROI 0.21x"
SHI-01,MobiMart Vidya Nagar,F14,Vivo X210,flagship,69999,0.1731,57882,declining,0.44523809523809527,1,1000,5394.872929285714,0.09320467380680893,1,57882,12116.8269,False,"MobiMart Vidya Nagar: 1 units of Vivo X210 - expected demand 0.4/week, capital tied up Rs 57,882, expected gross profit Rs 12,117, ROI 0.21x"
HUB-01,MobiMart Vidya Nagar,F12,iPhone 17 Pro,flagship,124900,0.213,98296,declining,0.34340000000000004,1,1000,9135.71058,0.09294081732725645,1,98296,26603.7,False,"MobiMart Vidya Nagar: 1 units of iPhone 17 Pro - expected demand 0.3/week, capital tied up Rs 98,296, expected gross profit Rs 26,604, ROI 0.27x"
BLR-01,MobiMart Jayanagar,F13,OnePlus 14,flagship,72999,0.1726,60399,declining,0.44523809523809527,1,1000,5609.834104285715,0.09287958582568775,1,60399,12599.6274,False,"MobiMart Jayanagar: 1 units of OnePlus 14 - expected demand 0.4/week, capital tied up Rs 60,399, expected gross profit Rs 12,600, ROI 0.21x"
BLR-02,MobiMart Koramangala,F13,OnePlus 14,flagship,72999,0.1726,60399,declining,0.44523809523809527,1,1000,5609.834104285715,0.09287958582568775,1,60399,12599.6274,False,"MobiMart Koramangala: 1 units of OnePlus 14 - expected demand 0.4/week, capital tied up Rs 60,399, expected gross profit Rs 12,600, ROI 0.21x"
BLR-02,MobiMart Koramangala,F10,iPhone 17,flagship,84900,0.2179,66400,near end-of-life,0.3333333333333333,1,1000,6166.570000000001,0.09287003012048194,1,66400,18499.71,False,"MobiMart Koramangala: 1 units of iPhone 17 - expected demand 0.3/week, capital tied up Rs 66,400, expected gross profit Rs 18,500, ROI 0.28x"
BLR-01,MobiMart Jayanagar,F05,Pixel 9 Pro,flagship,109999,0.1894,89165,near end-of-life,0.3965,1,1000,8260.6059029,0.09264404085571694,1,89165,20833.8106,False,"MobiMart Jayanagar: 1 units of Pixel 9 Pro - expected demand 0.4/week, capital tied up Rs 89,165, expected gross profit Rs 20,834, ROI 0.23x"
BLR-02,MobiMart Koramangala,F02,iPhone 16,flagship,79900,0.1711,66229,near end-of-life,0.44849999999999995,1,1000,6131.394164999999,0.0925786915852572,1,66229,13670.89,False,"MobiMart Koramangala: 1 units of iPhone 16 - expected demand 0.4/week, capital tied up Rs 66,229, expected gross profit Rs 13,671, ROI 0.21x"
BLR-04,MobiMart Whitefield,F01,Samsung Galaxy S25,flagship,74999,0.182,61349,near end-of-life,0.41600000000000004,1,1000,5678.324288000001,0.09255773179676932,1,61349,13649.818,False,"MobiMart Whitefield: 1 units of Samsung Galaxy S25 - expected demand 0.4/week, capital tied up Rs 61,349, expected gross profit Rs 13,650, ROI 0.22x"
BLR-05,MobiMart Malleshwaram,M02,Redmi Note 14,mid,18999,0.129,16548,near end-of-life,0.6240000000000001,1,1000,1529.3435040000004,0.09241863089195071,1,16548,2450.871,False,"MobiMart Malleshwaram: 1 units of Redmi Note 14 - expected demand 0.6/week, capital tied up Rs 16,548, expected gross profit Rs 2,451, ROI 0.15x"
BLR-04,MobiMart Whitefield,M02,Redmi Note 14,mid,18999,0.129,16548,near end-of-life,1.248,2,1000,3058.6870080000003,0.0924186308919507,2,33096,4901.742,False,"MobiMart Whitefield: 2 units of Redmi Note 14 - expected demand 1.2/week, capital tied up Rs 33,096, expected gross profit Rs 4,902, ROI 0.15x"
MYS-02,MobiMart Kuvempunagar,M17,POCO X8 Pro,mid,28999,0.1287,25267,peaking,1.25,2,1000,4665.214125,0.09231832281236396,2,50534,7464.342600000001,False,"MobiMart Kuvempunagar: 2 units of POCO X8 Pro - expected demand 1.2/week, capital tied up Rs 50,534, expected gross profit Rs 7,464, ROI 0.15x"
MYS-01,MobiMart Devaraja Mohalla,M11,Samsung Galaxy A27,mid,23999,0.138,20687,near end-of-life,0.576,1,1000,1907.6325120000001,0.09221407221926814,1,20687,3311.862,False,"MobiMart Devaraja Mohalla: 1 units of Samsung Galaxy A27 - expected demand 0.6/week, capital tied up Rs 20,687, expected gross profit Rs 3,312, ROI 0.16x"
BLR-07,MobiMart Yelahanka,M04,OnePlus Nord CE5,mid,24999,0.1444,21389,near end-of-life,0.546,1,1000,1970.9811576000002,0.09214928970966385,1,21389,3609.8556,False,"MobiMart Yelahanka: 1 units of OnePlus Nord CE5 - expected demand 0.5/week, capital tied up Rs 21,389, expected gross profit Rs 3,610, ROI 0.17x"
BEL-01,MobiMart Cantonment,M20,OnePlus Nord 6,mid,31999,0.1186,28204,ramping,1.3661999999999999,2,1000,5184.84020868,0.09191675309672387,2,56408,7590.1628,False,"MobiMart Cantonment: 2 units of OnePlus Nord 6 - expected demand 1.4/week, capital tied up Rs 56,408, expected gross profit Rs 7,590, ROI 0.13x"
BLR-04,MobiMart Whitefield,M12,Redmi Note 15,mid,19999,0.1391,17217,declining,0.5666666666666667,1,1000,1576.3878433333334,0.09155996069775997,1,17217,2781.8609,False,"MobiMart Whitefield: 1 units of Redmi Note 15 - expected demand 0.6/week, capital tied up Rs 17,217, expected gross profit Rs 2,782, ROI 0.16x"
MYS-02,MobiMart Kuvempunagar,F20,Vivo X210 Pro,flagship,79999,0.1946,64431,ramping,0.3772,1,1000,5872.176196879999,0.09113898894755629,1,64431,15567.8054,False,"MobiMart Kuvempunagar: 1 units of Vivo X210 Pro - expected demand 0.4/week, capital tied up Rs 64,431, expected gross profit Rs 15,568, ROI 0.24x"
UDU-01,MobiMart Udupi Main Road,M04,OnePlus Nord CE5,mid,24999,0.1444,21389,near end-of-life,0.54,1,1000,1949.322024,0.0911366601524148,1,21389,3609.8556,False,"MobiMart Udupi Main Road: 1 units of OnePlus Nord CE5 - expected demand 0.5/week, capital tied up Rs 21,389, expected gross profit Rs 3,610, ROI 0.17x"
KOL-01,MobiMart Station Road,M18,Nothing Phone (4a),mid,29999,0.1426,25721,ramping,1.0952380952380951,2,1000,4685.272390476191,0.0910787370334783,2,51442,8555.7148,False,"MobiMart Station Road: 2 units of Nothing Phone (4a) - expected demand 1.1/week, capital tied up Rs 51,442, expected gross profit Rs 8,556, ROI 0.17x"
MYS-01,MobiMart Devaraja Mohalla,M18,Nothing Phone (4a),mid,29999,0.1426,25721,ramping,0.5476190476190476,1,1000,2342.6361952380953,0.0910787370334783,1,25721,4277.8574,False,"MobiMart Devaraja Mohalla: 1 units of Nothing Phone (4a) - expected demand 0.5/week, capital tied up Rs 25,721, expected gross profit Rs 4,278, ROI 0.17x"
BLR-07,MobiMart Yelahanka,M19,Samsung Galaxy A37,mid,33999,0.1426,29151,ramping,0.5476190476190476,1,1000,2654.9980999999993,0.09107742787554456,1,29151,4848.2574,False,"MobiMart Yelahanka: 1 units of Samsung Galaxy A37 - expected demand 0.5/week, capital tied up Rs 29,151, expected gross profit Rs 4,848, ROI 0.17x"
HOS-01,MobiMart Hosur Road,M19,Samsung Galaxy A37,mid,33999,0.1426,29151,ramping,0.5476190476190476,1,1000,2654.9980999999993,0.09107742787554456,1,29151,4848.2574,False,"MobiMart Hosur Road: 1 units of Samsung Galaxy A37 - expected demand 0.5/week, capital tied up Rs 29,151, expected gross profit Rs 4,848, ROI 0.17x"
DAV-01,MobiMart PJ Extension,F15,Pixel 10 Pro,flagship,114999,0.1999,92011,declining,0.36428571428571427,1,1000,8374.309322142855,0.09101421919273625,1,92011,22988.3001,False,"MobiMart PJ Extension: 1 units of Pixel 10 Pro - expected demand 0.4/week, capital tied up Rs 92,011, expected gross profit Rs 22,988, ROI 0.25x"
HOS-01,MobiMart Hosur Road,F15,Pixel 10 Pro,flagship,114999,0.1999,92011,declining,0.36428571428571427,1,1000,8374.309322142855,0.09101421919273625,1,92011,22988.3001,False,"MobiMart Hosur Road: 1 units of Pixel 10 Pro - expected demand 0.4/week, capital tied up Rs 92,011, expected gross profit Rs 22,988, ROI 0.25x"
KOL-01,MobiMart Station Road,F15,Pixel 10 Pro,flagship,114999,0.1999,92011,declining,0.36428571428571427,1,1000,8374.309322142855,0.09101421919273625,1,92011,22988.3001,False,"MobiMart Station Road: 1 units of Pixel 10 Pro - expected demand 0.4/week, capital tied up Rs 92,011, expected gross profit Rs 22,988, ROI 0.25x"
MYS-01,MobiMart Devaraja Mohalla,F18,Samsung Galaxy Z Fold8,flagship,149999,0.2169,117464,ramping,0.3285714285714285,1,1000,10690.00016142857,0.09100660765365193,1,117464,32534.7831,False,"MobiMart Devaraja Mohalla: 1 units of Samsung Galaxy Z Fold8 - expected demand 0.3/week, capital tied up Rs 117,464, expected gross profit Rs 32,535, ROI 0.28x"
HUB-02,MobiMart Gokul Road,F18,Samsung Galaxy Z Fold8,flagship,149999,0.2169,117464,ramping,0.3285714285714285,1,1000,10690.00016142857,0.09100660765365193,1,117464,32534.7831,False,"MobiMart Gokul Road: 1 units of Samsung Galaxy Z Fold8 - expected demand 0.3/week, capital tied up Rs 117,464, expected gross profit Rs 32,535, ROI 0.28x"
MAN-01,MobiMart Court Road,F18,Samsung Galaxy Z Fold8,flagship,149999,0.2169,117464,ramping,0.3285714285714285,1,1000,10690.00016142857,0.09100660765365193,1,117464,32534.7831,False,"MobiMart Court Road: 1 units of Samsung Galaxy Z Fold8 - expected demand 0.3/week, capital tied up Rs 117,464, expected gross profit Rs 32,535, ROI 0.28x"
BLR-06,MobiMart Rajajinagar,M20,OnePlus Nord 6,mid,31999,0.1186,28204,ramping,1.3523999999999998,2,1000,5132.468085359999,0.0909883010452418,2,56408,7590.1628,False,"MobiMart Rajajinagar: 2 units of OnePlus Nord 6 - expected demand 1.4/week, capital tied up Rs 56,408, expected gross profit Rs 7,590, ROI 0.13x"
BLR-06,MobiMart Rajajinagar,F12,iPhone 17 Pro,flagship,124900,0.213,98296,declining,0.3332,1,1000,8864.35284,0.09018019899080329,1,98296,26603.7,False,"MobiMart Rajajinagar: 1 units of iPhone 17 Pro - expected demand 0.3/week, capital tied up Rs 98,296, expected gross profit Rs 26,604, ROI 0.27x"
MAN-02,MobiMart Kottara,M04,OnePlus Nord CE5,mid,24999,0.1444,21389,near end-of-life,0.534,1,1000,1927.6628904000002,0.09012403059516574,1,21389,3609.8556,False,"MobiMart Kottara: 1 units of OnePlus Nord CE5 - expected demand 0.5/week, capital tied up Rs 21,389, expected gross profit Rs 3,610, ROI 0.17x"
BLR-08,MobiMart Electronic City,F19,OnePlus Open 3,flagship,124999,0.2152,98099,ramping,0.3285714285714285,1,1000,8838.500719999998,0.09009776572645999,1,98099,26899.7848,False,"MobiMart Electronic City: 1 units of OnePlus Open 3 - expected demand 0.3/week, capital tied up Rs 98,099, expected gross profit Rs 26,900, ROI 0.27x"
MAN-02,MobiMart Kottara,F19,OnePlus Open 3,flagship,124999,0.2152,98099,ramping,0.3285714285714285,1,1000,8838.500719999998,0.09009776572645999,1,98099,26899.7848,False,"MobiMart Kottara: 1 units of OnePlus Open 3 - expected demand 0.3/week, capital tied up Rs 98,099, expected gross profit Rs 26,900, ROI 0.27x"
KAL-01,MobiMart KCD Road,F20,Vivo X210 Pro,flagship,79999,0.1946,64431,ramping,0.37260000000000004,1,1000,5800.5642920400005,0.09002753786283,1,64431,15567.8054,False,"MobiMart KCD Road: 1 units of Vivo X210 Pro - expected demand 0.4/week, capital tied up Rs 64,431, expected gross profit Rs 15,568, ROI 0.24x"
BLR-08,MobiMart Electronic City,M10,OnePlus Nord 5,mid,29999,0.1463,25610,near end-of-life,0.5238095238095238,1,1000,2298.9233666666673,0.08976662892099443,1,25610,4388.853700000001,False,"MobiMart Electronic City: 1 units of OnePlus Nord 5 - expected demand 0.5/week, capital tied up Rs 25,610, expected gross profit Rs 4,389, ROI 0.17x"
BLR-01,MobiMart Jayanagar,F04,Vivo X200,flagship,65999,0.1846,53816,near end-of-life,0.3965,1,1000,4830.7242061,0.08976371722350229,1,53816,12183.4154,False,"MobiMart Jayanagar: 1 units of Vivo X200 - expected demand 0.4/week, capital tied up Rs 53,816, expected gross profit Rs 12,183, ROI 0.23x"
HUB-01,MobiMart Vidya Nagar,M02,Redmi Note 14,mid,18999,0.129,16548,near end-of-life,0.6060000000000001,1,1000,1485.2278260000003,0.08975270884699059,1,16548,2450.871,False,"MobiMart Vidya Nagar: 1 units of Redmi Note 14 - expected demand 0.6/week, capital tied up Rs 16,548, expected gross profit Rs 2,451, ROI 0.15x"
MAN-01,MobiMart Court Road,M20,OnePlus Nord 6,mid,31999,0.1186,28204,ramping,2.0009999999999994,3,1000,7593.957881399998,0.08975036497659904,3,84612,11385.2442,False,"MobiMart Court Road: 3 units of OnePlus Nord 6 - expected demand 2.0/week, capital tied up Rs 84,612, expected gross profit Rs 11,385, ROI 0.13x"
BLR-01,MobiMart Jayanagar,F06,Xiaomi 15,flagship,64999,0.1837,53059,near end-of-life,0.3965,1,1000,4734.33541295,0.08922775425375526,1,53059,11940.3163,False,"MobiMart Jayanagar: 1 units of Xiaomi 15 - expected demand 0.4/week, capital tied up Rs 53,059, expected gross profit Rs 11,940, ROI 0.23x"
TUM-01,MobiMart MG Road,M09,Samsung Galaxy A36,mid,32999,0.1474,28135,near end-of-life,0.516,1,1000,2509.8511416,0.08920743350275458,1,28135,4864.0526,False,"MobiMart MG Road: 1 units of Samsung Galaxy A36 - expected demand 0.5/week, capital tied up Rs 28,135, expected gross profit Rs 4,864, ROI 0.17x"
MYS-01,MobiMart Devaraja Mohalla,M20,OnePlus Nord 6,mid,31999,0.1186,28204,ramping,1.3247999999999998,2,1000,5027.723838719999,0.08913139694227766,2,56408,7590.1628,False,"MobiMart Devaraja Mohalla: 2 units of OnePlus Nord 6 - expected demand 1.3/week, capital tied up Rs 56,408, expected gross profit Rs 7,590, ROI 0.13x"
DAV-01,MobiMart PJ Extension,M17,POCO X8 Pro,mid,28999,0.1287,25267,peaking,0.6,1,1000,2239.30278,0.08862558989986939,1,25267,3732.1713000000004,False,"MobiMart PJ Extension: 1 units of POCO X8 Pro - expected demand 0.6/week, capital tied up Rs 25,267, expected gross profit Rs 3,732, ROI 0.15x"
BLR-01,MobiMart Jayanagar,M03,Realme 14 Pro,mid,27999,0.1295,24373,near end-of-life,1.1895,2,1000,4312.97295975,0.08847849997435688,2,48746,7251.741,False,"MobiMart Jayanagar: 2 units of Realme 14 Pro - expected demand 1.2/week, capital tied up Rs 48,746, expected gross profit Rs 7,252, ROI 0.15x"
BLR-03,MobiMart Indiranagar,M13,Realme 15 Pro,mid,28999,0.1139,25696,declining,0.6880952380952381,1,1000,2272.7690069047617,0.08844835798975567,1,25696,3302.9861,False,"MobiMart Indiranagar: 1 units of Realme 15 Pro - expected demand 0.7/week, capital tied up Rs 25,696, expected gross profit Rs 3,303, ROI 0.13x"
MYS-01,MobiMart Devaraja Mohalla,M13,Realme 15 Pro,mid,28999,0.1139,25696,declining,0.6880952380952381,1,1000,2272.7690069047617,0.08844835798975567,1,25696,3302.9861,False,"MobiMart Devaraja Mohalla: 1 units of Realme 15 Pro - expected demand 0.7/week, capital tied up Rs 25,696, expected gross profit Rs 3,303, ROI 0.13x"
MAN-01,MobiMart Court Road,M13,Realme 15 Pro,mid,28999,0.1139,25696,declining,0.6880952380952381,1,1000,2272.7690069047617,0.08844835798975567,1,25696,3302.9861,False,"MobiMart Court Road: 1 units of Realme 15 Pro - expected demand 0.7/week, capital tied up Rs 25,696, expected gross profit Rs 3,303, ROI 0.13x"
BEL-01,MobiMart Cantonment,M03,Realme 14 Pro,mid,27999,0.1295,24373,near end-of-life,0.594,1,1000,2153.767077,0.08836692557338038,1,24373,3625.8705,False,"MobiMart Cantonment: 1 units of Realme 14 Pro - expected demand 0.6/week, capital tied up Rs 24,373, expected gross profit Rs 3,626, ROI 0.15x"
MYS-01,MobiMart Devaraja Mohalla,F12,iPhone 17 Pro,flagship,124900,0.213,98296,declining,0.3264,1,1000,8683.44768,0.08833978676650117,1,98296,26603.7,False,"MobiMart Devaraja Mohalla: 1 units of iPhone 17 Pro - expected demand 0.3/week, capital tied up Rs 98,296, expected gross profit Rs 26,604, ROI 0.27x"
BLR-01,MobiMart Jayanagar,F01,Samsung Galaxy S25,flagship,74999,0.182,61349,near end-of-life,0.3965,1,1000,5412.152837,0.08821908811879574,1,61349,13649.818,False,"MobiMart Jayanagar: 1 units of Samsung Galaxy S25 - expected demand 0.4/week, capital tied up Rs 61,349, expected gross profit Rs 13,650, ROI 0.22x"
BLR-01,MobiMart Jayanagar,M02,Redmi Note 14,mid,18999,0.129,16548,near end-of-life,1.1895,2,1000,2915.3110545,0.0880865075688905,2,33096,4901.742,False,"MobiMart Jayanagar: 2 units of Redmi Note 14 - expected demand 1.2/week, capital tied up Rs 33,096, expected gross profit Rs 4,902, ROI 0.15x"
BEL-01,MobiMart Cantonment,M02,Redmi Note 14,mid,18999,0.129,16548,near end-of-life,0.594,1,1000,1455.817374,0.08797542748368382,1,16548,2450.871,False,"MobiMart Cantonment: 1 units of Redmi Note 14 - expected demand 0.6/week, capital tied up Rs 16,548, expected gross profit Rs 2,451, ROI 0.15x"
DAV-02,MobiMart MCC B Block,F20,Vivo X210 Pro,flagship,79999,0.1946,64431,ramping,0.36340000000000006,1,1000,5657.340482360001,0.08780463569337743,1,64431,15567.8054,False,"MobiMart MCC B Block: 1 units of Vivo X210 Pro - expected demand 0.4/week, capital tied up Rs 64,431, expected gross profit Rs 15,568, ROI 0.24x"
HUB-01,MobiMart Vidya Nagar,M16,Motorola Edge 70 Fusion,mid,23999,0.1383,20680,declining,1.092857142857143,2,1000,3627.2602864285723,0.08769971678985909,2,41360,6638.1234,False,"MobiMart Vidya Nagar: 2 units of Motorola Edge 70 Fusion - expected demand 1.1/week, capital tied up Rs 41,360, expected gross profit Rs 6,638, ROI 0.16x"
BLR-06,MobiMart Rajajinagar,M03,Realme 14 Pro,mid,27999,0.1295,24373,near end-of-life,0.588,1,1000,2132.0118540000003,0.08747433036556847,1,24373,3625.8705,False,"MobiMart Rajajinagar: 1 units of Realme 14 Pro - expected demand 0.6/week, capital tied up Rs 24,373, expected gross profit Rs 3,626, ROI 0.15x"
HUB-02,MobiMart Gokul Road,M14,OnePlus Nord CE6,mid,25999,0.1259,22726,declining,0.6071428571428571,1,1000,1987.3449892857143,0.0874480766208622,1,22726,3273.2741,False,"MobiMart Gokul Road: 1 units of OnePlus Nord CE6 - expected demand 0.6/week, capital tied up Rs 22,726, expected gross profit Rs 3,273, ROI 0.14x"
HUB-01,MobiMart Vidya Nagar,F16,Xiaomi 16,flagship,67999,0.2027,54216,declining,0.34340000000000004,1,1000,4733.2186328200005,0.08730298496421722,1,54216,13783.397299999999,False,"MobiMart Vidya Nagar: 1 units of Xiaomi 16 - expected demand 0.3/week, capital tied up Rs 54,216, expected gross profit Rs 13,783, ROI 0.25x"
KOL-01,MobiMart Station Road,F17,iPhone 17 Pro Max,flagship,139900,0.2178,109430,ramping,0.3128,1,1000,9531.084816,0.08709754926436993,1,109430,30470.219999999998,False,"MobiMart Station Road: 1 units of iPhone 17 Pro Max - expected demand 0.3/week, capital tied up Rs 109,430, expected gross profit Rs 30,470, ROI 0.28x"
BLR-06,MobiMart Rajajinagar,M02,Redmi Note 14,mid,18999,0.129,16548,near end-of-life,0.588,1,1000,1441.1121480000002,0.08708678680203047,1,16548,2450.871,False,"MobiMart Rajajinagar: 1 units of Redmi Note 14 - expected demand 0.6/week, capital tied up Rs 16,548, expected gross profit Rs 2,451, ROI 0.15x"
BLR-03,MobiMart Indiranagar,F03,OnePlus 13,flagship,69999,0.2067,55530,near end-of-life,0.3333333333333333,1,1000,4822.9311,0.08685271204754187,1,55530,14468.7933,False,"MobiMart Indiranagar: 1 units of OnePlus 13 - expected demand 0.3/week, capital tied up Rs 55,530, expected gross profit Rs 14,469, ROI 0.26x"
DAV-01,MobiMart PJ Extension,M20,OnePlus Nord 6,mid,31999,0.1186,28204,ramping,1.2834,2,1000,4870.60746876,0.08634604078783152,2,56408,7590.1628,False,"MobiMart PJ Extension: 2 units of OnePlus Nord 6 - expected demand 1.3/week, capital tied up Rs 56,408, expected gross profit Rs 7,590, ROI 0.13x"
BLR-01,MobiMart Jayanagar,B01,Nokia 110 Power,budget,6999,0.0798,6440,near end-of-life,1.9825,2,1000,1107.2662965,0.08596788016304348,2,12880,1117.0403999999999,False,"MobiMart Jayanagar: 2 units of Nokia 110 Power - expected demand 2.0/week, capital tied up Rs 12,880, expected gross profit Rs 1,117, ROI 0.09x"
BEL-01,MobiMart Cantonment,B01,Nokia 110 Power,budget,6999,0.0798,6440,near end-of-life,0.9900000000000001,1,1000,552.9349980000001,0.08585947173913044,1,6440,558.5201999999999,False,"MobiMart Cantonment: 1 units of Nokia 110 Power - expected demand 1.0/week, capital tied up Rs 6,440, expected gross profit Rs 559, ROI 0.09x"
KOL-01,MobiMart Station Road,F19,OnePlus Open 3,flagship,124999,0.2152,98099,ramping,0.3128,1,1000,8414.25268544,0.08577307297158993,1,98099,26899.7848,False,"MobiMart Station Road: 1 units of OnePlus Open 3 - expected demand 0.3/week, capital tied up Rs 98,099, expected gross profit Rs 26,900, ROI 0.27x"
BLR-01,MobiMart Jayanagar,B05,Moto G15 Play,budget,10999,0.0793,10127,near end-of-life,1.9825,2,1000,1729.1775377499998,0.08537461922336327,2,20254,1744.4414,False,"MobiMart Jayanagar: 2 units of Moto G15 Play - expected demand 2.0/week, capital tied up Rs 20,254, expected gross profit Rs 1,744, ROI 0.09x"
MYS-01,MobiMart Devaraja Mohalla,M02,Redmi Note 14,mid,18999,0.129,16548,near end-of-life,0.576,1,1000,1411.7016959999999,0.0853095054387237,1,16548,2450.871,False,"MobiMart Devaraja Mohalla: 1 units of Redmi Note 14 - expected demand 0.6/week, capital tied up Rs 16,548, expected gross profit Rs 2,451, ROI 0.15x"
BLR-03,MobiMart Indiranagar,F07,iPhone 16 Pro,flagship,119900,0.1678,99781,near end-of-life,0.42250000000000004,1,1000,8500.370450000002,0.0851902711939147,1,99781,20119.22,False,"MobiMart Indiranagar: 1 units of iPhone 16 Pro - expected demand 0.4/week, capital tied up Rs 99,781, expected gross profit Rs 20,119, ROI 0.20x"
DAV-01,MobiMart PJ Extension,M12,Redmi Note 15,mid,19999,0.1391,17217,declining,0.5261904761904762,1,1000,1463.7887116666666,0.08501996350506281,1,17217,2781.8609,False,"MobiMart PJ Extension: 1 units of Redmi Note 15 - expected demand 0.5/week, capital tied up Rs 17,217, expected gross profit Rs 2,782, ROI 0.16x"
KAL-01,MobiMart KCD Road,M12,Redmi Note 15,mid,19999,0.1391,17217,declining,0.5261904761904762,1,1000,1463.7887116666666,0.08501996350506281,1,17217,2781.8609,False,"MobiMart KCD Road: 1 units of Redmi Note 15 - expected demand 0.5/week, capital tied up Rs 17,217, expected gross profit Rs 2,782, ROI 0.16x"
UDU-01,MobiMart Udupi Main Road,M12,Redmi Note 15,mid,19999,0.1391,17217,declining,0.5261904761904762,1,1000,1463.7887116666666,0.08501996350506281,1,17217,2781.8609,False,"MobiMart Udupi Main Road: 1 units of Redmi Note 15 - expected demand 0.5/week, capital tied up Rs 17,217, expected gross profit Rs 2,782, ROI 0.16x"
BLR-06,MobiMart Rajajinagar,B01,Nokia 110 Power,budget,6999,0.0798,6440,near end-of-life,0.9800000000000001,1,1000,547.349796,0.08499220434782609,1,6440,558.5201999999999,False,"MobiMart Rajajinagar: 1 units of Nokia 110 Power - expected demand 1.0/week, capital tied up Rs 6,440, expected gross profit Rs 559, ROI 0.09x"
BLR-01,MobiMart Jayanagar,M06,Motorola Edge 60 Fusion,mid,22999,0.1248,20129,near end-of-life,1.1895,2,1000,3414.1923503999997,0.08480779845993341,2,40258,5740.5504,False,"MobiMart Jayanagar: 2 units of Motorola Edge 60 Fusion - expected demand 1.2/week, capital tied up Rs 40,258, expected gross profit Rs 5,741, ROI 0.14x"
BLR-01,MobiMart Jayanagar,M14,OnePlus Nord CE6,mid,25999,0.1259,22726,declining,1.1738095238095239,2,1000,3842.2003126190484,0.08453314073350014,2,45452,6546.5482,False,"MobiMart Jayanagar: 2 units of OnePlus Nord CE6 - expected demand 1.2/week, capital tied up Rs 45,452, expected gross profit Rs 6,547, ROI 0.14x"
BLR-07,MobiMart Yelahanka,M20,OnePlus Nord 6,mid,31999,0.1186,28204,ramping,1.2558,2,1000,4765.86322212,0.08448913668486739,2,56408,7590.1628,False,"MobiMart Yelahanka: 2 units of OnePlus Nord 6 - expected demand 1.3/week, capital tied up Rs 56,408, expected gross profit Rs 7,590, ROI 0.13x"
HOS-01,MobiMart Hosur Road,F20,Vivo X210 Pro,flagship,79999,0.1946,64431,ramping,0.3496,1,1000,5442.504767840001,0.08447028243919853,1,64431,15567.8054,False,"MobiMart Hosur Road: 1 units of Vivo X210 Pro - expected demand 0.3/week, capital tied up Rs 64,431, expected gross profit Rs 15,568, ROI 0.24x"
BLR-03,MobiMart Indiranagar,M11,Samsung Galaxy A27,mid,23999,0.138,20687,near end-of-life,0.5238095238095238,1,1000,1734.7848571428574,0.08385869662797203,1,20687,3311.862,False,"MobiMart Indiranagar: 1 units of Samsung Galaxy A27 - expected demand 0.5/week, capital tied up Rs 20,687, expected gross profit Rs 3,312, ROI 0.16x"
SHI-01,MobiMart Vidya Nagar,M11,Samsung Galaxy A27,mid,23999,0.138,20687,near end-of-life,0.522,1,1000,1728.7919640000002,0.08356900294871177,1,20687,3311.862,False,"MobiMart Vidya Nagar: 1 units of Samsung Galaxy A27 - expected demand 0.5/week, capital tied up Rs 20,687, expected gross profit Rs 3,312, ROI 0.16x"
UDU-01,MobiMart Udupi Main Road,M20,OnePlus Nord 6,mid,31999,0.1186,28204,ramping,1.242,2,1000,4713.4910988,0.08356068463338534,2,56408,7590.1628,False,"MobiMart Udupi Main Road: 2 units of OnePlus Nord 6 - expected demand 1.2/week, capital tied up Rs 56,408, expected gross profit Rs 7,590, ROI 0.13x"
MYS-02,MobiMart Kuvempunagar,B15,Moto G16 Play,budget,11499,0.0792,10588,declining,2.914285714285714,3,1000,2654.1006171428576,0.08355687624804362,3,31764,2732.1624,False,"MobiMart Kuvempunagar: 3 units of Moto G16 Play - expected demand 2.9/week, capital tied up Rs 31,764, expected gross profit Rs 2,732, ROI 0.09x"
TUM-02,MobiMart SS Puram,B15,Moto G16 Play,budget,11499,0.0792,10588,declining,2.914285714285714,3,1000,2654.1006171428576,0.08355687624804362,3,31764,2732.1624,False,"MobiMart SS Puram: 3 units of Moto G16 Play - expected demand 2.9/week, capital tied up Rs 31,764, expected gross profit Rs 2,732, ROI 0.09x"
BLR-02,MobiMart Koramangala,M01,Samsung Galaxy A26,mid,22999,0.1104,20460,near end-of-life,1.3455,2,1000,3416.3450567999994,0.08348839337243401,2,40920,5078.1792,False,"MobiMart Koramangala: 2 units of Samsung Galaxy A26 - expected demand 1.3/week, capital tied up Rs 40,920, expected gross profit Rs 5,078, ROI 0.12x"
BLR-06,MobiMart Rajajinagar,M08,Nothing Phone (3a),mid,27999,0.1243,24519,near end-of-life,0.588,1,1000,2046.4021116,0.08346189125168237,1,24519,3480.2756999999997,False,"MobiMart Rajajinagar: 1 units of Nothing Phone (3a) - expected demand 0.6/week, capital tied up Rs 24,519, expected gross profit Rs 3,480, ROI 0.14x"
BLR-06,MobiMart Rajajinagar,F15,Pixel 10 Pro,flagship,114999,0.1999,92011,declining,0.3332,1,1000,7659.70159332,0.08324767248828945,1,92011,22988.3001,False,"MobiMart Rajajinagar: 1 units of Pixel 10 Pro - expected demand 0.3/week, capital tied up Rs 92,011, expected gross profit Rs 22,988, ROI 0.25x"
MYS-02,MobiMart Kuvempunagar,M04,OnePlus Nord CE5,mid,24999,0.1444,21389,near end-of-life,0.492,1,1000,1776.0489552,0.08303562369442236,1,21389,3609.8556,False,"MobiMart Kuvempunagar: 1 units of OnePlus Nord CE5 - expected demand 0.5/week, capital tied up Rs 21,389, expected gross profit Rs 3,610, ROI 0.17x"
DAV-01,MobiMart PJ Extension,M03,Realme 14 Pro,mid,27999,0.1295,24373,near end-of-life,0.558,1,1000,2023.2357390000002,0.08301135432650884,1,24373,3625.8705,False,"MobiMart PJ Extension: 1 units of Realme 14 Pro - expected demand 0.6/week, capital tied up Rs 24,373, expected gross profit Rs 3,626, ROI 0.15x"
MYS-01,MobiMart Devaraja Mohalla,F16,Xiaomi 16,flagship,67999,0.2027,54216,declining,0.3264,1,1000,4498.90087872,0.08298105501549358,1,54216,13783.397299999999,False,"MobiMart Devaraja Mohalla: 1 units of Xiaomi 16 - expected demand 0.3/week, capital tied up Rs 54,216, expected gross profit Rs 13,783, ROI 0.25x"
UDU-01,MobiMart Udupi Main Road,F12,iPhone 17 Pro,flagship,124900,0.213,98296,declining,0.30600000000000005,1,1000,8140.732200000001,0.08281855009359487,1,98296,26603.7,False,"MobiMart Udupi Main Road: 1 units of iPhone 17 Pro - expected demand 0.3/week, capital tied up Rs 98,296, expected gross profit Rs 26,604, ROI 0.27x"
MAN-02,MobiMart Kottara,M20,OnePlus Nord 6,mid,31999,0.1186,28204,ramping,1.2282,2,1000,4661.11897548,0.08263223258190328,2,56408,7590.1628,False,"MobiMart Kottara: 2 units of OnePlus Nord 6 - expected demand 1.2/week, capital tied up Rs 56,408, expected gross profit Rs 7,590, ROI 0.13x"
BLR-07,MobiMart Yelahanka,M15,Vivo V51e,mid,30999,0.1402,26653,declining,1.0119047619047619,2,1000,4397.798607142857,0.08250100564932385,2,53306,8692.1196,False,"MobiMart Yelahanka: 2 units of Vivo V51e - expected demand 1.0/week, capital tied up Rs 53,306, expected gross profit Rs 8,692, ROI 0.16x"
DAV-01,MobiMart PJ Extension,B15,Moto G16 Play,budget,11499,0.0792,10588,declining,2.873809523809524,3,1000,2617.2381085714287,0.0823963640779319,3,31764,2732.1624,False,"MobiMart PJ Extension: 3 units of Moto G16 Play - expected demand 2.9/week, capital tied up Rs 31,764, expected gross profit Rs 2,732, ROI 0.09x"
BLR-07,MobiMart Yelahanka,F16,Xiaomi 16,flagship,67999,0.2027,54216,declining,0.32380952380952377,1,1000,4463.195316190476,0.0823224752137833,1,54216,13783.397299999999,False,"MobiMart Yelahanka: 1 units of Xiaomi 16 - expected demand 0.3/week, capital tied up Rs 54,216, expected gross profit Rs 13,783, ROI 0.25x"
TUM-01,MobiMart MG Road,F16,Xiaomi 16,flagship,67999,0.2027,54216,declining,0.32380952380952377,1,1000,4463.195316190476,0.0823224752137833,1,54216,13783.397299999999,False,"MobiMart MG Road: 1 units of Xiaomi 16 - expected demand 0.3/week, capital tied up Rs 54,216, expected gross profit Rs 13,783, ROI 0.25x"
TUM-02,MobiMart SS Puram,F20,Vivo X210 Pro,flagship,79999,0.1946,64431,ramping,0.3404,1,1000,5299.2809581599995,0.08224738026974593,1,64431,15567.8054,False,"MobiMart SS Puram: 1 units of Vivo X210 Pro - expected demand 0.3/week, capital tied up Rs 64,431, expected gross profit Rs 15,568, ROI 0.24x"
BLR-01,MobiMart Jayanagar,F02,iPhone 16,flagship,79900,0.1711,66229,near end-of-life,0.3965,1,1000,5420.507885,0.08184493024203898,1,66229,13670.89,False,"MobiMart Jayanagar: 1 units of iPhone 16 - expected demand 0.4/week, capital tied up Rs 66,229, expected gross profit Rs 13,671, ROI 0.21x"
BLR-06,MobiMart Rajajinagar,B15,Moto G16 Play,budget,11499,0.0792,10588,declining,3.8047619047619046,4,1000,3465.075805714286,0.08181610799287604,4,42352,3642.8832,False,"MobiMart Rajajinagar: 4 units of Moto G16 Play - expected demand 3.8/week, capital tied up Rs 42,352, expected gross profit Rs 3,643, ROI 0.09x"
HOS-01,MobiMart Hosur Road,B15,Moto G16 Play,budget,11499,0.0792,10588,declining,3.8047619047619046,4,1000,3465.075805714286,0.08181610799287604,4,42352,3642.8832,False,"MobiMart Hosur Road: 4 units of Moto G16 Play - expected demand 3.8/week, capital tied up Rs 42,352, expected gross profit Rs 3,643, ROI 0.09x"
TUM-01,MobiMart MG Road,B15,Moto G16 Play,budget,11499,0.0792,10588,declining,1.9023809523809523,2,1000,1732.537902857143,0.08181610799287604,2,21176,1821.4416,False,"MobiMart MG Road: 2 units of Moto G16 Play - expected demand 1.9/week, capital tied up Rs 21,176, expected gross profit Rs 1,821, ROI 0.09x"
BEL-02,MobiMart Tilakwadi,M12,Redmi Note 15,mid,19999,0.1391,17217,declining,1.0119047619047619,2,1000,2814.9782916666663,0.08174996490871425,2,34434,5563.7218,False,"MobiMart Tilakwadi: 2 units of Redmi Note 15 - expected demand 1.0/week, capital tied up Rs 34,434, expected gross profit Rs 5,564, ROI 0.16x"
HUB-02,MobiMart Gokul Road,M20,OnePlus Nord 6,mid,31999,0.1186,28204,ramping,1.2144,2,1000,4608.746852159999,0.08170378053042121,2,56408,7590.1628,False,"MobiMart Gokul Road: 2 units of OnePlus Nord 6 - expected demand 1.2/week, capital tied up Rs 56,408, expected gross profit Rs 7,590, ROI 0.13x"
SHI-01,MobiMart Vidya Nagar,M14,OnePlus Nord CE6,mid,25999,0.1259,22726,declining,1.1333333333333333,2,1000,3709.710646666667,0.08161820484613806,2,45452,6546.5482,False,"MobiMart Vidya Nagar: 2 units of OnePlus Nord CE6 - expected demand 1.1/week, capital tied up Rs 45,452, expected gross profit Rs 6,547, ROI 0.14x"
DAV-02,MobiMart MCC B Block,M10,OnePlus Nord 5,mid,29999,0.1463,25610,near end-of-life,0.47400000000000003,1,1000,2080.3166538000005,0.08123063857087078,1,25610,4388.853700000001,False,"MobiMart MCC B Block: 1 units of OnePlus Nord 5 - expected demand 0.5/week, capital tied up Rs 25,610, expected gross profit Rs 4,389, ROI 0.17x"
BLR-07,MobiMart Yelahanka,M03,Realme 14 Pro,mid,27999,0.1295,24373,near end-of-life,0.546,1,1000,1979.7252930000002,0.08122616391088501,1,24373,3625.8705,False,"MobiMart Yelahanka: 1 units of Realme 14 Pro - expected demand 0.5/week, capital tied up Rs 24,373, expected gross profit Rs 3,626, ROI 0.15x"
MAN-01,MobiMart Court Road,F08,Samsung Galaxy Z Flip7,flagship,99999,0.2188,78119,near end-of-life,0.29,1,1000,6345.1365479999995,0.0812239858165107,1,78119,21879.7812,False,"MobiMart Court Road: 1 units of Samsung Galaxy Z Flip7 - expected demand 0.3/week, capital tied up Rs 78,119, expected gross profit Rs 21,880, ROI 0.28x"
BLR-07,MobiMart Yelahanka,M02,Redmi Note 14,mid,18999,0.129,16548,near end-of-life,0.546,1,1000,1338.1755660000003,0.08086630203045687,1,16548,2450.871,False,"MobiMart Yelahanka: 1 units of Redmi Note 14 - expected demand 0.5/week, capital tied up Rs 16,548, expected gross profit Rs 2,451, ROI 0.15x"
SHI-01,MobiMart Vidya Nagar,M20,OnePlus Nord 6,mid,31999,0.1186,28204,ramping,1.2006,2,1000,4556.374728839999,0.08077532847893915,2,56408,7590.1628,False,"MobiMart Vidya Nagar: 2 units of OnePlus Nord 6 - expected demand 1.2/week, capital tied up Rs 56,408, expected gross profit Rs 7,590, ROI 0.13x"
BLR-01,MobiMart Jayanagar,B04,Realme Note 60,budget,9499,0.0751,8786,near end-of-life,1.9825,2,1000,1414.2657392499998,0.08048405071989527,2,17572,1426.7498,False,"MobiMart Jayanagar: 2 units of Realme Note 60 - expected demand 2.0/week, capital tied up Rs 17,572, expected gross profit Rs 1,427, ROI 0.08x"
DAV-01,MobiMart PJ Extension,F16,Xiaomi 16,flagship,67999,0.2027,54216,declining,0.31620000000000004,1,1000,4358.31022626,0.0803878970462594,1,54216,13783.397299999999,False,"MobiMart PJ Extension: 1 units of Xiaomi 16 - expected demand 0.3/week, capital tied up Rs 54,216, expected gross profit Rs 13,783, ROI 0.25x"
UDU-01,MobiMart Udupi Main Road,M03,Realme 14 Pro,mid,27999,0.1295,24373,near end-of-life,0.54,1,1000,1957.97007,0.08033356870307308,1,24373,3625.8705,False,"MobiMart Udupi Main Road: 1 units of Realme 14 Pro - expected demand 0.5/week, capital tied up Rs 24,373, expected gross profit Rs 3,626, ROI 0.15x"
BLR-01,MobiMart Jayanagar,B03,Redmi A5,budget,7999,0.0748,7401,near end-of-life,1.9825,2,1000,1186.179709,0.08013644838535333,2,14802,1196.6504,False,"MobiMart Jayanagar: 2 units of Redmi A5 - expected demand 2.0/week, capital tied up Rs 14,802, expected gross profit Rs 1,197, ROI 0.08x"
HUB-01,MobiMart Vidya Nagar,B15,Moto G16 Play,budget,11499,0.0792,10588,declining,3.723809523809524,4,1000,3391.350788571429,0.08007533973770846,4,42352,3642.8832,False,"MobiMart Vidya Nagar: 4 units of Moto G16 Play - expected demand 3.7/week, capital tied up Rs 42,352, expected gross profit Rs 3,643, ROI 0.09x"
SHI-01,MobiMart Vidya Nagar,B15,Moto G16 Play,budget,11499,0.0792,10588,declining,2.7928571428571427,3,1000,2543.5130914285714,0.08007533973770846,3,31764,2732.1624,False,"MobiMart Vidya Nagar: 3 units of Moto G16 Play - expected demand 2.8/week, capital tied up Rs 31,764, expected gross profit Rs 2,732, ROI 0.09x"
UDU-01,MobiMart Udupi Main Road,B15,Moto G16 Play,budget,11499,0.0792,10588,declining,2.7928571428571427,3,1000,2543.5130914285714,0.08007533973770846,3,31764,2732.1624,False,"MobiMart Udupi Main Road: 3 units of Moto G16 Play - expected demand 2.8/week, capital tied up Rs 31,764, expected gross profit Rs 2,732, ROI 0.09x"
DAV-02,MobiMart MCC B Block,B15,Moto G16 Play,budget,11499,0.0792,10588,declining,1.861904761904762,2,1000,1695.6753942857144,0.08007533973770846,2,21176,1821.4416,False,"MobiMart MCC B Block: 2 units of Moto G16 Play - expected demand 1.9/week, capital tied up Rs 21,176, expected gross profit Rs 1,821, ROI 0.09x"
BLR-03,MobiMart Indiranagar,B15,Moto G16 Play,budget,11499,0.0792,10588,declining,0.930952380952381,1,1000,847.8376971428572,0.08007533973770846,1,10588,910.7208,False,"MobiMart Indiranagar: 1 units of Moto G16 Play - expected demand 0.9/week, capital tied up Rs 10,588, expected gross profit Rs 911, ROI 0.09x"
SHI-01,MobiMart Vidya Nagar,F12,iPhone 17 Pro,flagship,124900,0.213,98296,declining,0.2958,1,1000,7869.374459999999,0.08005793175714168,1,98296,26603.7,False,"MobiMart Vidya Nagar: 1 units of iPhone 17 Pro - expected demand 0.3/week, capital tied up Rs 98,296, expected gross profit Rs 26,604, ROI 0.27x"
DAV-02,MobiMart MCC B Block,M04,OnePlus Nord CE5,mid,24999,0.1444,21389,near end-of-life,0.47400000000000003,1,1000,1711.0715544000002,0.07999773502267521,1,21389,3609.8556,False,"MobiMart MCC B Block: 1 units of OnePlus Nord CE5 - expected demand 0.5/week, capital tied up Rs 21,389, expected gross profit Rs 3,610, ROI 0.17x"
UDU-01,MobiMart Udupi Main Road,M02,Redmi Note 14,mid,18999,0.129,16548,near end-of-life,0.54,1,1000,1323.47034,0.07997766134880349,1,16548,2450.871,False,"MobiMart Udupi Main Road: 1 units of Redmi Note 14 - expected demand 0.5/week, capital tied up Rs 16,548, expected gross profit Rs 2,451, ROI 0.15x"
TUM-01,MobiMart MG Road,M20,OnePlus Nord 6,mid,31999,0.1186,28204,ramping,1.1867999999999999,2,1000,4504.00260552,0.0798468764274571,2,56408,7590.1628,False,"MobiMart MG Road: 2 units of OnePlus Nord 6 - expected demand 1.2/week, capital tied up Rs 56,408, expected gross profit Rs 7,590, ROI 0.13x"
MAN-02,MobiMart Kottara,M03,Realme 14 Pro,mid,27999,0.1295,24373,near end-of-life,0.534,1,1000,1936.2148470000002,0.07944097349526116,1,24373,3625.8705,False,"MobiMart Kottara: 1 units of Realme 14 Pro - expected demand 0.5/week, capital tied up Rs 24,373, expected gross profit Rs 3,626, ROI 0.15x"
BLR-06,MobiMart Rajajinagar,B03,Redmi A5,budget,7999,0.0748,7401,near end-of-life,0.9800000000000001,1,1000,586.3586960000001,0.07922695527631403,1,7401,598.3252,False,"MobiMart Rajajinagar: 1 units of Redmi A5 - expected demand 1.0/week, capital tied up Rs 7,401, expected gross profit Rs 598, ROI 0.08x"
BEL-02,MobiMart Tilakwadi,B15,Moto G16 Play,budget,11499,0.0792,10588,declining,2.7523809523809524,3,1000,2506.650582857143,0.07891482756759674,3,31764,2732.1624,False,"MobiMart Tilakwadi: 3 units of Moto G16 Play - expected demand 2.8/week, capital tied up Rs 31,764, expected gross profit Rs 2,732, ROI 0.09x"
MAN-02,MobiMart Kottara,M14,OnePlus Nord CE6,mid,25999,0.1259,22726,declining,1.092857142857143,2,1000,3577.2209807142867,0.078703268958776,2,45452,6546.5482,False,"MobiMart Kottara: 2 units of OnePlus Nord CE6 - expected demand 1.1/week, capital tied up Rs 45,452, expected gross profit Rs 6,547, ROI 0.14x"
BLR-08,MobiMart Electronic City,F08,Samsung Galaxy Z Flip7,flagship,99999,0.2188,78119,near end-of-life,0.28,1,1000,6126.338736,0.07842315871938965,1,78119,21879.7812,False,"MobiMart Electronic City: 1 units of Samsung Galaxy Z Flip7 - expected demand 0.3/week, capital tied up Rs 78,119, expected gross profit Rs 21,880, ROI 0.28x"
HUB-01,MobiMart Vidya Nagar,M07,POCO X7 Pro,mid,26999,0.1145,23908,near end-of-life,0.6060000000000001,1,1000,1873.3796130000003,0.07835785565501088,1,23908,3091.3855000000003,False,"MobiMart Vidya Nagar: 1 units of POCO X7 Pro - expected demand 0.6/week, capital tied up Rs 23,908, expected gross profit Rs 3,091, ROI 0.13x"
KOL-01,MobiMart Station Road,B15,Moto G16 Play,budget,11499,0.0792,10588,declining,1.8214285714285714,2,1000,1658.8128857142858,0.07833457148254089,2,21176,1821.4416,False,"MobiMart Station Road: 2 units of Moto G16 Play - expected demand 1.8/week, capital tied up Rs 21,176, expected gross profit Rs 1,821, ROI 0.09x"
MAN-01,MobiMart Court Road,M09,Samsung Galaxy A36,mid,32999,0.1474,28135,near end-of-life,0.4523809523809524,1,1000,2200.4047476190476,0.07820880567332673,1,28135,4864.0526,False,"MobiMart Court Road: 1 units of Samsung Galaxy A36 - expected demand 0.5/week, capital tied up Rs 28,135, expected gross profit Rs 4,864, ROI 0.17x"
HUB-02,MobiMart Gokul Road,M02,Redmi Note 14,mid,18999,0.129,16548,near end-of-life,0.528,1,1000,1294.059888,0.07820037998549674,1,16548,2450.871,False,"MobiMart Gokul Road: 1 units of Redmi Note 14 - expected demand 0.5/week, capital tied up Rs 16,548, expected gross profit Rs 2,451, ROI 0.15x"
UDU-01,MobiMart Udupi Main Road,B01,Nokia 110 Power,budget,6999,0.0798,6440,near end-of-life,0.9,1,1000,502.66818,0.0780540652173913,1,6440,558.5201999999999,False,"MobiMart Udupi Main Road: 1 units of Nokia 110 Power - expected demand 0.9/week, capital tied up Rs 6,440, expected gross profit Rs 559, ROI 0.09x"
TUM-01,MobiMart MG Road,M13,Realme 15 Pro,mid,28999,0.1139,25696,declining,0.6071428571428571,1,1000,2005.3844178571428,0.0780426688144903,1,25696,3302.9861,False,"MobiMart MG Road: 1 units of Realme 15 Pro - expected demand 0.6/week, capital tied up Rs 25,696, expected gross profit Rs 3,303, ROI 0.13x"
BLR-08,MobiMart Electronic City,F10,iPhone 17,flagship,84900,0.2179,66400,near end-of-life,0.28,1,1000,5179.918800000001,0.07801082530120484,1,66400,18499.71,False,"MobiMart Electronic City: 1 units of iPhone 17 - expected demand 0.3/week, capital tied up Rs 66,400, expected gross profit Rs 18,500, ROI 0.28x"
BEL-02,MobiMart Tilakwadi,M20,OnePlus Nord 6,mid,31999,0.1186,28204,ramping,1.1592,2,1000,4399.25835888,0.07798997232449298,2,56408,7590.1628,False,"MobiMart Tilakwadi: 2 units of OnePlus Nord 6 - expected demand 1.2/week, capital tied up Rs 56,408, expected gross profit Rs 7,590, ROI 0.13x"
BLR-07,MobiMart Yelahanka,B15,Moto G16 Play,budget,11499,0.0792,10588,declining,2.711904761904762,3,1000,2469.7880742857146,0.07775431539748504,3,31764,2732.1624,False,"MobiMart Yelahanka: 3 units of Moto G16 Play - expected demand 2.7/week, capital tied up Rs 31,764, expected gross profit Rs 2,732, ROI 0.09x"
SHI-01,MobiMart Vidya Nagar,M03,Realme 14 Pro,mid,27999,0.1295,24373,near end-of-life,0.522,1,1000,1892.7044010000002,0.07765578307963732,1,24373,3625.8705,False,"MobiMart Vidya Nagar: 1 units of Realme 14 Pro - expected demand 0.5/week, capital tied up Rs 24,373, expected gross profit Rs 3,626, ROI 0.15x"
HUB-01,MobiMart Vidya Nagar,M17,POCO X8 Pro,mid,28999,0.1287,25267,peaking,1.05,2,1000,3918.7798650000004,0.07754739116238572,2,50534,7464.342600000001,False,"MobiMart Vidya Nagar: 2 units of POCO X8 Pro - expected demand 1.1/week, capital tied up Rs 50,534, expected gross profit Rs 7,464, ROI 0.15x"
BEL-02,MobiMart Tilakwadi,M17,POCO X8 Pro,mid,28999,0.1287,25267,peaking,1.05,2,1000,3918.7798650000004,0.07754739116238572,2,50534,7464.342600000001,False,"MobiMart Tilakwadi: 2 units of POCO X8 Pro - expected demand 1.1/week, capital tied up Rs 50,534, expected gross profit Rs 7,464, ROI 0.15x"
UDU-01,MobiMart Udupi Main Road,B05,Moto G15 Play,budget,10999,0.0793,10127,near end-of-life,0.9,1,1000,784.9986299999999,0.07751541720154043,1,10127,872.2207,False,"MobiMart Udupi Main Road: 1 units of Moto G15 Play - expected demand 0.9/week, capital tied up Rs 10,127, expected gross profit Rs 872, ROI 0.09x"
BLR-02,MobiMart Koramangala,F09,OnePlus Open 2,flagship,119999,0.1886,97367,near end-of-life,0.3333333333333333,1,1000,7543.937133333333,0.07747940404175267,1,97367,22631.8114,False,"MobiMart Koramangala: 1 units of OnePlus Open 2 - expected demand 0.3/week, capital tied up Rs 97,367, expected gross profit Rs 22,632, ROI 0.23x"
BLR-05,MobiMart Malleshwaram,M01,Samsung Galaxy A26,mid,22999,0.1104,20460,near end-of-life,0.6240000000000001,1,1000,1584.3919104000001,0.07743850979472142,1,20460,2539.0896,False,"MobiMart Malleshwaram: 1 units of Samsung Galaxy A26 - expected demand 0.6/week, capital tied up Rs 20,460, expected gross profit Rs 2,539, ROI 0.12x"
SHI-01,MobiMart Vidya Nagar,M02,Redmi Note 14,mid,18999,0.129,16548,near end-of-life,0.522,1,1000,1279.3546620000002,0.07731173930384337,1,16548,2450.871,False,"MobiMart Vidya Nagar: 1 units of Redmi Note 14 - expected demand 0.5/week, capital tied up Rs 16,548, expected gross profit Rs 2,451, ROI 0.15x"
MAN-02,MobiMart Kottara,B01,Nokia 110 Power,budget,6999,0.0798,6440,near end-of-life,0.8900000000000001,1,1000,497.082978,0.07718679782608696,1,6440,558.5201999999999,False,"MobiMart Kottara: 1 units of Nokia 110 Power - expected demand 0.9/week, capital tied up Rs 6,440, expected gross profit Rs 559, ROI 0.09x"
UDU-01,MobiMart Udupi Main Road,M06,Motorola Edge 60 Fusion,mid,22999,0.1248,20129,near end-of-life,0.54,1,1000,1549.9486080000001,0.07700077539867853,1,20129,2870.2752,False,"MobiMart Udupi Main Road: 1 units of Motorola Edge 60 Fusion - expected demand 0.5/week, capital tied up Rs 20,129, expected gross profit Rs 2,870, ROI 0.14x"
HOS-01,MobiMart Hosur Road,M04,OnePlus Nord CE5,mid,24999,0.1444,21389,near end-of-life,0.45600000000000007,1,1000,1646.0941536000003,0.07695984635092806,1,21389,3609.8556,False,"MobiMart Hosur Road: 1 units of OnePlus Nord CE5 - expected demand 0.5/week, capital tied up Rs 21,389, expected gross profit Rs 3,610, ROI 0.17x"
TUM-01,MobiMart MG Road,M03,Realme 14 Pro,mid,27999,0.1295,24373,near end-of-life,0.516,1,1000,1870.949178,0.07676318787182539,1,24373,3625.8705,False,"MobiMart MG Road: 1 units of Realme 14 Pro - expected demand 0.5/week, capital tied up Rs 24,373, expected gross profit Rs 3,626, ROI 0.15x"
TUM-01,MobiMart MG Road,M02,Redmi Note 14,mid,18999,0.129,16548,near end-of-life,0.516,1,1000,1264.6494360000002,0.07642309862219,1,16548,2450.871,False,"MobiMart MG Road: 1 units of Redmi Note 14 - expected demand 0.5/week, capital tied up Rs 16,548, expected gross profit Rs 2,451, ROI 0.15x"
HUB-02,MobiMart Gokul Road,B01,Nokia 110 Power,budget,6999,0.0798,6440,near end-of-life,0.8800000000000001,1,1000,491.49777600000004,0.07631953043478261,1,6440,558.5201999999999,False,"MobiMart Gokul Road: 1 units of Nokia 110 Power - expected demand 0.9/week, capital tied up Rs 6,440, expected gross profit Rs 559, ROI 0.09x"
UDU-01,MobiMart Udupi Main Road,F14,Vivo X210,flagship,69999,0.1731,57882,declining,0.36428571428571427,1,1000,4413.986942142857,0.0762583694782982,1,57882,12116.8269,False,"MobiMart Udupi Main Road: 1 units of Vivo X210 - expected demand 0.4/week, capital tied up Rs 57,882, expected gross profit Rs 12,117, ROI 0.21x"
SHI-01,MobiMart Vidya Nagar,F17,iPhone 17 Pro Max,flagship,139900,0.2178,109430,ramping,0.2738095238095238,1,1000,8343.036428571428,0.0762408519471025,1,109430,30470.219999999998,False,"MobiMart Vidya Nagar: 1 units of iPhone 17 Pro Max - expected demand 0.3/week, capital tied up Rs 109,430, expected gross profit Rs 30,470, ROI 0.28x"
UDU-01,MobiMart Udupi Main Road,F17,iPhone 17 Pro Max,flagship,139900,0.2178,109430,ramping,0.2738095238095238,1,1000,8343.036428571428,0.0762408519471025,1,109430,30470.219999999998,False,"MobiMart Udupi Main Road: 1 units of iPhone 17 Pro Max - expected demand 0.3/week, capital tied up Rs 109,430, expected gross profit Rs 30,470, ROI 0.28x"
MAN-01,MobiMart Court Road,M11,Samsung Galaxy A27,mid,23999,0.138,20687,near end-of-life,0.47619047619047616,1,1000,1577.0771428571427,0.07623517875270183,1,20687,3311.862,False,"MobiMart Court Road: 1 units of Samsung Galaxy A27 - expected demand 0.5/week, capital tied up Rs 20,687, expected gross profit Rs 3,312, ROI 0.16x"
MYS-02,MobiMart Kuvempunagar,M20,OnePlus Nord 6,mid,31999,0.1186,28204,ramping,1.1316,2,1000,4294.514112239999,0.07613306822152885,2,56408,7590.1628,False,"MobiMart Kuvempunagar: 2 units of OnePlus Nord 6 - expected demand 1.1/week, capital tied up Rs 56,408, expected gross profit Rs 7,590, ROI 0.13x"
BEL-02,MobiMart Tilakwadi,F13,OnePlus 14,flagship,72999,0.1726,60399,declining,0.36428571428571427,1,1000,4589.864267142857,0.07599238840283543,1,60399,12599.6274,False,"MobiMart Tilakwadi: 1 units of OnePlus 14 - expected demand 0.4/week, capital tied up Rs 60,399, expected gross profit Rs 12,600, ROI 0.21x"
BLR-07,MobiMart Yelahanka,F18,Samsung Galaxy Z Fold8,flagship,149999,0.2169,117464,ramping,0.2738095238095238,1,1000,8908.333467857143,0.07583883971137662,1,117464,32534.7831,False,"MobiMart Yelahanka: 1 units of Samsung Galaxy Z Fold8 - expected demand 0.3/week, capital tied up Rs 117,464, expected gross profit Rs 32,535, ROI 0.28x"
UDU-01,MobiMart Udupi Main Road,F18,Samsung Galaxy Z Fold8,flagship,149999,0.2169,117464,ramping,0.2738095238095238,1,1000,8908.333467857143,0.07583883971137662,1,117464,32534.7831,False,"MobiMart Udupi Main Road: 1 units of Samsung Galaxy Z Fold8 - expected demand 0.3/week, capital tied up Rs 117,464, expected gross profit Rs 32,535, ROI 0.28x"
KOL-01,MobiMart Station Road,F18,Samsung Galaxy Z Fold8,flagship,149999,0.2169,117464,ramping,0.2738095238095238,1,1000,8908.333467857143,0.07583883971137662,1,117464,32534.7831,False,"MobiMart Station Road: 1 units of Samsung Galaxy Z Fold8 - expected demand 0.3/week, capital tied up Rs 117,464, expected gross profit Rs 32,535, ROI 0.28x"
MAN-02,MobiMart Kottara,M08,Nothing Phone (3a),mid,27999,0.1243,24519,near end-of-life,0.534,1,1000,1858.4672238,0.07579702368775236,1,24519,3480.2756999999997,False,"MobiMart Kottara: 1 units of Nothing Phone (3a) - expected demand 0.5/week, capital tied up Rs 24,519, expected gross profit Rs 3,480, ROI 0.14x"
HUB-02,MobiMart Gokul Road,B05,Moto G15 Play,budget,10999,0.0793,10127,near end-of-life,0.8800000000000001,1,1000,767.554216,0.07579285237483954,1,10127,872.2207,False,"MobiMart Gokul Road: 1 units of Moto G15 Play - expected demand 0.9/week, capital tied up Rs 10,127, expected gross profit Rs 872, ROI 0.09x"
BLR-03,MobiMart Indiranagar,M14,OnePlus Nord CE6,mid,25999,0.1259,22726,declining,0.5261904761904762,1,1000,1722.3656573809526,0.07578833307141392,1,22726,3273.2741,False,"MobiMart Indiranagar: 1 units of OnePlus Nord CE6 - expected demand 0.5/week, capital tied up Rs 22,726, expected gross profit Rs 3,273, ROI 0.14x"
KOL-01,MobiMart Station Road,F20,Vivo X210 Pro,flagship,79999,0.1946,64431,ramping,0.3128,1,1000,4869.60952912,0.07557867376138815,1,64431,15567.8054,False,"MobiMart Station Road: 1 units of Vivo X210 Pro - expected demand 0.3/week, capital tied up Rs 64,431, expected gross profit Rs 15,568, ROI 0.24x"
MAN-01,MobiMart Court Road,F03,OnePlus 13,flagship,69999,0.2067,55530,near end-of-life,0.29,1,1000,4195.950057,0.07556185948136143,1,55530,14468.7933,False,"MobiMart Court Road: 1 units of OnePlus 13 - expected demand 0.3/week, capital tied up Rs 55,530, expected gross profit Rs 14,469, ROI 0.26x"
MYS-02,MobiMart Kuvempunagar,F12,iPhone 17 Pro,flagship,124900,0.213,98296,declining,0.2788,1,1000,7417.11156,0.07545690119638643,1,98296,26603.7,False,"MobiMart Kuvempunagar: 1 units of iPhone 17 Pro - expected demand 0.3/week, capital tied up Rs 98,296, expected gross profit Rs 26,604, ROI 0.27x"
BLR-04,MobiMart Whitefield,M13,Realme 15 Pro,mid,28999,0.1139,25696,declining,1.1738095238095239,2,1000,3877.0765411904763,0.07544124652067397,2,51392,6605.9722,False,"MobiMart Whitefield: 2 units of Realme 15 Pro - expected demand 1.2/week, capital tied up Rs 51,392, expected gross profit Rs 6,606, ROI 0.13x"
HUB-01,MobiMart Vidya Nagar,M01,Samsung Galaxy A26,mid,22999,0.1104,20460,near end-of-life,0.6060000000000001,1,1000,1538.6882976000002,0.075204706627566,1,20460,2539.0896,False,"MobiMart Vidya Nagar: 1 units of Samsung Galaxy A26 - expected demand 0.6/week, capital tied up Rs 20,460, expected gross profit Rs 2,539, ROI 0.12x"
KAL-01,MobiMart KCD Road,M20,OnePlus Nord 6,mid,31999,0.1186,28204,ramping,1.1178,2,1000,4242.14198892,0.0752046161700468,2,56408,7590.1628,False,"MobiMart KCD Road: 2 units of OnePlus Nord 6 - expected demand 1.1/week, capital tied up Rs 56,408, expected gross profit Rs 7,590, ROI 0.13x"
BLR-04,MobiMart Whitefield,F19,OnePlus Open 3,flagship,124999,0.2152,98099,ramping,0.2738095238095238,1,1000,7365.417266666666,0.07508147143871667,1,98099,26899.7848,False,"MobiMart Whitefield: 1 units of OnePlus Open 3 - expected demand 0.3/week, capital tied up Rs 98,099, expected gross profit Rs 26,900, ROI 0.27x"
BLR-07,MobiMart Yelahanka,F19,OnePlus Open 3,flagship,124999,0.2152,98099,ramping,0.2738095238095238,1,1000,7365.417266666666,0.07508147143871667,1,98099,26899.7848,False,"MobiMart Yelahanka: 1 units of OnePlus Open 3 - expected demand 0.3/week, capital tied up Rs 98,099, expected gross profit Rs 26,900, ROI 0.27x"
TUM-01,MobiMart MG Road,F19,OnePlus Open 3,flagship,124999,0.2152,98099,ramping,0.2738095238095238,1,1000,7365.417266666666,0.07508147143871667,1,98099,26899.7848,False,"MobiMart MG Road: 1 units of OnePlus Open 3 - expected demand 0.3/week, capital tied up Rs 98,099, expected gross profit Rs 26,900, ROI 0.27x"
HUB-02,MobiMart Gokul Road,M08,Nothing Phone (3a),mid,27999,0.1243,24519,near end-of-life,0.528,1,1000,1837.5855696,0.07494537173620458,1,24519,3480.2756999999997,False,"MobiMart Gokul Road: 1 units of Nothing Phone (3a) - expected demand 0.5/week, capital tied up Rs 24,519, expected gross profit Rs 3,480, ROI 0.14x"
HUB-02,MobiMart Gokul Road,F15,Pixel 10 Pro,flagship,114999,0.1999,92011,declining,0.2992,1,1000,6878.099389920001,0.07475301203030074,1,92011,22988.3001,False,"MobiMart Gokul Road: 1 units of Pixel 10 Pro - expected demand 0.3/week, capital tied up Rs 92,011, expected gross profit Rs 22,988, ROI 0.25x"
BLR-03,MobiMart Indiranagar,M05,Vivo V50e,mid,29999,0.1055,26834,near end-of-life,1.2675,2,1000,4011.5037787500005,0.07474666055657003,2,53668,6329.789,False,"MobiMart Indiranagar: 2 units of Vivo V50e - expected demand 1.3/week, capital tied up Rs 53,668, expected gross profit Rs 6,330, ROI 0.12x"
KAL-01,MobiMart KCD Road,F12,iPhone 17 Pro,flagship,124900,0.213,98296,declining,0.27540000000000003,1,1000,7326.658980000001,0.07453669508423538,1,98296,26603.7,False,"MobiMart KCD Road: 1 units of iPhone 17 Pro - expected demand 0.3/week, capital tied up Rs 98,296, expected gross profit Rs 26,604, ROI 0.27x"
MYS-01,MobiMart Devaraja Mohalla,B15,Moto G16 Play,budget,11499,0.0792,10588,declining,4.330952380952381,5,1000,3944.288417142857,0.07450488132117221,5,52940,4553.604,False,"MobiMart Devaraja Mohalla: 5 units of Moto G16 Play - expected demand 4.3/week, capital tied up Rs 52,940, expected gross profit Rs 4,554, ROI 0.09x"
HUB-02,MobiMart Gokul Road,B08,Samsung Galaxy F06,budget,10499,0.0776,9684,near end-of-life,0.8800000000000001,1,1000,716.9557120000001,0.07403507971912433,1,9684,814.7224,False,"MobiMart Gokul Road: 1 units of Samsung Galaxy F06 - expected demand 0.9/week, capital tied up Rs 9,684, expected gross profit Rs 815, ROI 0.08x"
BLR-05,MobiMart Malleshwaram,F14,Vivo X210,flagship,69999,0.1731,57882,declining,0.3536,1,1000,4284.50999184,0.0740214573069348,1,57882,12116.8269,False,"MobiMart Malleshwaram: 1 units of Vivo X210 - expected demand 0.4/week, capital tied up Rs 57,882, expected gross profit Rs 12,117, ROI 0.21x"
SHI-01,MobiMart Vidya Nagar,F15,Pixel 10 Pro,flagship,114999,0.1999,92011,declining,0.2958,1,1000,6799.9391695799995,0.07390354598450184,1,92011,22988.3001,False,"MobiMart Vidya Nagar: 1 units of Pixel 10 Pro - expected demand 0.3/week, capital tied up Rs 92,011, expected gross profit Rs 22,988, ROI 0.25x"
BLR-01,MobiMart Jayanagar,M01,Samsung Galaxy A26,mid,22999,0.1104,20460,near end-of-life,1.1895,2,1000,3020.2470792,0.07380857964809384,2,40920,5078.1792,False,"MobiMart Jayanagar: 2 units of Samsung Galaxy A26 - expected demand 1.2/week, capital tied up Rs 40,920, expected gross profit Rs 5,078, ROI 0.12x"
BEL-01,MobiMart Cantonment,M01,Samsung Galaxy A26,mid,22999,0.1104,20460,near end-of-life,0.594,1,1000,1508.2192223999998,0.07371550451612903,1,20460,2539.0896,False,"MobiMart Cantonment: 1 units of Samsung Galaxy A26 - expected demand 0.6/week, capital tied up Rs 20,460, expected gross profit Rs 2,539, ROI 0.12x"
TUM-01,MobiMart MG Road,M06,Motorola Edge 60 Fusion,mid,22999,0.1248,20129,near end-of-life,0.516,1,1000,1481.0620032,0.07357851871429281,1,20129,2870.2752,False,"MobiMart MG Road: 1 units of Motorola Edge 60 Fusion - expected demand 0.5/week, capital tied up Rs 20,129, expected gross profit Rs 2,870, ROI 0.14x"
BLR-07,MobiMart Yelahanka,B03,Redmi A5,budget,7999,0.0748,7401,near end-of-life,0.91,1,1000,544.4759320000001,0.07356788704229159,1,7401,598.3252,False,"MobiMart Yelahanka: 1 units of Redmi A5 - expected demand 0.9/week, capital tied up Rs 7,401, expected gross profit Rs 598, ROI 0.08x"
TUM-02,MobiMart SS Puram,M10,OnePlus Nord 5,mid,29999,0.1463,25610,near end-of-life,0.42857142857142855,1,1000,1880.9373,0.07344542366263179,1,25610,4388.853700000001,False,"MobiMart SS Puram: 1 units of OnePlus Nord 5 - expected demand 0.4/week, capital tied up Rs 25,610, expected gross profit Rs 4,389, ROI 0.17x"
DAV-01,MobiMart PJ Extension,M10,OnePlus Nord 5,mid,29999,0.1463,25610,near end-of-life,0.42857142857142855,1,1000,1880.9373,0.07344542366263179,1,25610,4388.853700000001,False,"MobiMart PJ Extension: 1 units of OnePlus Nord 5 - expected demand 0.4/week, capital tied up Rs 25,610, expected gross profit Rs 4,389, ROI 0.17x"
DAV-02,MobiMart MCC B Block,M20,OnePlus Nord 6,mid,31999,0.1186,28204,ramping,1.0902,2,1000,4137.39774228,0.07334771206708268,2,56408,7590.1628,False,"MobiMart MCC B Block: 2 units of OnePlus Nord 6 - expected demand 1.1/week, capital tied up Rs 56,408, expected gross profit Rs 7,590, ROI 0.13x"
TUM-01,MobiMart MG Road,M08,Nothing Phone (3a),mid,27999,0.1243,24519,near end-of-life,0.516,1,1000,1795.8222612,0.07324206783310902,1,24519,3480.2756999999997,False,"MobiMart MG Road: 1 units of Nothing Phone (3a) - expected demand 0.5/week, capital tied up Rs 24,519, expected gross profit Rs 3,480, ROI 0.14x"
MYS-02,MobiMart Kuvempunagar,M03,Realme 14 Pro,mid,27999,0.1295,24373,near end-of-life,0.492,1,1000,1783.928286,0.07319280704057769,1,24373,3625.8705,False,"MobiMart Kuvempunagar: 1 units of Realme 14 Pro - expected demand 0.5/week, capital tied up Rs 24,373, expected gross profit Rs 3,626, ROI 0.15x"
BLR-05,MobiMart Malleshwaram,B15,Moto G16 Play,budget,11499,0.0792,10588,declining,5.1,6,1000,4644.67608,0.07311226671703816,6,63528,5464.3248,False,"MobiMart Malleshwaram: 6 units of Moto G16 Play - expected demand 5.1/week, capital tied up Rs 63,528, expected gross profit Rs 5,464, ROI 0.09x"
UDU-01,MobiMart Udupi Main Road,B04,Realme Note 60,budget,9499,0.0751,8786,near end-of-life,0.9,1,1000,642.03741,0.07307505235602095,1,8786,713.3749,False,"MobiMart Udupi Main Road: 1 units of Realme Note 60 - expected demand 0.9/week, capital tied up Rs 8,786, expected gross profit Rs 713, ROI 0.08x"
TUM-01,MobiMart MG Road,F15,Pixel 10 Pro,flagship,114999,0.1999,92011,declining,0.2924,1,1000,6721.77894924,0.07305407993870298,1,92011,22988.3001,False,"MobiMart MG Road: 1 units of Pixel 10 Pro - expected demand 0.3/week, capital tied up Rs 92,011, expected gross profit Rs 22,988, ROI 0.25x"
BLR-06,MobiMart Rajajinagar,M01,Samsung Galaxy A26,mid,22999,0.1104,20460,near end-of-life,0.588,1,1000,1492.9846847999997,0.07297090346041055,1,20460,2539.0896,False,"MobiMart Rajajinagar: 1 units of Samsung Galaxy A26 - expected demand 0.6/week, capital tied up Rs 20,460, expected gross profit Rs 2,539, ROI 0.12x"
BLR-08,MobiMart Electronic City,F03,OnePlus 13,flagship,69999,0.2067,55530,near end-of-life,0.28,1,1000,4051.2621240000003,0.07295627811993517,1,55530,14468.7933,False,"MobiMart Electronic City: 1 units of OnePlus 13 - expected demand 0.3/week, capital tied up Rs 55,530, expected gross profit Rs 14,469, ROI 0.26x"
KAL-01,MobiMart KCD Road,M13,Realme 15 Pro,mid,28999,0.1139,25696,declining,0.5666666666666667,1,1000,1871.6921233333333,0.07283982422685761,1,25696,3302.9861,False,"MobiMart KCD Road: 1 units of Realme 15 Pro - expected demand 0.6/week, capital tied up Rs 25,696, expected gross profit Rs 3,303, ROI 0.13x"
HOS-01,MobiMart Hosur Road,M13,Realme 15 Pro,mid,28999,0.1139,25696,declining,0.5666666666666667,1,1000,1871.6921233333333,0.07283982422685761,1,25696,3302.9861,False,"MobiMart Hosur Road: 1 units of Realme 15 Pro - expected demand 0.6/week, capital tied up Rs 25,696, expected gross profit Rs 3,303, ROI 0.13x"
DAV-02,MobiMart MCC B Block,F12,iPhone 17 Pro,flagship,124900,0.213,98296,declining,0.26860000000000006,1,1000,7145.753820000001,0.07269628285993326,1,98296,26603.7,False,"MobiMart MCC B Block: 1 units of iPhone 17 Pro - expected demand 0.3/week, capital tied up Rs 98,296, expected gross profit Rs 26,604, ROI 0.27x"
TUM-01,MobiMart MG Road,B08,Samsung Galaxy F06,budget,10499,0.0776,9684,near end-of-life,0.86,1,1000,700.661264,0.07235246427096241,1,9684,814.7224,False,"MobiMart MG Road: 1 units of Samsung Galaxy F06 - expected demand 0.9/week, capital tied up Rs 9,684, expected gross profit Rs 815, ROI 0.08x"
KAL-01,MobiMart KCD Road,M03,Realme 14 Pro,mid,27999,0.1295,24373,near end-of-life,0.48600000000000004,1,1000,1762.1730630000002,0.07230021183276578,1,24373,3625.8705,False,"MobiMart KCD Road: 1 units of Realme 14 Pro - expected demand 0.5/week, capital tied up Rs 24,373, expected gross profit Rs 3,626, ROI 0.15x"
DAV-01,MobiMart PJ Extension,M07,POCO X7 Pro,mid,26999,0.1145,23908,near end-of-life,0.558,1,1000,1724.9931090000002,0.0721512928308516,1,23908,3091.3855000000003,False,"MobiMart PJ Extension: 1 units of POCO X7 Pro - expected demand 0.6/week, capital tied up Rs 23,908, expected gross profit Rs 3,091, ROI 0.13x"
KAL-01,MobiMart KCD Road,M02,Redmi Note 14,mid,18999,0.129,16548,near end-of-life,0.48600000000000004,1,1000,1191.1233060000002,0.07197989521392315,1,16548,2450.871,False,"MobiMart KCD Road: 1 units of Redmi Note 14 - expected demand 0.5/week, capital tied up Rs 16,548, expected gross profit Rs 2,451, ROI 0.15x"
MAN-02,MobiMart Kottara,B03,Redmi A5,budget,7999,0.0748,7401,near end-of-life,0.8900000000000001,1,1000,532.5094280000001,0.07195101040399947,1,7401,598.3252,False,"MobiMart Kottara: 1 units of Redmi A5 - expected demand 0.9/week, capital tied up Rs 7,401, expected gross profit Rs 598, ROI 0.08x"
HOS-01,MobiMart Hosur Road,M12,Redmi Note 15,mid,19999,0.1391,17217,declining,0.44523809523809527,1,1000,1238.5904483333334,0.07193996911966855,1,17217,2781.8609,False,"MobiMart Hosur Road: 1 units of Redmi Note 15 - expected demand 0.4/week, capital tied up Rs 17,217, expected gross profit Rs 2,782, ROI 0.16x"
BEL-02,MobiMart Tilakwadi,M06,Motorola Edge 60 Fusion,mid,22999,0.1248,20129,near end-of-life,0.504,1,1000,1446.6187008,0.07186739037209995,1,20129,2870.2752,False,"MobiMart Tilakwadi: 1 units of Motorola Edge 60 Fusion - expected demand 0.5/week, capital tied up Rs 20,129, expected gross profit Rs 2,870, ROI 0.14x"
HUB-01,MobiMart Vidya Nagar,F13,OnePlus 14,flagship,72999,0.1726,60399,declining,0.34340000000000004,1,1000,4326.712049160001,0.07163549146773955,1,60399,12599.6274,False,"MobiMart Vidya Nagar: 1 units of OnePlus 14 - expected demand 0.3/week, capital tied up Rs 60,399, expected gross profit Rs 12,600, ROI 0.21x"
HUB-01,MobiMart Vidya Nagar,M05,Vivo V50e,mid,29999,0.1055,26834,near end-of-life,0.6060000000000001,1,1000,1917.9260670000003,0.0714737298576433,1,26834,3164.8945,False,"MobiMart Vidya Nagar: 1 units of Vivo V50e - expected demand 0.6/week, capital tied up Rs 26,834, expected gross profit Rs 3,165, ROI 0.12x"
HUB-02,MobiMart Gokul Road,M16,Motorola Edge 70 Fusion,mid,23999,0.1383,20680,declining,0.44523809523809527,1,1000,1477.7727092857147,0.07145902849544075,1,20680,3319.0617,False,"MobiMart Gokul Road: 1 units of Motorola Edge 70 Fusion - expected demand 0.4/week, capital tied up Rs 20,680, expected gross profit Rs 3,319, ROI 0.16x"
SHI-01,MobiMart Vidya Nagar,M16,Motorola Edge 70 Fusion,mid,23999,0.1383,20680,declining,0.44523809523809527,1,1000,1477.7727092857147,0.07145902849544075,1,20680,3319.0617,False,"MobiMart Vidya Nagar: 1 units of Motorola Edge 70 Fusion - expected demand 0.4/week, capital tied up Rs 20,680, expected gross profit Rs 3,319, ROI 0.16x"
BEL-02,MobiMart Tilakwadi,F15,Pixel 10 Pro,flagship,114999,0.1999,92011,declining,0.2856,1,1000,6565.458508560001,0.07135514784710525,1,92011,22988.3001,False,"MobiMart Tilakwadi: 1 units of Pixel 10 Pro - expected demand 0.3/week, capital tied up Rs 92,011, expected gross profit Rs 22,988, ROI 0.25x"
HUB-02,MobiMart Gokul Road,B03,Redmi A5,budget,7999,0.0748,7401,near end-of-life,0.8800000000000001,1,1000,526.5261760000001,0.0711425720848534,1,7401,598.3252,False,"MobiMart Gokul Road: 1 units of Redmi A5 - expected demand 0.9/week, capital tied up Rs 7,401, expected gross profit Rs 598, ROI 0.08x"
MYS-02,MobiMart Kuvempunagar,B01,Nokia 110 Power,budget,6999,0.0798,6440,near end-of-life,0.82,1,1000,457.98656399999993,0.07111592608695651,1,6440,558.5201999999999,False,"MobiMart Kuvempunagar: 1 units of Nokia 110 Power - expected demand 0.8/week, capital tied up Rs 6,440, expected gross profit Rs 559, ROI 0.09x"
BLR-07,MobiMart Yelahanka,F15,Pixel 10 Pro,flagship,114999,0.1999,92011,declining,0.2833333333333333,1,1000,6513.351694999999,0.07078883714990598,1,92011,22988.3001,False,"MobiMart Yelahanka: 1 units of Pixel 10 Pro - expected demand 0.3/week, capital tied up Rs 92,011, expected gross profit Rs 22,988, ROI 0.25x"
HOS-01,MobiMart Hosur Road,M20,OnePlus Nord 6,mid,31999,0.1186,28204,ramping,1.0488000000000002,2,1000,3980.281372320001,0.07056235591263653,2,56408,7590.1628,False,"MobiMart Hosur Road: 2 units of OnePlus Nord 6 - expected demand 1.0/week, capital tied up Rs 56,408, expected gross profit Rs 7,590, ROI 0.13x"
DAV-02,MobiMart MCC B Block,M03,Realme 14 Pro,mid,27999,0.1295,24373,near end-of-life,0.47400000000000003,1,1000,1718.6626170000002,0.07051502141714193,1,24373,3625.8705,False,"MobiMart MCC B Block: 1 units of Realme 14 Pro - expected demand 0.5/week, capital tied up Rs 24,373, expected gross profit Rs 3,626, ROI 0.15x"
KAL-01,MobiMart KCD Road,B01,Nokia 110 Power,budget,6999,0.0798,6440,near end-of-life,0.8100000000000002,1,1000,452.40136200000006,0.07024865869565218,1,6440,558.5201999999999,False,"MobiMart KCD Road: 1 units of Nokia 110 Power - expected demand 0.8/week, capital tied up Rs 6,440, expected gross profit Rs 559, ROI 0.09x"
BLR-06,MobiMart Rajajinagar,M14,OnePlus Nord CE6,mid,25999,0.1259,22726,declining,0.48571428571428565,1,1000,1589.8759914285715,0.06995846129668976,1,22726,3273.2741,False,"MobiMart Rajajinagar: 1 units of OnePlus Nord CE6 - expected demand 0.5/week, capital tied up Rs 22,726, expected gross profit Rs 3,273, ROI 0.14x"
HOS-01,MobiMart Hosur Road,F12,iPhone 17 Pro,flagship,124900,0.213,98296,declining,0.2584,1,1000,6874.39608,0.0699356645234801,1,98296,26603.7,False,"MobiMart Hosur Road: 1 units of iPhone 17 Pro - expected demand 0.3/week, capital tied up Rs 98,296, expected gross profit Rs 26,604, ROI 0.27x"
UDU-01,MobiMart Udupi Main Road,M07,POCO X7 Pro,mid,26999,0.1145,23908,near end-of-life,0.54,1,1000,1669.3481700000002,0.06982383177179188,1,23908,3091.3855000000003,False,"MobiMart Udupi Main Road: 1 units of POCO X7 Pro - expected demand 0.5/week, capital tied up Rs 23,908, expected gross profit Rs 3,091, ROI 0.13x"
MYS-02,MobiMart Kuvempunagar,F15,Pixel 10 Pro,flagship,114999,0.1999,92011,declining,0.2788,1,1000,6409.13806788,0.06965621575550748,1,92011,22988.3001,False,"MobiMart Kuvempunagar: 1 units of Pixel 10 Pro - expected demand 0.3/week, capital tied up Rs 92,011, expected gross profit Rs 22,988, ROI 0.25x"
BEL-01,MobiMart Cantonment,B15,Moto G16 Play,budget,11499,0.0792,10588,declining,4.0476190476190474,5,1000,3686.2508571428575,0.06963073020670302,5,52940,4553.604,False,"MobiMart Cantonment: 5 units of Moto G16 Play - expected demand 4.0/week, capital tied up Rs 52,940, expected gross profit Rs 4,554, ROI 0.09x"
HUB-02,MobiMart Gokul Road,B15,Moto G16 Play,budget,11499,0.0792,10588,declining,2.4285714285714284,3,1000,2211.7505142857144,0.069630730206703,3,31764,2732.1624,False,"MobiMart Gokul Road: 3 units of Moto G16 Play - expected demand 2.4/week, capital tied up Rs 31,764, expected gross profit Rs 2,732, ROI 0.09x"
BEL-02,MobiMart Tilakwadi,B18,Samsung Galaxy F07,budget,11499,0.0647,10755,peaking,6.0,6,1000,4463.9118,0.06917576011157602,6,64530,4463.9118,False,"MobiMart Tilakwadi: 6 units of Samsung Galaxy F07 - expected demand 6.0/week, capital tied up Rs 64,530, expected gross profit Rs 4,464, ROI 0.07x"
KOL-01,MobiMart Station Road,M04,OnePlus Nord CE5,mid,24999,0.1444,21389,near end-of-life,0.40800000000000003,1,1000,1472.8210848,0.06885880989293562,1,21389,3609.8556,False,"MobiMart Station Road: 1 units of OnePlus Nord CE5 - expected demand 0.4/week, capital tied up Rs 21,389, expected gross profit Rs 3,610, ROI 0.17x"
KAL-01,MobiMart KCD Road,F15,Pixel 10 Pro,flagship,114999,0.1999,92011,declining,0.27540000000000003,1,1000,6330.977847540001,0.06880674970970863,1,92011,22988.3001,False,"MobiMart KCD Road: 1 units of Pixel 10 Pro - expected demand 0.3/week, capital tied up Rs 92,011, expected gross profit Rs 22,988, ROI 0.25x"
TUM-02,MobiMart SS Puram,M20,OnePlus Nord 6,mid,31999,0.1186,28204,ramping,1.0211999999999999,2,1000,3875.5371256799995,0.06870545180967237,2,56408,7590.1628,False,"MobiMart SS Puram: 2 units of OnePlus Nord 6 - expected demand 1.0/week, capital tied up Rs 56,408, expected gross profit Rs 7,590, ROI 0.13x"
DAV-02,MobiMart MCC B Block,B01,Nokia 110 Power,budget,6999,0.0798,6440,near end-of-life,0.79,1,1000,441.230958,0.06851412391304347,1,6440,558.5201999999999,False,"MobiMart MCC B Block: 1 units of Nokia 110 Power - expected demand 0.8/week, capital tied up Rs 6,440, expected gross profit Rs 559, ROI 0.09x"
MAN-01,MobiMart Court Road,B15,Moto G16 Play,budget,11499,0.0792,10588,declining,2.388095238095238,3,1000,2174.888005714286,0.0684702180365913,3,31764,2732.1624,False,"MobiMart Court Road: 3 units of Moto G16 Play - expected demand 2.4/week, capital tied up Rs 31,764, expected gross profit Rs 2,732, ROI 0.09x"
KAL-01,MobiMart KCD Road,B18,Samsung Galaxy F07,budget,11499,0.0647,10755,peaking,3.95,4,1000,2938.741935,0.06831106311018131,4,43020,2975.9411999999998,False,"MobiMart KCD Road: 4 units of Samsung Galaxy F07 - expected demand 4.0/week, capital tied up Rs 43,020, expected gross profit Rs 2,976, ROI 0.07x"
BEL-02,MobiMart Tilakwadi,B04,Realme Note 60,budget,9499,0.0751,8786,near end-of-life,0.8400000000000001,1,1000,599.2349160000001,0.06820338219895289,1,8786,713.3749,False,"MobiMart Tilakwadi: 1 units of Realme Note 60 - expected demand 0.8/week, capital tied up Rs 8,786, expected gross profit Rs 713, ROI 0.08x"
MAN-02,MobiMart Kottara,B18,Samsung Galaxy F07,budget,11499,0.0647,10755,peaking,6.9,7,1000,5133.49857,0.06818753496712492,7,75285,5207.897099999999,False,"MobiMart Kottara: 7 units of Samsung Galaxy F07 - expected demand 6.9/week, capital tied up Rs 75,285, expected gross profit Rs 5,208, ROI 0.07x"
DAV-02,MobiMart MCC B Block,B05,Moto G15 Play,budget,10999,0.0793,10127,near end-of-life,0.79,1,1000,689.054353,0.0680413106546855,1,10127,872.2207,False,"MobiMart MCC B Block: 1 units of Moto G15 Play - expected demand 0.8/week, capital tied up Rs 10,127, expected gross profit Rs 872, ROI 0.09x"
MYS-01,MobiMart Devaraja Mohalla,M05,Vivo V50e,mid,29999,0.1055,26834,near end-of-life,0.576,1,1000,1822.979232,0.0679354263993441,1,26834,3164.8945,False,"MobiMart Devaraja Mohalla: 1 units of Vivo V50e - expected demand 0.6/week, capital tied up Rs 26,834, expected gross profit Rs 3,165, ROI 0.12x"
HOS-01,MobiMart Hosur Road,M03,Realme 14 Pro,mid,27999,0.1295,24373,near end-of-life,0.45600000000000007,1,1000,1653.3969480000003,0.06783723579370617,1,24373,3625.8705,False,"MobiMart Hosur Road: 1 units of Realme 14 Pro - expected demand 0.5/week, capital tied up Rs 24,373, expected gross profit Rs 3,626, ROI 0.15x"
SHI-01,MobiMart Vidya Nagar,M13,Realme 15 Pro,mid,28999,0.1139,25696,declining,1.0523809523809524,2,1000,3475.999657619048,0.06763697963922494,2,51392,6605.9722,False,"MobiMart Vidya Nagar: 2 units of Realme 15 Pro - expected demand 1.1/week, capital tied up Rs 51,392, expected gross profit Rs 6,606, ROI 0.13x"
TUM-02,MobiMart SS Puram,M13,Realme 15 Pro,mid,28999,0.1139,25696,declining,0.5261904761904762,1,1000,1737.999828809524,0.06763697963922494,1,25696,3302.9861,False,"MobiMart SS Puram: 1 units of Realme 15 Pro - expected demand 0.5/week, capital tied up Rs 25,696, expected gross profit Rs 3,303, ROI 0.13x"
BLR-07,MobiMart Yelahanka,F13,OnePlus 14,flagship,72999,0.1726,60399,declining,0.32380952380952377,1,1000,4079.879348571428,0.06754878969140926,1,60399,12599.6274,False,"MobiMart Yelahanka: 1 units of OnePlus 14 - expected demand 0.3/week, capital tied up Rs 60,399, expected gross profit Rs 12,600, ROI 0.21x"
HOS-01,MobiMart Hosur Road,M02,Redmi Note 14,mid,18999,0.129,16548,near end-of-life,0.45600000000000007,1,1000,1117.5971760000002,0.06753669180565629,1,16548,2450.871,False,"MobiMart Hosur Road: 1 units of Redmi Note 14 - expected demand 0.5/week, capital tied up Rs 16,548, expected gross profit Rs 2,451, ROI 0.15x"
MAN-01,MobiMart Court Road,F09,OnePlus Open 2,flagship,119999,0.1886,97367,near end-of-life,0.29,1,1000,6563.225305999999,0.06740708151632482,1,97367,22631.8114,False,"MobiMart Court Road: 1 units of OnePlus Open 2 - expected demand 0.3/week, capital tied up Rs 97,367, expected gross profit Rs 22,632, ROI 0.23x"
KAL-01,MobiMart KCD Road,B15,Moto G16 Play,budget,11499,0.0792,10588,declining,3.1166666666666663,4,1000,2838.41316,0.06701957782395164,4,42352,3642.8832,False,"MobiMart KCD Road: 4 units of Moto G16 Play - expected demand 3.1/week, capital tied up Rs 42,352, expected gross profit Rs 3,643, ROI 0.09x"
UDU-01,MobiMart Udupi Main Road,M01,Samsung Galaxy A26,mid,22999,0.1104,20460,near end-of-life,0.54,1,1000,1371.1083840000001,0.06701409501466277,1,20460,2539.0896,False,"MobiMart Udupi Main Road: 1 units of Samsung Galaxy A26 - expected demand 0.5/week, capital tied up Rs 20,460, expected gross profit Rs 2,539, ROI 0.12x"
MYS-02,MobiMart Kuvempunagar,B04,Realme Note 60,budget,9499,0.0751,8786,near end-of-life,0.82,1,1000,584.967418,0.06657949214659685,1,8786,713.3749,False,"MobiMart Kuvempunagar: 1 units of Realme Note 60 - expected demand 0.8/week, capital tied up Rs 8,786, expected gross profit Rs 713, ROI 0.08x"
MYS-02,MobiMart Kuvempunagar,B03,Redmi A5,budget,7999,0.0748,7401,near end-of-life,0.82,1,1000,490.626664,0.06629194216997703,1,7401,598.3252,False,"MobiMart Kuvempunagar: 1 units of Redmi A5 - expected demand 0.8/week, capital tied up Rs 7,401, expected gross profit Rs 598, ROI 0.08x"
MAN-02,MobiMart Kottara,M01,Samsung Galaxy A26,mid,22999,0.1104,20460,near end-of-life,0.534,1,1000,1355.8738464,0.06626949395894428,1,20460,2539.0896,False,"MobiMart Kottara: 1 units of Samsung Galaxy A26 - expected demand 0.5/week, capital tied up Rs 20,460, expected gross profit Rs 2,539, ROI 0.12x"
BLR-02,MobiMart Koramangala,B15,Moto G16 Play,budget,11499,0.0792,10588,declining,0.769047619047619,1,1000,700.3876628571429,0.06614919369636786,1,10588,910.7208,False,"MobiMart Koramangala: 1 units of Moto G16 Play - expected demand 0.8/week, capital tied up Rs 10,588, expected gross profit Rs 911, ROI 0.09x"
TUM-02,MobiMart SS Puram,M03,Realme 14 Pro,mid,27999,0.1295,24373,near end-of-life,0.44399999999999995,1,1000,1609.8865019999998,0.06605204537808229,1,24373,3625.8705,False,"MobiMart SS Puram: 1 units of Realme 14 Pro - expected demand 0.4/week, capital tied up Rs 24,373, expected gross profit Rs 3,626, ROI 0.15x"
DAV-01,MobiMart PJ Extension,M15,Vivo V51e,mid,30999,0.1402,26653,declining,0.4047619047619047,1,1000,1759.1194428571425,0.06600080451945907,1,26653,4346.0598,False,"MobiMart PJ Extension: 1 units of Vivo V51e - expected demand 0.4/week, capital tied up Rs 26,653, expected gross profit Rs 4,346, ROI 0.16x"
BEL-02,MobiMart Tilakwadi,M15,Vivo V51e,mid,30999,0.1402,26653,declining,0.4047619047619047,1,1000,1759.1194428571425,0.06600080451945907,1,26653,4346.0598,False,"MobiMart Tilakwadi: 1 units of Vivo V51e - expected demand 0.4/week, capital tied up Rs 26,653, expected gross profit Rs 4,346, ROI 0.16x"
DAV-01,MobiMart PJ Extension,F13,OnePlus 14,flagship,72999,0.1726,60399,declining,0.31620000000000004,1,1000,3984.0021838800003,0.06596139313366116,1,60399,12599.6274,False,"MobiMart PJ Extension: 1 units of OnePlus 14 - expected demand 0.3/week, capital tied up Rs 60,399, expected gross profit Rs 12,600, ROI 0.21x"
HOS-01,MobiMart Hosur Road,B01,Nokia 110 Power,budget,6999,0.0798,6440,near end-of-life,0.76,1,1000,424.475352,0.06591232173913043,1,6440,558.5201999999999,False,"MobiMart Hosur Road: 1 units of Nokia 110 Power - expected demand 0.8/week, capital tied up Rs 6,440, expected gross profit Rs 559, ROI 0.09x"
BLR-08,MobiMart Electronic City,M09,Samsung Galaxy A36,mid,32999,0.1474,28135,near end-of-life,0.38095238095238093,1,1000,1852.972419047619,0.06586004688280146,1,28135,4864.0526,False,"MobiMart Electronic City: 1 units of Samsung Galaxy A36 - expected demand 0.4/week, capital tied up Rs 28,135, expected gross profit Rs 4,864, ROI 0.17x"
MAN-02,MobiMart Kottara,M09,Samsung Galaxy A36,mid,32999,0.1474,28135,near end-of-life,0.38095238095238093,1,1000,1852.972419047619,0.06586004688280146,1,28135,4864.0526,False,"MobiMart Kottara: 1 units of Samsung Galaxy A36 - expected demand 0.4/week, capital tied up Rs 28,135, expected gross profit Rs 4,864, ROI 0.17x"
DAV-01,MobiMart PJ Extension,M05,Vivo V50e,mid,29999,0.1055,26834,near end-of-life,0.558,1,1000,1766.0111310000002,0.06581244432436462,1,26834,3164.8945,False,"MobiMart PJ Extension: 1 units of Vivo V50e - expected demand 0.6/week, capital tied up Rs 26,834, expected gross profit Rs 3,165, ROI 0.12x"
SHI-01,MobiMart Vidya Nagar,B09,Realme C75x,budget,12999,0.0703,12085,near end-of-life,0.87,1,1000,795.031839,0.06578666437732726,1,12085,913.8297,False,"MobiMart Vidya Nagar: 1 units of Realme C75x - expected demand 0.9/week, capital tied up Rs 12,085, expected gross profit Rs 914, ROI 0.08x"
TUM-02,MobiMart SS Puram,M02,Redmi Note 14,mid,18999,0.129,16548,near end-of-life,0.44399999999999995,1,1000,1088.186724,0.06575941044234952,1,16548,2450.871,False,"MobiMart SS Puram: 1 units of Redmi Note 14 - expected demand 0.4/week, capital tied up Rs 16,548, expected gross profit Rs 2,451, ROI 0.15x"
HUB-02,MobiMart Gokul Road,F12,iPhone 17 Pro,flagship,124900,0.213,98296,declining,0.24285714285714283,1,1000,6460.89857142857,0.06572900801078956,1,98296,26603.7,False,"MobiMart Gokul Road: 1 units of iPhone 17 Pro - expected demand 0.2/week, capital tied up Rs 98,296, expected gross profit Rs 26,604, ROI 0.27x"
HOS-01,MobiMart Hosur Road,F16,Xiaomi 16,flagship,67999,0.2027,54216,declining,0.2584,1,1000,3561.62986232,0.06569333522059909,1,54216,13783.397299999999,False,"MobiMart Hosur Road: 1 units of Xiaomi 16 - expected demand 0.3/week, capital tied up Rs 54,216, expected gross profit Rs 13,783, ROI 0.25x"
HUB-02,MobiMart Gokul Road,M01,Samsung Galaxy A26,mid,22999,0.1104,20460,near end-of-life,0.528,1,1000,1340.6393088,0.0655248929032258,1,20460,2539.0896,False,"MobiMart Gokul Road: 1 units of Samsung Galaxy A26 - expected demand 0.5/week, capital tied up Rs 20,460, expected gross profit Rs 2,539, ROI 0.12x"
HOS-01,MobiMart Hosur Road,B05,Moto G15 Play,budget,10999,0.0793,10127,near end-of-life,0.76,1,1000,662.8877319999999,0.06545746341463414,1,10127,872.2207,False,"MobiMart Hosur Road: 1 units of Moto G15 Play - expected demand 0.8/week, capital tied up Rs 10,127, expected gross profit Rs 872, ROI 0.09x"
BLR-08,MobiMart Electronic City,F05,Pixel 9 Pro,flagship,109999,0.1894,89165,near end-of-life,0.28,1,1000,5833.466968000001,0.0654232823192957,1,89165,20833.8106,False,"MobiMart Electronic City: 1 units of Pixel 9 Pro - expected demand 0.3/week, capital tied up Rs 89,165, expected gross profit Rs 20,834, ROI 0.23x"
BLR-08,MobiMart Electronic City,F09,OnePlus Open 2,flagship,119999,0.1886,97367,near end-of-life,0.28,1,1000,6336.907192,0.06508269939507225,1,97367,22631.8114,False,"MobiMart Electronic City: 1 units of OnePlus Open 2 - expected demand 0.3/week, capital tied up Rs 97,367, expected gross profit Rs 22,632, ROI 0.23x"
BLR-05,MobiMart Malleshwaram,M13,Realme 15 Pro,mid,28999,0.1139,25696,declining,1.0119047619047619,2,1000,3342.307363095238,0.06503555734540858,2,51392,6605.9722,False,"MobiMart Malleshwaram: 2 units of Realme 15 Pro - expected demand 1.0/week, capital tied up Rs 51,392, expected gross profit Rs 6,606, ROI 0.13x"
TUM-02,MobiMart SS Puram,B18,Samsung Galaxy F07,budget,11499,0.0647,10755,peaking,3.7500000000000004,4,1000,2789.944875,0.06485227510460251,4,43020,2975.9411999999998,False,"MobiMart SS Puram: 4 units of Samsung Galaxy F07 - expected demand 3.8/week, capital tied up Rs 43,020, expected gross profit Rs 2,976, ROI 0.07x"
SHI-01,MobiMart Vidya Nagar,M01,Samsung Galaxy A26,mid,22999,0.1104,20460,near end-of-life,0.522,1,1000,1325.4047712000001,0.06478029184750733,1,20460,2539.0896,False,"MobiMart Vidya Nagar: 1 units of Samsung Galaxy A26 - expected demand 0.5/week, capital tied up Rs 20,460, expected gross profit Rs 2,539, ROI 0.12x"
MAN-01,MobiMart Court Road,F01,Samsung Galaxy S25,flagship,74999,0.182,61349,near end-of-life,0.29,1,1000,3958.4472199999996,0.06452341880063243,1,61349,13649.818,False,"MobiMart Court Road: 1 units of Samsung Galaxy S25 - expected demand 0.3/week, capital tied up Rs 61,349, expected gross profit Rs 13,650, ROI 0.22x"
BLR-01,MobiMart Jayanagar,B15,Moto G16 Play,budget,11499,0.0792,10588,declining,1.4976190476190476,2,1000,1363.9128171428574,0.06440842544120029,2,21176,1821.4416,False,"MobiMart Jayanagar: 2 units of Moto G16 Play - expected demand 1.5/week, capital tied up Rs 21,176, expected gross profit Rs 1,821, ROI 0.09x"
TUM-01,MobiMart MG Road,M01,Samsung Galaxy A26,mid,22999,0.1104,20460,near end-of-life,0.516,1,1000,1310.1702336,0.06403569079178886,1,20460,2539.0896,False,"MobiMart MG Road: 1 units of Samsung Galaxy A26 - expected demand 0.5/week, capital tied up Rs 20,460, expected gross profit Rs 2,539, ROI 0.12x"
HUB-01,MobiMart Vidya Nagar,B16,Lava Blaze Core 2,budget,9499,0.0627,8903,declining,4.776190476190476,5,1000,2844.63839,0.0639029178928451,5,44515,2977.9365000000003,False,"MobiMart Vidya Nagar: 5 units of Lava Blaze Core 2 - expected demand 4.8/week, capital tied up Rs 44,515, expected gross profit Rs 2,978, ROI 0.07x"
UDU-01,MobiMart Udupi Main Road,M05,Vivo V50e,mid,29999,0.1055,26834,near end-of-life,0.54,1,1000,1709.04303,0.06368946224938511,1,26834,3164.8945,False,"MobiMart Udupi Main Road: 1 units of Vivo V50e - expected demand 0.5/week, capital tied up Rs 26,834, expected gross profit Rs 3,165, ROI 0.12x"
BLR-07,MobiMart Yelahanka,B16,Lava Blaze Core 2,budget,9499,0.0627,8903,declining,3.8047619047619046,4,1000,2266.0678700000003,0.06363214281702798,4,35612,2382.3492,False,"MobiMart Yelahanka: 4 units of Lava Blaze Core 2 - expected demand 3.8/week, capital tied up Rs 35,612, expected gross profit Rs 2,382, ROI 0.07x"
DAV-01,MobiMart PJ Extension,B18,Samsung Galaxy F07,budget,11499,0.0647,10755,peaking,2.75,3,1000,2045.9595749999999,0.06341111343561134,3,32265,2231.9559,False,"MobiMart PJ Extension: 3 units of Samsung Galaxy F07 - expected demand 2.8/week, capital tied up Rs 32,265, expected gross profit Rs 2,232, ROI 0.07x"
BLR-08,MobiMart Electronic City,F04,Vivo X200,flagship,65999,0.1846,53816,near end-of-life,0.28,1,1000,3411.356312,0.06338925806451613,1,53816,12183.4154,False,"MobiMart Electronic City: 1 units of Vivo X200 - expected demand 0.3/week, capital tied up Rs 53,816, expected gross profit Rs 12,183, ROI 0.23x"
MAN-02,MobiMart Kottara,F13,OnePlus 14,flagship,72999,0.1726,60399,declining,0.30260000000000004,1,1000,3812.6472512400005,0.06312434396662198,1,60399,12599.6274,False,"MobiMart Kottara: 1 units of OnePlus 14 - expected demand 0.3/week, capital tied up Rs 60,399, expected gross profit Rs 12,600, ROI 0.21x"
BLR-08,MobiMart Electronic City,F06,Xiaomi 15,flagship,64999,0.1837,53059,near end-of-life,0.28,1,1000,3343.2885640000004,0.06301077223468216,1,53059,11940.3163,False,"MobiMart Electronic City: 1 units of Xiaomi 15 - expected demand 0.3/week, capital tied up Rs 53,059, expected gross profit Rs 11,940, ROI 0.23x"
MAN-02,MobiMart Kottara,M05,Vivo V50e,mid,29999,0.1055,26834,near end-of-life,0.534,1,1000,1690.053663,0.06298180155772527,1,26834,3164.8945,False,"MobiMart Kottara: 1 units of Vivo V50e - expected demand 0.5/week, capital tied up Rs 26,834, expected gross profit Rs 3,165, ROI 0.12x"
UDU-01,MobiMart Udupi Main Road,B18,Samsung Galaxy F07,budget,11499,0.0647,10755,peaking,4.55,5,1000,3385.1331149999996,0.06294994170153416,5,53775,3719.9264999999996,False,"MobiMart Udupi Main Road: 5 units of Samsung Galaxy F07 - expected demand 4.5/week, capital tied up Rs 53,775, expected gross profit Rs 3,720, ROI 0.07x"
MAN-01,MobiMart Court Road,B01,Nokia 110 Power,budget,6999,0.0798,6440,near end-of-life,1.45,2,1000,809.8542899999999,0.0628768858695652,2,12880,1117.0403999999999,False,"MobiMart Court Road: 2 units of Nokia 110 Power - expected demand 1.4/week, capital tied up Rs 12,880, expected gross profit Rs 1,117, ROI 0.09x"
BLR-06,MobiMart Rajajinagar,B16,Lava Blaze Core 2,budget,9499,0.0627,8903,declining,4.695238095238095,5,1000,2796.42418,0.06281981758957654,5,44515,2977.9365000000003,False,"MobiMart Rajajinagar: 5 units of Lava Blaze Core 2 - expected demand 4.7/week, capital tied up Rs 44,515, expected gross profit Rs 2,978, ROI 0.07x"
BLR-06,MobiMart Rajajinagar,B11,Nokia 125 Power,budget,7999,0.0617,7505,near end-of-life,0.9523809523809523,1,1000,470.03647619047615,0.06262977697408077,1,7505,493.5383,False,"MobiMart Rajajinagar: 1 units of Nokia 125 Power - expected demand 1.0/week, capital tied up Rs 7,505, expected gross profit Rs 494, ROI 0.07x"
BEL-02,MobiMart Tilakwadi,M01,Samsung Galaxy A26,mid,22999,0.1104,20460,near end-of-life,0.504,1,1000,1279.7011584,0.0625464886803519,1,20460,2539.0896,False,"MobiMart Tilakwadi: 1 units of Samsung Galaxy A26 - expected demand 0.5/week, capital tied up Rs 20,460, expected gross profit Rs 2,539, ROI 0.12x"
MYS-02,MobiMart Kuvempunagar,M13,Realme 15 Pro,mid,28999,0.1139,25696,declining,0.48571428571428565,1,1000,1604.3075342857142,0.06243413505159224,1,25696,3302.9861,False,"MobiMart Kuvempunagar: 1 units of Realme 15 Pro - expected demand 0.5/week, capital tied up Rs 25,696, expected gross profit Rs 3,303, ROI 0.13x"
HUB-01,MobiMart Vidya Nagar,M13,Realme 15 Pro,mid,28999,0.1139,25696,declining,0.48571428571428565,1,1000,1604.3075342857142,0.06243413505159224,1,25696,3302.9861,False,"MobiMart Vidya Nagar: 1 units of Realme 15 Pro - expected demand 0.5/week, capital tied up Rs 25,696, expected gross profit Rs 3,303, ROI 0.13x"
BLR-08,MobiMart Electronic City,F01,Samsung Galaxy S25,flagship,74999,0.182,61349,near end-of-life,0.28,1,1000,3821.94904,0.06229847332474857,1,61349,13649.818,False,"MobiMart Electronic City: 1 units of Samsung Galaxy S25 - expected demand 0.3/week, capital tied up Rs 61,349, expected gross profit Rs 13,650, ROI 0.22x"
KAL-01,MobiMart KCD Road,B16,Lava Blaze Core 2,budget,9499,0.0627,8903,declining,4.654761904761905,5,1000,2772.3170750000004,0.06227826743794228,5,44515,2977.9365000000003,False,"MobiMart KCD Road: 5 units of Lava Blaze Core 2 - expected demand 4.7/week, capital tied up Rs 44,515, expected gross profit Rs 2,978, ROI 0.07x"
HOS-01,MobiMart Hosur Road,B16,Lava Blaze Core 2,budget,9499,0.0627,8903,declining,1.861904761904762,2,1000,1108.92683,0.06227826743794227,2,17806,1191.1746,False,"MobiMart Hosur Road: 2 units of Lava Blaze Core 2 - expected demand 1.9/week, capital tied up Rs 17,806, expected gross profit Rs 1,191, ROI 0.07x"
HUB-02,MobiMart Gokul Road,M05,Vivo V50e,mid,29999,0.1055,26834,near end-of-life,0.528,1,1000,1671.064296,0.06227414086606544,1,26834,3164.8945,False,"MobiMart Gokul Road: 1 units of Vivo V50e - expected demand 0.5/week, capital tied up Rs 26,834, expected gross profit Rs 3,165, ROI 0.12x"
BLR-06,MobiMart Rajajinagar,F16,Xiaomi 16,flagship,67999,0.2027,54216,declining,0.24285714285714283,1,1000,3347.396487142857,0.061741856410337484,1,54216,13783.397299999999,False,"MobiMart Rajajinagar: 1 units of Xiaomi 16 - expected demand 0.2/week, capital tied up Rs 54,216, expected gross profit Rs 13,783, ROI 0.25x"
TUM-02,MobiMart SS Puram,F16,Xiaomi 16,flagship,67999,0.2027,54216,declining,0.24285714285714283,1,1000,3347.396487142857,0.061741856410337484,1,54216,13783.397299999999,False,"MobiMart SS Puram: 1 units of Xiaomi 16 - expected demand 0.2/week, capital tied up Rs 54,216, expected gross profit Rs 13,783, ROI 0.25x"
UDU-01,MobiMart Udupi Main Road,B16,Lava Blaze Core 2,budget,9499,0.0627,8903,declining,4.614285714285715,5,1000,2748.209970000001,0.061736717286308,5,44515,2977.9365000000003,False,"MobiMart Udupi Main Road: 5 units of Lava Blaze Core 2 - expected demand 4.6/week, capital tied up Rs 44,515, expected gross profit Rs 2,978, ROI 0.07x"
SHI-01,MobiMart Vidya Nagar,M05,Vivo V50e,mid,29999,0.1055,26834,near end-of-life,0.522,1,1000,1652.074929,0.06156648017440561,1,26834,3164.8945,False,"MobiMart Vidya Nagar: 1 units of Vivo V50e - expected demand 0.5/week, capital tied up Rs 26,834, expected gross profit Rs 3,165, ROI 0.12x"
TUM-01,MobiMart MG Road,B18,Samsung Galaxy F07,budget,11499,0.0647,10755,peaking,4.45,5,1000,3310.7345849999997,0.06156642649930264,5,53775,3719.9264999999996,False,"MobiMart MG Road: 5 units of Samsung Galaxy F07 - expected demand 4.5/week, capital tied up Rs 53,775, expected gross profit Rs 3,720, ROI 0.07x"
SHI-01,MobiMart Vidya Nagar,B18,Samsung Galaxy F07,budget,11499,0.0647,10755,peaking,4.45,5,1000,3310.7345849999997,0.06156642649930264,5,53775,3719.9264999999996,False,"MobiMart Vidya Nagar: 5 units of Samsung Galaxy F07 - expected demand 4.5/week, capital tied up Rs 53,775, expected gross profit Rs 3,720, ROI 0.07x"
MAN-02,MobiMart Kottara,B15,Moto G16 Play,budget,11499,0.0792,10588,declining,2.145238095238095,3,1000,1953.7129542857144,0.06150714501592099,3,31764,2732.1624,False,"MobiMart Kottara: 3 units of Moto G16 Play - expected demand 2.1/week, capital tied up Rs 31,764, expected gross profit Rs 2,732, ROI 0.09x"
BLR-04,MobiMart Whitefield,B19,Realme C76x,budget,13999,0.0587,13177,ramping,0.9857142857142855,1,1000,810.0021385714285,0.06147090677479157,1,13177,821.7413,False,"MobiMart Whitefield: 1 units of Realme C76x - expected demand 1.0/week, capital tied up Rs 13,177, expected gross profit Rs 822, ROI 0.06x"
BLR-08,MobiMart Electronic City,B19,Realme C76x,budget,13999,0.0587,13177,ramping,0.9857142857142855,1,1000,810.0021385714285,0.06147090677479157,1,13177,821.7413,False,"MobiMart Electronic City: 1 units of Realme C76x - expected demand 1.0/week, capital tied up Rs 13,177, expected gross profit Rs 822, ROI 0.06x"
TUM-02,MobiMart SS Puram,B16,Lava Blaze Core 2,budget,9499,0.0627,8903,declining,2.7523809523809524,3,1000,1639.28314,0.06137568385188513,3,26709,1786.7619000000002,False,"MobiMart SS Puram: 3 units of Lava Blaze Core 2 - expected demand 2.8/week, capital tied up Rs 26,709, expected gross profit Rs 1,787, ROI 0.07x"
DAV-02,MobiMart MCC B Block,M07,POCO X7 Pro,mid,26999,0.1145,23908,near end-of-life,0.47400000000000003,1,1000,1465.3167270000004,0.06128980788857288,1,23908,3091.3855000000003,False,"MobiMart MCC B Block: 1 units of POCO X7 Pro - expected demand 0.5/week, capital tied up Rs 23,908, expected gross profit Rs 3,091, ROI 0.13x"
TUM-01,MobiMart MG Road,F14,Vivo X210,flagship,69999,0.1731,57882,declining,0.2924,1,1000,3542.96018556,0.0612100512345807,1,57882,12116.8269,False,"MobiMart MG Road: 1 units of Vivo X210 - expected demand 0.3/week, capital tied up Rs 57,882, expected gross profit Rs 12,117, ROI 0.21x"
BLR-04,MobiMart Whitefield,M10,OnePlus Nord 5,mid,29999,0.1463,25610,near end-of-life,0.35714285714285715,1,1000,1567.4477500000003,0.06120451971885983,1,25610,4388.853700000001,False,"MobiMart Whitefield: 1 units of OnePlus Nord 5 - expected demand 0.4/week, capital tied up Rs 25,610, expected gross profit Rs 4,389, ROI 0.17x"
BLR-05,MobiMart Malleshwaram,M10,OnePlus Nord 5,mid,29999,0.1463,25610,near end-of-life,0.35714285714285715,1,1000,1567.4477500000003,0.06120451971885983,1,25610,4388.853700000001,False,"MobiMart Malleshwaram: 1 units of OnePlus Nord 5 - expected demand 0.4/week, capital tied up Rs 25,610, expected gross profit Rs 4,389, ROI 0.17x"
HOS-01,MobiMart Hosur Road,M10,OnePlus Nord 5,mid,29999,0.1463,25610,near end-of-life,0.35714285714285715,1,1000,1567.4477500000003,0.06120451971885983,1,25610,4388.853700000001,False,"MobiMart Hosur Road: 1 units of OnePlus Nord 5 - expected demand 0.4/week, capital tied up Rs 25,610, expected gross profit Rs 4,389, ROI 0.17x"
BLR-03,MobiMart Indiranagar,B01,Nokia 110 Power,budget,6999,0.0798,6440,near end-of-life,2.1125000000000003,3,1000,1179.8739225000002,0.06107007880434783,3,19320,1675.5606,False,"MobiMart Indiranagar: 3 units of Nokia 110 Power - expected demand 2.1/week, capital tied up Rs 19,320, expected gross profit Rs 1,676, ROI 0.09x"
MYS-02,MobiMart Kuvempunagar,M01,Samsung Galaxy A26,mid,22999,0.1104,20460,near end-of-life,0.492,1,1000,1249.2320832,0.06105728656891496,1,20460,2539.0896,False,"MobiMart Kuvempunagar: 1 units of Samsung Galaxy A26 - expected demand 0.5/week, capital tied up Rs 20,460, expected gross profit Rs 2,539, ROI 0.12x"
TUM-01,MobiMart MG Road,F13,OnePlus 14,flagship,72999,0.1726,60399,declining,0.2924,1,1000,3684.13105176,0.06099655709134257,1,60399,12599.6274,False,"MobiMart MG Road: 1 units of OnePlus 14 - expected demand 0.3/week, capital tied up Rs 60,399, expected gross profit Rs 12,600, ROI 0.21x"
TUM-01,MobiMart MG Road,F17,iPhone 17 Pro Max,flagship,139900,0.2178,109430,ramping,0.21904761904761902,1,1000,6674.429142857141,0.060992681557682005,1,109430,30470.219999999998,False,"MobiMart MG Road: 1 units of iPhone 17 Pro Max - expected demand 0.2/week, capital tied up Rs 109,430, expected gross profit Rs 30,470, ROI 0.28x"
BLR-04,MobiMart Whitefield,M11,Samsung Galaxy A27,mid,23999,0.138,20687,near end-of-life,0.38095238095238093,1,1000,1261.6617142857144,0.060988143002161474,1,20687,3311.862,False,"MobiMart Whitefield: 1 units of Samsung Galaxy A27 - expected demand 0.4/week, capital tied up Rs 20,687, expected gross profit Rs 3,312, ROI 0.16x"
BEL-02,MobiMart Tilakwadi,M11,Samsung Galaxy A27,mid,23999,0.138,20687,near end-of-life,0.38095238095238093,1,1000,1261.6617142857144,0.060988143002161474,1,20687,3311.862,False,"MobiMart Tilakwadi: 1 units of Samsung Galaxy A27 - expected demand 0.4/week, capital tied up Rs 20,687, expected gross profit Rs 3,312, ROI 0.16x"
MAN-02,MobiMart Kottara,B16,Lava Blaze Core 2,budget,9499,0.0627,8903,declining,3.642857142857143,4,1000,2169.63945,0.060924392058856566,4,35612,2382.3492,False,"MobiMart Kottara: 4 units of Lava Blaze Core 2 - expected demand 3.6/week, capital tied up Rs 35,612, expected gross profit Rs 2,382, ROI 0.07x"
TUM-01,MobiMart MG Road,M05,Vivo V50e,mid,29999,0.1055,26834,near end-of-life,0.516,1,1000,1633.085562,0.06085881948274577,1,26834,3164.8945,False,"MobiMart MG Road: 1 units of Vivo V50e - expected demand 0.5/week, capital tied up Rs 26,834, expected gross profit Rs 3,165, ROI 0.12x"
MYS-01,MobiMart Devaraja Mohalla,B18,Samsung Galaxy F07,budget,11499,0.0647,10755,peaking,6.1499999999999995,7,1000,4575.509594999999,0.06077584638374176,7,75285,5207.897099999999,False,"MobiMart Devaraja Mohalla: 7 units of Samsung Galaxy F07 - expected demand 6.1/week, capital tied up Rs 75,285, expected gross profit Rs 5,208, ROI 0.07x"
BLR-08,MobiMart Electronic City,B01,Nokia 110 Power,budget,6999,0.0798,6440,near end-of-life,1.4000000000000001,2,1000,781.92828,0.060708717391304345,2,12880,1117.0403999999999,False,"MobiMart Electronic City: 2 units of Nokia 110 Power - expected demand 1.4/week, capital tied up Rs 12,880, expected gross profit Rs 1,117, ROI 0.09x"
KOL-01,MobiMart Station Road,M03,Realme 14 Pro,mid,27999,0.1295,24373,near end-of-life,0.40800000000000003,1,1000,1479.355164,0.06069647413121077,1,24373,3625.8705,False,"MobiMart Station Road: 1 units of Realme 14 Pro - expected demand 0.4/week, capital tied up Rs 24,373, expected gross profit Rs 3,626, ROI 0.15x"
TUM-02,MobiMart SS Puram,F15,Pixel 10 Pro,flagship,114999,0.1999,92011,declining,0.24285714285714283,1,1000,5582.8728814285705,0.060676146128490836,1,92011,22988.3001,False,"MobiMart SS Puram: 1 units of Pixel 10 Pro - expected demand 0.2/week, capital tied up Rs 92,011, expected gross profit Rs 22,988, ROI 0.25x"
HOS-01,MobiMart Hosur Road,F18,Samsung Galaxy Z Fold8,flagship,149999,0.2169,117464,ramping,0.21904761904761902,1,1000,7126.6667742857135,0.06067107176910128,1,117464,32534.7831,False,"MobiMart Hosur Road: 1 units of Samsung Galaxy Z Fold8 - expected demand 0.2/week, capital tied up Rs 117,464, expected gross profit Rs 32,535, ROI 0.28x"
BLR-03,MobiMart Indiranagar,B05,Moto G15 Play,budget,10999,0.0793,10127,near end-of-life,2.1125000000000003,3,1000,1842.5662287500002,0.06064863660676081,3,30381,2616.6621,False,"MobiMart Indiranagar: 3 units of Moto G15 Play - expected demand 2.1/week, capital tied up Rs 30,381, expected gross profit Rs 2,617, ROI 0.09x"
MYS-02,MobiMart Kuvempunagar,B18,Samsung Galaxy F07,budget,11499,0.0647,10755,peaking,5.25,6,1000,3905.9228249999996,0.060528790097629,6,64530,4463.9118,False,"MobiMart Kuvempunagar: 6 units of Samsung Galaxy F07 - expected demand 5.2/week, capital tied up Rs 64,530, expected gross profit Rs 4,464, ROI 0.07x"
BLR-02,MobiMart Koramangala,B03,Redmi A5,budget,7999,0.0748,7401,near end-of-life,2.2424999999999997,3,1000,1341.7442609999998,0.06043076435616808,3,22203,1794.9756000000002,False,"MobiMart Koramangala: 3 units of Redmi A5 - expected demand 2.2/week, capital tied up Rs 22,203, expected gross profit Rs 1,795, ROI 0.08x"
KOL-01,MobiMart Station Road,M02,Redmi Note 14,mid,18999,0.129,16548,near end-of-life,0.40800000000000003,1,1000,999.9553680000001,0.0604275663524293,1,16548,2450.871,False,"MobiMart Station Road: 1 units of Redmi Note 14 - expected demand 0.4/week, capital tied up Rs 16,548, expected gross profit Rs 2,451, ROI 0.15x"
BLR-05,MobiMart Malleshwaram,B16,Lava Blaze Core 2,budget,9499,0.0627,8903,declining,3.6023809523809525,4,1000,2145.5323450000005,0.06024745436931373,4,35612,2382.3492,False,"MobiMart Malleshwaram: 4 units of Lava Blaze Core 2 - expected demand 3.6/week, capital tied up Rs 35,612, expected gross profit Rs 2,382, ROI 0.07x"
BLR-04,MobiMart Whitefield,B01,Nokia 110 Power,budget,6999,0.0798,6440,near end-of-life,2.08,3,1000,1161.722016,0.06013053913043478,3,19320,1675.5606,False,"MobiMart Whitefield: 3 units of Nokia 110 Power - expected demand 2.1/week, capital tied up Rs 19,320, expected gross profit Rs 1,676, ROI 0.09x"
TUM-02,MobiMart SS Puram,B04,Realme Note 60,budget,9499,0.0751,8786,near end-of-life,0.7400000000000001,1,1000,527.8974260000001,0.060083931937172784,1,8786,713.3749,False,"MobiMart SS Puram: 1 units of Realme Note 60 - expected demand 0.7/week, capital tied up Rs 8,786, expected gross profit Rs 713, ROI 0.08x"
BLR-06,MobiMart Rajajinagar,B18,Samsung Galaxy F07,budget,11499,0.0647,10755,peaking,5.2,6,1000,3868.72356,0.05995232543003254,6,64530,4463.9118,False,"MobiMart Rajajinagar: 6 units of Samsung Galaxy F07 - expected demand 5.2/week, capital tied up Rs 64,530, expected gross profit Rs 4,464, ROI 0.07x"
MAN-01,MobiMart Court Road,F02,iPhone 16,flagship,79900,0.1711,66229,near end-of-life,0.29,1,1000,3964.5581,0.05986136133717858,1,66229,13670.89,False,"MobiMart Court Road: 1 units of iPhone 16 - expected demand 0.3/week, capital tied up Rs 66,229, expected gross profit Rs 13,671, ROI 0.21x"
BEL-02,MobiMart Tilakwadi,F14,Vivo X210,flagship,69999,0.1731,57882,declining,0.2856,1,1000,3460.5657626400002,0.059786561670985804,1,57882,12116.8269,False,"MobiMart Tilakwadi: 1 units of Vivo X210 - expected demand 0.3/week, capital tied up Rs 57,882, expected gross profit Rs 12,117, ROI 0.21x"
KAL-01,MobiMart KCD Road,B19,Realme C76x,budget,13999,0.0587,13177,ramping,1.9166666666666665,2,1000,1575.0041583333332,0.059763381586602916,2,26354,1643.4826,False,"MobiMart KCD Road: 2 units of Realme C76x - expected demand 1.9/week, capital tied up Rs 26,354, expected gross profit Rs 1,643, ROI 0.06x"
BLR-04,MobiMart Whitefield,B05,Moto G15 Play,budget,10999,0.0793,10127,near end-of-life,2.08,3,1000,1814.2190560000001,0.05971558065896449,3,30381,2616.6621,False,"MobiMart Whitefield: 3 units of Moto G15 Play - expected demand 2.1/week, capital tied up Rs 30,381, expected gross profit Rs 2,617, ROI 0.09x"
BLR-01,MobiMart Jayanagar,B16,Lava Blaze Core 2,budget,9499,0.0627,8903,declining,1.780952380952381,2,1000,1060.71262,0.05957051667977086,2,17806,1191.1746,False,"MobiMart Jayanagar: 2 units of Lava Blaze Core 2 - expected demand 1.8/week, capital tied up Rs 17,806, expected gross profit Rs 1,191, ROI 0.07x"
BLR-05,MobiMart Malleshwaram,B18,Samsung Galaxy F07,budget,11499,0.0647,10755,peaking,4.3,5,1000,3199.1367899999996,0.05949115369595536,5,53775,3719.9264999999996,False,"MobiMart Malleshwaram: 5 units of Samsung Galaxy F07 - expected demand 4.3/week, capital tied up Rs 53,775, expected gross profit Rs 3,720, ROI 0.07x"
MAN-02,MobiMart Kottara,B19,Realme C76x,budget,13999,0.0587,13177,ramping,4.764285714285714,5,1000,3915.010336428571,0.059421876548965184,5,65885,4108.7065,False,"MobiMart Kottara: 5 units of Realme C76x - expected demand 4.8/week, capital tied up Rs 65,885, expected gross profit Rs 4,109, ROI 0.06x"
HUB-01,MobiMart Vidya Nagar,B18,Samsung Galaxy F07,budget,11499,0.0647,10755,peaking,5.15,6,1000,3831.524295,0.05937586076243608,6,64530,4463.9118,False,"MobiMart Vidya Nagar: 6 units of Samsung Galaxy F07 - expected demand 5.2/week, capital tied up Rs 64,530, expected gross profit Rs 4,464, ROI 0.07x"
HUB-02,MobiMart Gokul Road,B18,Samsung Galaxy F07,budget,11499,0.0647,10755,peaking,5.15,6,1000,3831.524295,0.05937586076243608,6,64530,4463.9118,False,"MobiMart Gokul Road: 6 units of Samsung Galaxy F07 - expected demand 5.2/week, capital tied up Rs 64,530, expected gross profit Rs 4,464, ROI 0.07x"
BEL-01,MobiMart Cantonment,B18,Samsung Galaxy F07,budget,11499,0.0647,10755,peaking,5.15,6,1000,3831.524295,0.05937586076243608,6,64530,4463.9118,False,"MobiMart Cantonment: 6 units of Samsung Galaxy F07 - expected demand 5.2/week, capital tied up Rs 64,530, expected gross profit Rs 4,464, ROI 0.07x"
HUB-02,MobiMart Gokul Road,B19,Realme C76x,budget,13999,0.0587,13177,ramping,2.8476190476190477,3,1000,2340.0061780952383,0.059194206523873374,3,39531,2465.2239,False,"MobiMart Gokul Road: 3 units of Realme C76x - expected demand 2.8/week, capital tied up Rs 39,531, expected gross profit Rs 2,465, ROI 0.06x"
HOS-01,MobiMart Hosur Road,B19,Realme C76x,budget,13999,0.0587,13177,ramping,2.8476190476190477,3,1000,2340.0061780952383,0.059194206523873374,3,39531,2465.2239,False,"MobiMart Hosur Road: 3 units of Realme C76x - expected demand 2.8/week, capital tied up Rs 39,531, expected gross profit Rs 2,465, ROI 0.06x"
BLR-08,MobiMart Electronic City,B15,Moto G16 Play,budget,11499,0.0792,10588,declining,1.3761904761904762,2,1000,1253.3252914285715,0.05918612067569756,2,21176,1821.4416,False,"MobiMart Electronic City: 2 units of Moto G16 Play - expected demand 1.4/week, capital tied up Rs 21,176, expected gross profit Rs 1,821, ROI 0.09x"
BLR-06,MobiMart Rajajinagar,F13,OnePlus 14,flagship,72999,0.1726,60399,declining,0.2833333333333333,1,1000,3569.89443,0.05910519097998311,1,60399,12599.6274,False,"MobiMart Rajajinagar: 1 units of OnePlus 14 - expected demand 0.3/week, capital tied up Rs 60,399, expected gross profit Rs 12,600, ROI 0.21x"
KOL-01,MobiMart Station Road,B01,Nokia 110 Power,budget,6999,0.0798,6440,near end-of-life,0.6800000000000002,1,1000,379.7937360000001,0.05897418260869566,1,6440,558.5201999999999,False,"MobiMart Station Road: 1 units of Nokia 110 Power - expected demand 0.7/week, capital tied up Rs 6,440, expected gross profit Rs 559, ROI 0.09x"
MYS-02,MobiMart Kuvempunagar,M12,Redmi Note 15,mid,19999,0.1391,17217,declining,0.36428571428571427,1,1000,1013.3921849999999,0.05885997473427426,1,17217,2781.8609,False,"MobiMart Kuvempunagar: 1 units of Redmi Note 15 - expected demand 0.4/week, capital tied up Rs 17,217, expected gross profit Rs 2,782, ROI 0.16x"
BLR-06,MobiMart Rajajinagar,B20,Nokia 3310 Max,budget,8999,0.0563,8492,ramping,0.9857142857142855,1,1000,499.40593285714283,0.058808988796177915,1,8492,506.6437,False,"MobiMart Rajajinagar: 1 units of Nokia 3310 Max - expected demand 1.0/week, capital tied up Rs 8,492, expected gross profit Rs 507, ROI 0.06x"
HOS-01,MobiMart Hosur Road,B18,Samsung Galaxy F07,budget,11499,0.0647,10755,peaking,3.4000000000000004,4,1000,2529.55002,0.05879939609483961,4,43020,2975.9411999999998,False,"MobiMart Hosur Road: 4 units of Samsung Galaxy F07 - expected demand 3.4/week, capital tied up Rs 43,020, expected gross profit Rs 2,976, ROI 0.07x"
DAV-02,MobiMart MCC B Block,B18,Samsung Galaxy F07,budget,11499,0.0647,10755,peaking,5.1,6,1000,3794.325029999999,0.0587993960948396,6,64530,4463.9118,False,"MobiMart MCC B Block: 6 units of Samsung Galaxy F07 - expected demand 5.1/week, capital tied up Rs 64,530, expected gross profit Rs 4,464, ROI 0.07x"
BLR-08,MobiMart Electronic City,B18,Samsung Galaxy F07,budget,11499,0.0647,10755,peaking,2.55,3,1000,1897.1625149999995,0.0587993960948396,3,32265,2231.9559,False,"MobiMart Electronic City: 3 units of Samsung Galaxy F07 - expected demand 2.5/week, capital tied up Rs 32,265, expected gross profit Rs 2,232, ROI 0.07x"
KOL-01,MobiMart Station Road,F16,Xiaomi 16,flagship,67999,0.2027,54216,declining,0.23120000000000002,1,1000,3186.7214557600005,0.05877824730264129,1,54216,13783.397299999999,False,"MobiMart Station Road: 1 units of Xiaomi 16 - expected demand 0.2/week, capital tied up Rs 54,216, expected gross profit Rs 13,783, ROI 0.25x"
MAN-01,MobiMart Court Road,B03,Redmi A5,budget,7999,0.0748,7401,near end-of-life,1.45,2,1000,867.57154,0.058611778138089446,2,14802,1196.6504,False,"MobiMart Court Road: 2 units of Redmi A5 - expected demand 1.4/week, capital tied up Rs 14,802, expected gross profit Rs 1,197, ROI 0.08x"
KOL-01,MobiMart Station Road,B05,Moto G15 Play,budget,10999,0.0793,10127,near end-of-life,0.6800000000000002,1,1000,593.110076,0.058567204107830555,1,10127,872.2207,False,"MobiMart Station Road: 1 units of Moto G15 Play - expected demand 0.7/week, capital tied up Rs 10,127, expected gross profit Rs 872, ROI 0.09x"
MYS-02,MobiMart Kuvempunagar,F14,Vivo X210,flagship,69999,0.1731,57882,declining,0.2788,1,1000,3378.17133972,0.058363072107390904,1,57882,12116.8269,False,"MobiMart Kuvempunagar: 1 units of Vivo X210 - expected demand 0.3/week, capital tied up Rs 57,882, expected gross profit Rs 12,117, ROI 0.21x"
BLR-05,MobiMart Malleshwaram,F08,Samsung Galaxy Z Flip7,flagship,99999,0.2188,78119,near end-of-life,0.20800000000000002,1,1000,4550.9944896,0.05825720362011802,1,78119,21879.7812,False,"MobiMart Malleshwaram: 1 units of Samsung Galaxy Z Flip7 - expected demand 0.2/week, capital tied up Rs 78,119, expected gross profit Rs 21,880, ROI 0.28x"
BLR-03,MobiMart Indiranagar,B20,Nokia 3310 Max,budget,8999,0.0563,8492,ramping,4.858750000000001,5,1000,2461.6550773750005,0.05797586145489874,5,42460,2533.2185,False,"MobiMart Indiranagar: 5 units of Nokia 3310 Max - expected demand 4.9/week, capital tied up Rs 42,460, expected gross profit Rs 2,533, ROI 0.06x"
BLR-05,MobiMart Malleshwaram,F10,iPhone 17,flagship,84900,0.2179,66400,near end-of-life,0.20800000000000002,1,1000,3847.9396800000004,0.05795089879518073,1,66400,18499.71,False,"MobiMart Malleshwaram: 1 units of iPhone 17 - expected demand 0.2/week, capital tied up Rs 66,400, expected gross profit Rs 18,500, ROI 0.28x"
BLR-08,MobiMart Electronic City,F02,iPhone 16,flagship,79900,0.1711,66229,near end-of-life,0.28,1,1000,3827.8492000000006,0.05779717646348277,1,66229,13670.89,False,"MobiMart Electronic City: 1 units of iPhone 16 - expected demand 0.3/week, capital tied up Rs 66,229, expected gross profit Rs 13,671, ROI 0.21x"
MYS-02,MobiMart Kuvempunagar,B13,Redmi A6,budget,8999,0.055,8504,declining,1.9833333333333334,2,1000,981.6409166666666,0.05771642266384446,2,17008,989.89,False,"MobiMart Kuvempunagar: 2 units of Redmi A6 - expected demand 2.0/week, capital tied up Rs 17,008, expected gross profit Rs 990, ROI 0.06x"
KAL-01,MobiMart KCD Road,F14,Vivo X210,flagship,69999,0.1731,57882,declining,0.27540000000000003,1,1000,3336.9741282600003,0.05765132732559345,1,57882,12116.8269,False,"MobiMart KCD Road: 1 units of Vivo X210 - expected demand 0.3/week, capital tied up Rs 57,882, expected gross profit Rs 12,117, ROI 0.21x"
MAN-01,MobiMart Court Road,B18,Samsung Galaxy F07,budget,11499,0.0647,10755,peaking,2.5,3,1000,1859.9632499999998,0.05764646675964667,3,32265,2231.9559,False,"MobiMart Court Road: 3 units of Samsung Galaxy F07 - expected demand 2.5/week, capital tied up Rs 32,265, expected gross profit Rs 2,232, ROI 0.07x"
MYS-01,MobiMart Devaraja Mohalla,M09,Samsung Galaxy A36,mid,32999,0.1474,28135,near end-of-life,0.3333333333333333,1,1000,1621.3508666666667,0.057627541022451274,1,28135,4864.0526,False,"MobiMart Devaraja Mohalla: 1 units of Samsung Galaxy A36 - expected demand 0.3/week, capital tied up Rs 28,135, expected gross profit Rs 4,864, ROI 0.17x"
MYS-02,MobiMart Kuvempunagar,B16,Lava Blaze Core 2,budget,9499,0.0627,8903,declining,3.4404761904761902,4,1000,2049.103925,0.05753970361114231,4,35612,2382.3492,False,"MobiMart Kuvempunagar: 4 units of Lava Blaze Core 2 - expected demand 3.4/week, capital tied up Rs 35,612, expected gross profit Rs 2,382, ROI 0.07x"
BEL-02,MobiMart Tilakwadi,B16,Lava Blaze Core 2,budget,9499,0.0627,8903,declining,3.4404761904761902,4,1000,2049.103925,0.05753970361114231,4,35612,2382.3492,False,"MobiMart Tilakwadi: 4 units of Lava Blaze Core 2 - expected demand 3.4/week, capital tied up Rs 35,612, expected gross profit Rs 2,382, ROI 0.07x"
BLR-05,MobiMart Malleshwaram,B12,Samsung Galaxy M06,budget,9999,0.0569,9430,near end-of-life,0.9523809523809523,1,1000,541.8505714285715,0.05746029389486442,1,9430,568.9431,False,"MobiMart Malleshwaram: 1 units of Samsung Galaxy M06 - expected demand 1.0/week, capital tied up Rs 9,430, expected gross profit Rs 569, ROI 0.06x"
KAL-01,MobiMart KCD Road,F13,OnePlus 14,flagship,72999,0.1726,60399,declining,0.27540000000000003,1,1000,3469.9373859600005,0.05745024563254359,1,60399,12599.6274,False,"MobiMart KCD Road: 1 units of OnePlus 14 - expected demand 0.3/week, capital tied up Rs 60,399, expected gross profit Rs 12,600, ROI 0.21x"
TUM-02,MobiMart SS Puram,M07,POCO X7 Pro,mid,26999,0.1145,23908,near end-of-life,0.44399999999999995,1,1000,1372.5751619999999,0.05741070612347331,1,23908,3091.3855000000003,False,"MobiMart SS Puram: 1 units of POCO X7 Pro - expected demand 0.4/week, capital tied up Rs 23,908, expected gross profit Rs 3,091, ROI 0.13x"
BEL-01,MobiMart Cantonment,B16,Lava Blaze Core 2,budget,9499,0.0627,8903,declining,4.29047619047619,5,1000,2555.35313,0.05740431607323374,5,44515,2977.9365000000003,False,"MobiMart Cantonment: 5 units of Lava Blaze Core 2 - expected demand 4.3/week, capital tied up Rs 44,515, expected gross profit Rs 2,978, ROI 0.07x"
KAL-01,MobiMart KCD Road,M05,Vivo V50e,mid,29999,0.1055,26834,near end-of-life,0.48600000000000004,1,1000,1538.138727,0.0573205160244466,1,26834,3164.8945,False,"MobiMart KCD Road: 1 units of Vivo V50e - expected demand 0.5/week, capital tied up Rs 26,834, expected gross profit Rs 3,165, ROI 0.12x"
BLR-01,MobiMart Jayanagar,M11,Samsung Galaxy A27,mid,23999,0.138,20687,near end-of-life,0.35714285714285715,1,1000,1182.8078571428573,0.05717638406452638,1,20687,3311.862,False,"MobiMart Jayanagar: 1 units of Samsung Galaxy A27 - expected demand 0.4/week, capital tied up Rs 20,687, expected gross profit Rs 3,312, ROI 0.16x"
BLR-06,MobiMart Rajajinagar,M11,Samsung Galaxy A27,mid,23999,0.138,20687,near end-of-life,0.35714285714285715,1,1000,1182.8078571428573,0.05717638406452638,1,20687,3311.862,False,"MobiMart Rajajinagar: 1 units of Samsung Galaxy A27 - expected demand 0.4/week, capital tied up Rs 20,687, expected gross profit Rs 3,312, ROI 0.16x"
BLR-03,MobiMart Indiranagar,B04,Realme Note 60,budget,9499,0.0751,8786,near end-of-life,2.1125000000000003,3,1000,1507.0044762500002,0.05717446226003491,3,26358,2140.1247,False,"MobiMart Indiranagar: 3 units of Realme Note 60 - expected demand 2.1/week, capital tied up Rs 26,358, expected gross profit Rs 2,140, ROI 0.08x"
HUB-02,MobiMart Gokul Road,M10,OnePlus Nord 5,mid,29999,0.1463,25610,near end-of-life,0.3333333333333333,1,1000,1462.9512333333334,0.05712421840426917,1,25610,4388.853700000001,False,"MobiMart Gokul Road: 1 units of OnePlus Nord 5 - expected demand 0.3/week, capital tied up Rs 25,610, expected gross profit Rs 4,389, ROI 0.17x"
SHI-01,MobiMart Vidya Nagar,B02,Samsung Galaxy M05,budget,8999,0.0615,8446,near end-of-life,0.87,1,1000,481.491495,0.057008228155339805,1,8446,553.4385,False,"MobiMart Vidya Nagar: 1 units of Samsung Galaxy M05 - expected demand 0.9/week, capital tied up Rs 8,446, expected gross profit Rs 553, ROI 0.07x"
BLR-03,MobiMart Indiranagar,B03,Redmi A5,budget,7999,0.0748,7401,near end-of-life,2.1125000000000003,3,1000,1263.9619850000001,0.056927531639868495,3,22203,1794.9756000000002,False,"MobiMart Indiranagar: 3 units of Redmi A5 - expected demand 2.1/week, capital tied up Rs 22,203, expected gross profit Rs 1,795, ROI 0.08x"
BLR-05,MobiMart Malleshwaram,B19,Realme C76x,budget,13999,0.0587,13177,ramping,2.7380952380952377,3,1000,2250.00594047619,0.05691750627295515,3,39531,2465.2239,False,"MobiMart Malleshwaram: 3 units of Realme C76x - expected demand 2.7/week, capital tied up Rs 39,531, expected gross profit Rs 2,465, ROI 0.06x"
BLR-08,MobiMart Electronic City,B03,Redmi A5,budget,7999,0.0748,7401,near end-of-life,1.4000000000000001,2,1000,837.6552800000001,0.056590682340224296,2,14802,1196.6504,False,"MobiMart Electronic City: 2 units of Redmi A5 - expected demand 1.4/week, capital tied up Rs 14,802, expected gross profit Rs 1,197, ROI 0.08x"
HOS-01,MobiMart Hosur Road,M01,Samsung Galaxy A26,mid,22999,0.1104,20460,near end-of-life,0.45600000000000007,1,1000,1157.8248576,0.05658968023460411,1,20460,2539.0896,False,"MobiMart Hosur Road: 1 units of Samsung Galaxy A26 - expected demand 0.5/week, capital tied up Rs 20,460, expected gross profit Rs 2,539, ROI 0.12x"
BLR-02,MobiMart Koramangala,B09,Realme C75x,budget,12999,0.0703,12085,near end-of-life,2.2424999999999997,3,1000,2049.26310225,0.05652359956557716,3,36255,2741.4891000000002,False,"MobiMart Koramangala: 3 units of Realme C75x - expected demand 2.2/week, capital tied up Rs 36,255, expected gross profit Rs 2,741, ROI 0.08x"
BLR-02,MobiMart Koramangala,B18,Samsung Galaxy F07,budget,11499,0.0647,10755,peaking,2.45,3,1000,1822.763985,0.056493537424453746,3,32265,2231.9559,False,"MobiMart Koramangala: 3 units of Samsung Galaxy F07 - expected demand 2.5/week, capital tied up Rs 32,265, expected gross profit Rs 2,232, ROI 0.07x"
BLR-08,MobiMart Electronic City,F07,iPhone 16 Pro,flagship,119900,0.1678,99781,near end-of-life,0.28,1,1000,5633.3816,0.05645745783265351,1,99781,20119.22,False,"MobiMart Electronic City: 1 units of iPhone 16 Pro - expected demand 0.3/week, capital tied up Rs 99,781, expected gross profit Rs 20,119, ROI 0.20x"
BLR-04,MobiMart Whitefield,B04,Realme Note 60,budget,9499,0.0751,8786,near end-of-life,2.08,3,1000,1483.8197920000002,0.056294855148342066,3,26358,2140.1247,False,"MobiMart Whitefield: 3 units of Realme Note 60 - expected demand 2.1/week, capital tied up Rs 26,358, expected gross profit Rs 2,140, ROI 0.08x"
HUB-01,MobiMart Vidya Nagar,F10,iPhone 17,flagship,84900,0.2179,66400,near end-of-life,0.202,1,1000,3736.941420000001,0.056279238253012065,1,66400,18499.71,False,"MobiMart Vidya Nagar: 1 units of iPhone 17 - expected demand 0.2/week, capital tied up Rs 66,400, expected gross profit Rs 18,500, ROI 0.28x"
DAV-02,MobiMart MCC B Block,F14,Vivo X210,flagship,69999,0.1731,57882,declining,0.26860000000000006,1,1000,3254.5797053400006,0.05622783776199856,1,57882,12116.8269,False,"MobiMart MCC B Block: 1 units of Vivo X210 - expected demand 0.3/week, capital tied up Rs 57,882, expected gross profit Rs 12,117, ROI 0.21x"
BLR-04,MobiMart Whitefield,B03,Redmi A5,budget,7999,0.0748,7401,near end-of-life,2.08,3,1000,1244.5164160000002,0.056051723460793595,3,22203,1794.9756000000002,False,"MobiMart Whitefield: 3 units of Redmi A5 - expected demand 2.1/week, capital tied up Rs 22,203, expected gross profit Rs 1,795, ROI 0.08x"
TUM-01,MobiMart MG Road,B16,Lava Blaze Core 2,budget,9499,0.0627,8903,declining,5.019047619047619,6,1000,2989.2810200000004,0.055960182335542334,6,53418,3573.5238000000004,False,"MobiMart MG Road: 6 units of Lava Blaze Core 2 - expected demand 5.0/week, capital tied up Rs 53,418, expected gross profit Rs 3,574, ROI 0.07x"
DAV-02,MobiMart MCC B Block,M05,Vivo V50e,mid,29999,0.1055,26834,near end-of-life,0.47400000000000003,1,1000,1500.1599930000002,0.055905194641126935,1,26834,3164.8945,False,"MobiMart MCC B Block: 1 units of Vivo V50e - expected demand 0.5/week, capital tied up Rs 26,834, expected gross profit Rs 3,165, ROI 0.12x"
BLR-04,MobiMart Whitefield,B15,Moto G16 Play,budget,11499,0.0792,10588,declining,1.295238095238095,2,1000,1179.6002742857142,0.055704584165362406,2,21176,1821.4416,False,"MobiMart Whitefield: 2 units of Moto G16 Play - expected demand 1.3/week, capital tied up Rs 21,176, expected gross profit Rs 1,821, ROI 0.09x"
BLR-08,MobiMart Electronic City,F11,Samsung Galaxy S26,flagship,79999,0.1658,66735,near end-of-life,0.28,1,1000,3713.8735760000004,0.05565106130216529,1,66735,13263.8342,False,"MobiMart Electronic City: 1 units of Samsung Galaxy S26 - expected demand 0.3/week, capital tied up Rs 66,735, expected gross profit Rs 13,264, ROI 0.20x"
BLR-01,MobiMart Jayanagar,B20,Nokia 3310 Max,budget,8999,0.0563,8492,ramping,0.9309523809523809,1,1000,471.66115880952384,0.055541822751945816,1,8492,506.6437,False,"MobiMart Jayanagar: 1 units of Nokia 3310 Max - expected demand 0.9/week, capital tied up Rs 8,492, expected gross profit Rs 507, ROI 0.06x"
KOL-01,MobiMart Station Road,B20,Nokia 3310 Max,budget,8999,0.0563,8492,ramping,0.9309523809523809,1,1000,471.66115880952384,0.055541822751945816,1,8492,506.6437,False,"MobiMart Station Road: 1 units of Nokia 3310 Max - expected demand 0.9/week, capital tied up Rs 8,492, expected gross profit Rs 507, ROI 0.06x"
HUB-02,MobiMart Gokul Road,B16,Lava Blaze Core 2,budget,9499,0.0627,8903,declining,3.319047619047619,4,1000,1976.78261,0.05550889054251376,4,35612,2382.3492,False,"MobiMart Gokul Road: 4 units of Lava Blaze Core 2 - expected demand 3.3/week, capital tied up Rs 35,612, expected gross profit Rs 2,382, ROI 0.07x"
BLR-03,MobiMart Indiranagar,B16,Lava Blaze Core 2,budget,9499,0.0627,8903,declining,1.6595238095238094,2,1000,988.391305,0.05550889054251376,2,17806,1191.1746,False,"MobiMart Indiranagar: 2 units of Lava Blaze Core 2 - expected demand 1.7/week, capital tied up Rs 17,806, expected gross profit Rs 1,191, ROI 0.07x"
BEL-01,MobiMart Cantonment,F08,Samsung Galaxy Z Flip7,flagship,99999,0.2188,78119,near end-of-life,0.198,1,1000,4332.1966776,0.05545637652299697,1,78119,21879.7812,False,"MobiMart Cantonment: 1 units of Samsung Galaxy Z Flip7 - expected demand 0.2/week, capital tied up Rs 78,119, expected gross profit Rs 21,880, ROI 0.28x"
BEL-01,MobiMart Cantonment,F10,iPhone 17,flagship,84900,0.2179,66400,near end-of-life,0.198,1,1000,3662.9425800000004,0.055164797891566274,1,66400,18499.71,False,"MobiMart Cantonment: 1 units of iPhone 17 - expected demand 0.2/week, capital tied up Rs 66,400, expected gross profit Rs 18,500, ROI 0.28x"
TUM-02,MobiMart SS Puram,M01,Samsung Galaxy A26,mid,22999,0.1104,20460,near end-of-life,0.44399999999999995,1,1000,1127.3557823999997,0.055100478123167144,1,20460,2539.0896,False,"MobiMart SS Puram: 1 units of Samsung Galaxy A26 - expected demand 0.4/week, capital tied up Rs 20,460, expected gross profit Rs 2,539, ROI 0.12x"
BEL-02,MobiMart Tilakwadi,B02,Samsung Galaxy M05,budget,8999,0.0615,8446,near end-of-life,0.8400000000000001,1,1000,464.88834,0.055042427184466024,1,8446,553.4385,False,"MobiMart Tilakwadi: 1 units of Samsung Galaxy M05 - expected demand 0.8/week, capital tied up Rs 8,446, expected gross profit Rs 553, ROI 0.07x"
KOL-01,MobiMart Station Road,B03,Redmi A5,budget,7999,0.0748,7401,near end-of-life,0.6800000000000002,1,1000,406.86113600000016,0.054973805701932194,1,7401,598.3252,False,"MobiMart Station Road: 1 units of Redmi A5 - expected demand 0.7/week, capital tied up Rs 7,401, expected gross profit Rs 598, ROI 0.08x"
BLR-06,MobiMart Rajajinagar,B14,Realme Note 70,budget,10499,0.0546,9926,declining,1.9023809523809523,2,1000,1090.53113,0.05493306115252872,2,19852,1146.4908,False,"MobiMart Rajajinagar: 2 units of Realme Note 70 - expected demand 1.9/week, capital tied up Rs 19,852, expected gross profit Rs 1,146, ROI 0.06x"
BLR-06,MobiMart Rajajinagar,F08,Samsung Galaxy Z Flip7,flagship,99999,0.2188,78119,near end-of-life,0.196,1,1000,4288.4371152,0.05489621110357276,1,78119,21879.7812,False,"MobiMart Rajajinagar: 1 units of Samsung Galaxy Z Flip7 - expected demand 0.2/week, capital tied up Rs 78,119, expected gross profit Rs 21,880, ROI 0.28x"
MAN-01,MobiMart Court Road,B09,Realme C75x,budget,12999,0.0703,12085,near end-of-life,1.45,2,1000,1325.053065,0.05482222031443939,2,24170,1827.6594,False,"MobiMart Court Road: 2 units of Realme C75x - expected demand 1.4/week, capital tied up Rs 24,170, expected gross profit Rs 1,828, ROI 0.08x"
TUM-01,MobiMart MG Road,B11,Nokia 125 Power,budget,7999,0.0617,7505,near end-of-life,0.8333333333333334,1,1000,411.2819166666667,0.05480105485232068,1,7505,493.5383,False,"MobiMart MG Road: 1 units of Nokia 125 Power - expected demand 0.8/week, capital tied up Rs 7,505, expected gross profit Rs 494, ROI 0.07x"
MYS-01,MobiMart Devaraja Mohalla,B16,Lava Blaze Core 2,budget,9499,0.0627,8903,declining,4.088095238095238,5,1000,2434.817605,0.05469656531506234,5,44515,2977.9365000000003,False,"MobiMart Devaraja Mohalla: 5 units of Lava Blaze Core 2 - expected demand 4.1/week, capital tied up Rs 44,515, expected gross profit Rs 2,978, ROI 0.07x"
DAV-01,MobiMart PJ Extension,M19,Samsung Galaxy A37,mid,33999,0.1426,29151,ramping,0.3285714285714285,1,1000,1592.99886,0.054646456725326746,1,29151,4848.2574,False,"MobiMart PJ Extension: 1 units of Samsung Galaxy A37 - expected demand 0.3/week, capital tied up Rs 29,151, expected gross profit Rs 4,848, ROI 0.17x"
BEL-02,MobiMart Tilakwadi,M19,Samsung Galaxy A37,mid,33999,0.1426,29151,ramping,0.3285714285714285,1,1000,1592.99886,0.054646456725326746,1,29151,4848.2574,False,"MobiMart Tilakwadi: 1 units of Samsung Galaxy A37 - expected demand 0.3/week, capital tied up Rs 29,151, expected gross profit Rs 4,848, ROI 0.17x"
MYS-01,MobiMart Devaraja Mohalla,B19,Realme C76x,budget,13999,0.0587,13177,ramping,3.5047619047619043,4,1000,2880.0076038095235,0.05464080602203695,4,52708,3286.9652,False,"MobiMart Devaraja Mohalla: 4 units of Realme C76x - expected demand 3.5/week, capital tied up Rs 52,708, expected gross profit Rs 3,287, ROI 0.06x"
BLR-01,MobiMart Jayanagar,B19,Realme C76x,budget,13999,0.0587,13177,ramping,1.7523809523809522,2,1000,1440.0038019047618,0.05464080602203695,2,26354,1643.4826,False,"MobiMart Jayanagar: 2 units of Realme C76x - expected demand 1.8/week, capital tied up Rs 26,354, expected gross profit Rs 1,643, ROI 0.06x"
BLR-06,MobiMart Rajajinagar,F10,iPhone 17,flagship,84900,0.2179,66400,near end-of-life,0.196,1,1000,3625.9431600000007,0.05460757771084338,1,66400,18499.71,False,"MobiMart Rajajinagar: 1 units of iPhone 17 - expected demand 0.2/week, capital tied up Rs 66,400, expected gross profit Rs 18,500, ROI 0.28x"
SHI-01,MobiMart Vidya Nagar,M06,Motorola Edge 60 Fusion,mid,22999,0.1248,20129,near end-of-life,0.38095238095238093,1,1000,1093.4381714285714,0.05432153467278908,1,20129,2870.2752,False,"MobiMart Vidya Nagar: 1 units of Motorola Edge 60 Fusion - expected demand 0.4/week, capital tied up Rs 20,129, expected gross profit Rs 2,870, ROI 0.14x"
BLR-02,MobiMart Koramangala,B17,POCO C85,budget,12499,0.0519,11850,declining,1.9833333333333334,2,1000,1286.584565,0.05428626856540085,2,23700,1297.3962000000001,False,"MobiMart Koramangala: 2 units of POCO C85 - expected demand 2.0/week, capital tied up Rs 23,700, expected gross profit Rs 1,297, ROI 0.05x"
BLR-05,MobiMart Malleshwaram,F03,OnePlus 13,flagship,69999,0.2067,55530,near end-of-life,0.20800000000000002,1,1000,3009.5090064,0.05419609231766613,1,55530,14468.7933,False,"MobiMart Malleshwaram: 1 units of OnePlus 13 - expected demand 0.2/week, capital tied up Rs 55,530, expected gross profit Rs 14,469, ROI 0.26x"
HUB-01,MobiMart Vidya Nagar,B13,Redmi A6,budget,8999,0.055,8504,declining,1.861904761904762,2,1000,921.5404523809524,0.05418276413340501,2,17008,989.89,False,"MobiMart Vidya Nagar: 2 units of Redmi A6 - expected demand 1.9/week, capital tied up Rs 17,008, expected gross profit Rs 990, ROI 0.06x"
MAN-01,MobiMart Court Road,B13,Redmi A6,budget,8999,0.055,8504,declining,0.930952380952381,1,1000,460.7702261904762,0.05418276413340501,1,8504,494.945,False,"MobiMart Court Road: 1 units of Redmi A6 - expected demand 0.9/week, capital tied up Rs 8,504, expected gross profit Rs 495, ROI 0.06x"
SHI-01,MobiMart Vidya Nagar,B16,Lava Blaze Core 2,budget,9499,0.0627,8903,declining,2.4285714285714284,3,1000,1446.4263,0.054155015163428064,3,26709,1786.7619000000002,False,"MobiMart Vidya Nagar: 3 units of Lava Blaze Core 2 - expected demand 2.4/week, capital tied up Rs 26,709, expected gross profit Rs 1,787, ROI 0.07x"
KOL-01,MobiMart Station Road,B16,Lava Blaze Core 2,budget,9499,0.0627,8903,declining,2.4285714285714284,3,1000,1446.4263,0.054155015163428064,3,26709,1786.7619000000002,False,"MobiMart Station Road: 3 units of Lava Blaze Core 2 - expected demand 2.4/week, capital tied up Rs 26,709, expected gross profit Rs 1,787, ROI 0.07x"
HOS-01,MobiMart Hosur Road,F14,Vivo X210,flagship,69999,0.1731,57882,declining,0.2584,1,1000,3130.98807096,0.054092603416606204,1,57882,12116.8269,False,"MobiMart Hosur Road: 1 units of Vivo X210 - expected demand 0.3/week, capital tied up Rs 57,882, expected gross profit Rs 12,117, ROI 0.21x"
DAV-02,MobiMart MCC B Block,B17,POCO C85,budget,12499,0.0519,11850,declining,5.90952380952381,6,1000,3833.4968671428574,0.05391697422141853,6,71100,3892.1886,False,"MobiMart MCC B Block: 6 units of POCO C85 - expected demand 5.9/week, capital tied up Rs 71,100, expected gross profit Rs 3,892, ROI 0.05x"
HOS-01,MobiMart Hosur Road,B17,POCO C85,budget,12499,0.0519,11850,declining,2.954761904761905,3,1000,1916.7484335714287,0.05391697422141853,3,35550,1946.0943,False,"MobiMart Hosur Road: 3 units of POCO C85 - expected demand 3.0/week, capital tied up Rs 35,550, expected gross profit Rs 1,946, ROI 0.05x"
BLR-07,MobiMart Yelahanka,B20,Nokia 3310 Max,budget,8999,0.0563,8492,ramping,1.807142857142857,2,1000,915.5775435714286,0.053908239729829756,2,16984,1013.2874,False,"MobiMart Yelahanka: 2 units of Nokia 3310 Max - expected demand 1.8/week, capital tied up Rs 16,984, expected gross profit Rs 1,013, ROI 0.06x"
HOS-01,MobiMart Hosur Road,M05,Vivo V50e,mid,29999,0.1055,26834,near end-of-life,0.45600000000000007,1,1000,1443.191892,0.05378221256614742,1,26834,3164.8945,False,"MobiMart Hosur Road: 1 units of Vivo V50e - expected demand 0.5/week, capital tied up Rs 26,834, expected gross profit Rs 3,165, ROI 0.12x"
MYS-01,MobiMart Devaraja Mohalla,F08,Samsung Galaxy Z Flip7,flagship,99999,0.2188,78119,near end-of-life,0.192,1,1000,4200.9179904,0.05377588026472433,1,78119,21879.7812,False,"MobiMart Devaraja Mohalla: 1 units of Samsung Galaxy Z Flip7 - expected demand 0.2/week, capital tied up Rs 78,119, expected gross profit Rs 21,880, ROI 0.28x"
MYS-02,MobiMart Kuvempunagar,B02,Samsung Galaxy M05,budget,8999,0.0615,8446,near end-of-life,0.82,1,1000,453.81956999999994,0.05373189320388349,1,8446,553.4385,False,"MobiMart Kuvempunagar: 1 units of Samsung Galaxy M05 - expected demand 0.8/week, capital tied up Rs 8,446, expected gross profit Rs 553, ROI 0.07x"
DAV-02,MobiMart MCC B Block,B16,Lava Blaze Core 2,budget,9499,0.0627,8903,declining,4.007142857142857,5,1000,2386.603395,0.05361346501179378,5,44515,2977.9365000000003,False,"MobiMart MCC B Block: 5 units of Lava Blaze Core 2 - expected demand 4.0/week, capital tied up Rs 44,515, expected gross profit Rs 2,978, ROI 0.07x"
BLR-07,MobiMart Yelahanka,B18,Samsung Galaxy F07,budget,11499,0.0647,10755,peaking,3.1,4,1000,2306.35443,0.053611214086471404,4,43020,2975.9411999999998,False,"MobiMart Yelahanka: 4 units of Samsung Galaxy F07 - expected demand 3.1/week, capital tied up Rs 43,020, expected gross profit Rs 2,976, ROI 0.07x"
UDU-01,MobiMart Udupi Main Road,M09,Samsung Galaxy A36,mid,32999,0.1474,28135,near end-of-life,0.30952380952380953,1,1000,1505.5400904761905,0.053511288092276184,1,28135,4864.0526,False,"MobiMart Udupi Main Road: 1 units of Samsung Galaxy A36 - expected demand 0.3/week, capital tied up Rs 28,135, expected gross profit Rs 4,864, ROI 0.17x"
TUM-01,MobiMart MG Road,B19,Realme C76x,budget,13999,0.0587,13177,ramping,2.5738095238095235,3,1000,2115.0055840476193,0.05350245589657786,3,39531,2465.2239,False,"MobiMart MG Road: 3 units of Realme C76x - expected demand 2.6/week, capital tied up Rs 39,531, expected gross profit Rs 2,465, ROI 0.06x"
MYS-01,MobiMart Devaraja Mohalla,F10,iPhone 17,flagship,84900,0.2179,66400,near end-of-life,0.192,1,1000,3551.9443200000005,0.0534931373493976,1,66400,18499.71,False,"MobiMart Devaraja Mohalla: 1 units of iPhone 17 - expected demand 0.2/week, capital tied up Rs 66,400, expected gross profit Rs 18,500, ROI 0.28x"
DAV-01,MobiMart PJ Extension,M11,Samsung Galaxy A27,mid,23999,0.138,20687,near end-of-life,0.3333333333333333,1,1000,1103.954,0.05336462512689128,1,20687,3311.862,False,"MobiMart PJ Extension: 1 units of Samsung Galaxy A27 - expected demand 0.3/week, capital tied up Rs 20,687, expected gross profit Rs 3,312, ROI 0.16x"
KAL-01,MobiMart KCD Road,B02,Samsung Galaxy M05,budget,8999,0.0615,8446,near end-of-life,0.8100000000000002,1,1000,448.28518500000007,0.05307662621359224,1,8446,553.4385,False,"MobiMart KCD Road: 1 units of Samsung Galaxy M05 - expected demand 0.8/week, capital tied up Rs 8,446, expected gross profit Rs 553, ROI 0.07x"
BLR-02,MobiMart Koramangala,M10,OnePlus Nord 5,mid,29999,0.1463,25610,near end-of-life,0.30952380952380953,1,1000,1358.4547166666666,0.05304391708967851,1,25610,4388.853700000001,False,"MobiMart Koramangala: 1 units of OnePlus Nord 5 - expected demand 0.3/week, capital tied up Rs 25,610, expected gross profit Rs 4,389, ROI 0.17x"
MYS-02,MobiMart Kuvempunagar,M10,OnePlus Nord 5,mid,29999,0.1463,25610,near end-of-life,0.30952380952380953,1,1000,1358.4547166666666,0.05304391708967851,1,25610,4388.853700000001,False,"MobiMart Kuvempunagar: 1 units of OnePlus Nord 5 - expected demand 0.3/week, capital tied up Rs 25,610, expected gross profit Rs 4,389, ROI 0.17x"
MAN-01,MobiMart Court Road,M10,OnePlus Nord 5,mid,29999,0.1463,25610,near end-of-life,0.30952380952380953,1,1000,1358.4547166666666,0.05304391708967851,1,25610,4388.853700000001,False,"MobiMart Court Road: 1 units of OnePlus Nord 5 - expected demand 0.3/week, capital tied up Rs 25,610, expected gross profit Rs 4,389, ROI 0.17x"
BEL-02,MobiMart Tilakwadi,B13,Redmi A6,budget,8999,0.055,8504,declining,1.8214285714285714,2,1000,901.5069642857143,0.05300487795659185,2,17008,989.89,False,"MobiMart Tilakwadi: 2 units of Redmi A6 - expected demand 1.8/week, capital tied up Rs 17,008, expected gross profit Rs 990, ROI 0.06x"
SHI-01,MobiMart Vidya Nagar,B13,Redmi A6,budget,8999,0.055,8504,declining,1.8214285714285714,2,1000,901.5069642857143,0.05300487795659185,2,17008,989.89,False,"MobiMart Vidya Nagar: 2 units of Redmi A6 - expected demand 1.8/week, capital tied up Rs 17,008, expected gross profit Rs 990, ROI 0.06x"
MAN-02,MobiMart Kottara,M15,Vivo V51e,mid,30999,0.1402,26653,declining,0.32380952380952377,1,1000,1407.295554285714,0.05280064361556725,1,26653,4346.0598,False,"MobiMart Kottara: 1 units of Vivo V51e - expected demand 0.3/week, capital tied up Rs 26,653, expected gross profit Rs 4,346, ROI 0.16x"
KOL-01,MobiMart Station Road,M07,POCO X7 Pro,mid,26999,0.1145,23908,near end-of-life,0.40800000000000003,1,1000,1261.285284,0.052755784005353856,1,23908,3091.3855000000003,False,"MobiMart Station Road: 1 units of POCO X7 Pro - expected demand 0.4/week, capital tied up Rs 23,908, expected gross profit Rs 3,091, ROI 0.13x"
BLR-05,MobiMart Malleshwaram,B17,POCO C85,budget,12499,0.0519,11850,declining,4.816666666666666,5,1000,3124.562515,0.052735232320675104,5,59250,3243.4905,False,"MobiMart Malleshwaram: 5 units of POCO C85 - expected demand 4.8/week, capital tied up Rs 59,250, expected gross profit Rs 3,243, ROI 0.05x"
BLR-07,MobiMart Yelahanka,B17,POCO C85,budget,12499,0.0519,11850,declining,4.816666666666666,5,1000,3124.562515,0.052735232320675104,5,59250,3243.4905,False,"MobiMart Yelahanka: 5 units of POCO C85 - expected demand 4.8/week, capital tied up Rs 59,250, expected gross profit Rs 3,243, ROI 0.05x"
TUM-02,MobiMart SS Puram,F14,Vivo X210,flagship,69999,0.1731,57882,declining,0.2516,1,1000,3048.59364804,0.0526691138530113,1,57882,12116.8269,False,"MobiMart SS Puram: 1 units of Vivo X210 - expected demand 0.3/week, capital tied up Rs 57,882, expected gross profit Rs 12,117, ROI 0.21x"
HUB-01,MobiMart Vidya Nagar,F03,OnePlus 13,flagship,69999,0.2067,55530,near end-of-life,0.202,1,1000,2922.6962466,0.052632743500810375,1,55530,14468.7933,False,"MobiMart Vidya Nagar: 1 units of OnePlus 13 - expected demand 0.2/week, capital tied up Rs 55,530, expected gross profit Rs 14,469, ROI 0.26x"
UDU-01,MobiMart Udupi Main Road,B17,POCO C85,budget,12499,0.0519,11850,declining,5.747619047619048,6,1000,3728.469555714286,0.05243979684548925,6,71100,3892.1886,False,"MobiMart Udupi Main Road: 6 units of POCO C85 - expected demand 5.7/week, capital tied up Rs 71,100, expected gross profit Rs 3,892, ROI 0.05x"
BEL-01,MobiMart Cantonment,B19,Realme C76x,budget,13999,0.0587,13177,ramping,2.519047619047619,3,1000,2070.005465238095,0.05236410577111874,3,39531,2465.2239,False,"MobiMart Cantonment: 3 units of Realme C76x - expected demand 2.5/week, capital tied up Rs 39,531, expected gross profit Rs 2,465, ROI 0.06x"
BLR-07,MobiMart Yelahanka,M12,Redmi Note 15,mid,19999,0.1391,17217,declining,0.32380952380952377,1,1000,900.7930533333332,0.05231997754157711,1,17217,2781.8609,False,"MobiMart Yelahanka: 1 units of Redmi Note 15 - expected demand 0.3/week, capital tied up Rs 17,217, expected gross profit Rs 2,782, ROI 0.16x"
MYS-02,MobiMart Kuvempunagar,B17,POCO C85,budget,12499,0.0519,11850,declining,4.776190476190476,5,1000,3098.305687142857,0.05229207910789632,5,59250,3243.4905,False,"MobiMart Kuvempunagar: 5 units of POCO C85 - expected demand 4.8/week, capital tied up Rs 59,250, expected gross profit Rs 3,243, ROI 0.05x"
BLR-08,MobiMart Electronic City,B20,Nokia 3310 Max,budget,8999,0.0563,8492,ramping,1.7523809523809522,2,1000,887.8327695238095,0.0522746567077137,2,16984,1013.2874,False,"MobiMart Electronic City: 2 units of Nokia 3310 Max - expected demand 1.8/week, capital tied up Rs 16,984, expected gross profit Rs 1,013, ROI 0.06x"
SHI-01,MobiMart Vidya Nagar,B14,Realme Note 70,budget,10499,0.0546,9926,declining,2.711904761904762,3,1000,1554.5869300000002,0.05220588790382162,3,29778,1719.7362,False,"MobiMart Vidya Nagar: 3 units of Realme Note 70 - expected demand 2.7/week, capital tied up Rs 29,778, expected gross profit Rs 1,720, ROI 0.06x"
HOS-01,MobiMart Hosur Road,B20,Nokia 3310 Max,budget,8999,0.0563,8492,ramping,1.7479999999999998,2,1000,885.6131876,0.052143970065944414,2,16984,1013.2874,False,"MobiMart Hosur Road: 2 units of Nokia 3310 Max - expected demand 1.7/week, capital tied up Rs 16,984, expected gross profit Rs 1,013, ROI 0.06x"
DAV-01,MobiMart PJ Extension,B16,Lava Blaze Core 2,budget,9499,0.0627,8903,declining,3.1166666666666663,4,1000,1856.247085,0.0521242020947995,4,35612,2382.3492,False,"MobiMart PJ Extension: 4 units of Lava Blaze Core 2 - expected demand 3.1/week, capital tied up Rs 35,612, expected gross profit Rs 2,382, ROI 0.07x"
DAV-01,MobiMart PJ Extension,F08,Samsung Galaxy Z Flip7,flagship,99999,0.2188,78119,near end-of-life,0.18600000000000003,1,1000,4069.6393032000005,0.0520953840064517,1,78119,21879.7812,False,"MobiMart PJ Extension: 1 units of Samsung Galaxy Z Flip7 - expected demand 0.2/week, capital tied up Rs 78,119, expected gross profit Rs 21,880, ROI 0.28x"
BLR-03,MobiMart Indiranagar,B17,POCO C85,budget,12499,0.0519,11850,declining,1.9023809523809523,2,1000,1234.0709092857142,0.052070502501506924,2,23700,1297.3962000000001,False,"MobiMart Indiranagar: 2 units of POCO C85 - expected demand 1.9/week, capital tied up Rs 23,700, expected gross profit Rs 1,297, ROI 0.05x"
BLR-05,MobiMart Malleshwaram,B13,Redmi A6,budget,8999,0.055,8504,declining,1.780952380952381,2,1000,881.4734761904763,0.05182699177977871,2,17008,989.89,False,"MobiMart Malleshwaram: 2 units of Redmi A6 - expected demand 1.8/week, capital tied up Rs 17,008, expected gross profit Rs 990, ROI 0.06x"
MAN-02,MobiMart Kottara,B13,Redmi A6,budget,8999,0.055,8504,declining,1.780952380952381,2,1000,881.4734761904763,0.05182699177977871,2,17008,989.89,False,"MobiMart Kottara: 2 units of Redmi A6 - expected demand 1.8/week, capital tied up Rs 17,008, expected gross profit Rs 990, ROI 0.06x"
HOS-01,MobiMart Hosur Road,B13,Redmi A6,budget,8999,0.055,8504,declining,1.780952380952381,2,1000,881.4734761904763,0.05182699177977871,2,17008,989.89,False,"MobiMart Hosur Road: 2 units of Redmi A6 - expected demand 1.8/week, capital tied up Rs 17,008, expected gross profit Rs 990, ROI 0.06x"
DAV-01,MobiMart PJ Extension,F10,iPhone 17,flagship,84900,0.2179,66400,near end-of-life,0.18600000000000003,1,1000,3440.9460600000007,0.05182147680722893,1,66400,18499.71,False,"MobiMart PJ Extension: 1 units of iPhone 17 - expected demand 0.2/week, capital tied up Rs 66,400, expected gross profit Rs 18,500, ROI 0.28x"
HOS-01,MobiMart Hosur Road,M17,POCO X8 Pro,mid,28999,0.1287,25267,peaking,0.35,1,1000,1306.259955,0.051698260774923815,1,25267,3732.1713000000004,False,"MobiMart Hosur Road: 1 units of POCO X8 Pro - expected demand 0.3/week, capital tied up Rs 25,267, expected gross profit Rs 3,732, ROI 0.15x"
BEL-01,MobiMart Cantonment,F03,OnePlus 13,flagship,69999,0.2067,55530,near end-of-life,0.198,1,1000,2864.8210734000004,0.05159051095623988,1,55530,14468.7933,False,"MobiMart Cantonment: 1 units of OnePlus 13 - expected demand 0.2/week, capital tied up Rs 55,530, expected gross profit Rs 14,469, ROI 0.26x"
BEL-02,MobiMart Tilakwadi,B17,POCO C85,budget,12499,0.0519,11850,declining,3.7642857142857142,4,1000,2441.884990714286,0.051516560985533456,4,47400,2594.7924000000003,False,"MobiMart Tilakwadi: 4 units of POCO C85 - expected demand 3.8/week, capital tied up Rs 47,400, expected gross profit Rs 2,595, ROI 0.05x"
BLR-05,MobiMart Malleshwaram,F16,Xiaomi 16,flagship,67999,0.2027,54216,declining,0.20238095238095236,1,1000,2789.4970726190472,0.05145154700861457,1,54216,13783.397299999999,False,"MobiMart Malleshwaram: 1 units of Xiaomi 16 - expected demand 0.2/week, capital tied up Rs 54,216, expected gross profit Rs 13,783, ROI 0.25x"
MYS-02,MobiMart Kuvempunagar,F16,Xiaomi 16,flagship,67999,0.2027,54216,declining,0.20238095238095236,1,1000,2789.4970726190472,0.05145154700861457,1,54216,13783.397299999999,False,"MobiMart Kuvempunagar: 1 units of Xiaomi 16 - expected demand 0.2/week, capital tied up Rs 54,216, expected gross profit Rs 13,783, ROI 0.25x"
DAV-02,MobiMart MCC B Block,F16,Xiaomi 16,flagship,67999,0.2027,54216,declining,0.20238095238095236,1,1000,2789.4970726190472,0.05145154700861457,1,54216,13783.397299999999,False,"MobiMart MCC B Block: 1 units of Xiaomi 16 - expected demand 0.2/week, capital tied up Rs 54,216, expected gross profit Rs 13,783, ROI 0.25x"
MAN-02,MobiMart Kottara,F16,Xiaomi 16,flagship,67999,0.2027,54216,declining,0.20238095238095236,1,1000,2789.4970726190472,0.05145154700861457,1,54216,13783.397299999999,False,"MobiMart Kottara: 1 units of Xiaomi 16 - expected demand 0.2/week, capital tied up Rs 54,216, expected gross profit Rs 13,783, ROI 0.25x"
KOL-01,MobiMart Station Road,B19,Realme C76x,budget,13999,0.0587,13177,ramping,3.2857142857142856,4,1000,2700.0071285714284,0.05122575564565964,4,52708,3286.9652,False,"MobiMart Station Road: 4 units of Realme C76x - expected demand 3.3/week, capital tied up Rs 52,708, expected gross profit Rs 3,287, ROI 0.06x"
DAV-02,MobiMart MCC B Block,B19,Realme C76x,budget,13999,0.0587,13177,ramping,2.464285714285714,3,1000,2025.0053464285713,0.05122575564565964,3,39531,2465.2239,False,"MobiMart MCC B Block: 3 units of Realme C76x - expected demand 2.5/week, capital tied up Rs 39,531, expected gross profit Rs 2,465, ROI 0.06x"
BLR-06,MobiMart Rajajinagar,F03,OnePlus 13,flagship,69999,0.2067,55530,near end-of-life,0.196,1,1000,2835.8834868,0.05106939468395462,1,55530,14468.7933,False,"MobiMart Rajajinagar: 1 units of OnePlus 13 - expected demand 0.2/week, capital tied up Rs 55,530, expected gross profit Rs 14,469, ROI 0.26x"
BLR-07,MobiMart Yelahanka,F08,Samsung Galaxy Z Flip7,flagship,99999,0.2188,78119,near end-of-life,0.18200000000000002,1,1000,3982.1201784000004,0.05097505316760328,1,78119,21879.7812,False,"MobiMart Yelahanka: 1 units of Samsung Galaxy Z Flip7 - expected demand 0.2/week, capital tied up Rs 78,119, expected gross profit Rs 21,880, ROI 0.28x"
TUM-02,MobiMart SS Puram,B17,POCO C85,budget,12499,0.0519,11850,declining,4.654761904761905,5,1000,3019.535203571429,0.05096261946955998,5,59250,3243.4905,False,"MobiMart SS Puram: 5 units of POCO C85 - expected demand 4.7/week, capital tied up Rs 59,250, expected gross profit Rs 3,243, ROI 0.05x"
BLR-06,MobiMart Rajajinagar,F14,Vivo X210,flagship,69999,0.1731,57882,declining,0.24285714285714283,1,1000,2942.657961428571,0.050838912985532135,1,57882,12116.8269,False,"MobiMart Rajajinagar: 1 units of Vivo X210 - expected demand 0.2/week, capital tied up Rs 57,882, expected gross profit Rs 12,117, ROI 0.21x"
MAN-01,MobiMart Court Road,B16,Lava Blaze Core 2,budget,9499,0.0627,8903,declining,3.0357142857142856,4,1000,1808.032875,0.050770326715713805,4,35612,2382.3492,False,"MobiMart Court Road: 4 units of Lava Blaze Core 2 - expected demand 3.0/week, capital tied up Rs 35,612, expected gross profit Rs 2,382, ROI 0.07x"
BLR-07,MobiMart Yelahanka,F10,iPhone 17,flagship,84900,0.2179,66400,near end-of-life,0.18200000000000002,1,1000,3366.9472200000005,0.05070703644578314,1,66400,18499.71,False,"MobiMart Yelahanka: 1 units of iPhone 17 - expected demand 0.2/week, capital tied up Rs 66,400, expected gross profit Rs 18,500, ROI 0.28x"
BLR-05,MobiMart Malleshwaram,F13,OnePlus 14,flagship,72999,0.1726,60399,declining,0.24285714285714283,1,1000,3059.9095114285715,0.05066159226855695,1,60399,12599.6274,False,"MobiMart Malleshwaram: 1 units of OnePlus 14 - expected demand 0.2/week, capital tied up Rs 60,399, expected gross profit Rs 12,600, ROI 0.21x"
TUM-02,MobiMart SS Puram,F13,OnePlus 14,flagship,72999,0.1726,60399,declining,0.24285714285714283,1,1000,3059.9095114285715,0.05066159226855695,1,60399,12599.6274,False,"MobiMart SS Puram: 1 units of OnePlus 14 - expected demand 0.2/week, capital tied up Rs 60,399, expected gross profit Rs 12,600, ROI 0.21x"
BLR-07,MobiMart Yelahanka,B14,Realme Note 70,budget,10499,0.0546,9926,declining,2.630952380952381,3,1000,1508.18135,0.0506475031902747,3,29778,1719.7362,False,"MobiMart Yelahanka: 3 units of Realme Note 70 - expected demand 2.6/week, capital tied up Rs 29,778, expected gross profit Rs 1,720, ROI 0.06x"
KOL-01,MobiMart Station Road,M01,Samsung Galaxy A26,mid,22999,0.1104,20460,near end-of-life,0.40800000000000003,1,1000,1035.9485568,0.0506328717888563,1,20460,2539.0896,False,"MobiMart Station Road: 1 units of Samsung Galaxy A26 - expected demand 0.4/week, capital tied up Rs 20,460, expected gross profit Rs 2,539, ROI 0.12x"
BEL-01,MobiMart Cantonment,B17,POCO C85,budget,12499,0.0519,11850,declining,5.545238095238095,6,1000,3597.1854164285714,0.05059332512557766,6,71100,3892.1886,False,"MobiMart Cantonment: 6 units of POCO C85 - expected demand 5.5/week, capital tied up Rs 71,100, expected gross profit Rs 3,892, ROI 0.05x"
HUB-01,MobiMart Vidya Nagar,F15,Pixel 10 Pro,flagship,114999,0.1999,92011,declining,0.20238095238095236,1,1000,4652.3940678571425,0.0505634551070757,1,92011,22988.3001,False,"MobiMart Vidya Nagar: 1 units of Pixel 10 Pro - expected demand 0.2/week, capital tied up Rs 92,011, expected gross profit Rs 22,988, ROI 0.25x"
BLR-04,MobiMart Whitefield,B16,Lava Blaze Core 2,budget,9499,0.0627,8903,declining,2.2666666666666666,3,1000,1349.9978800000001,0.05054468081919952,3,26709,1786.7619000000002,False,"MobiMart Whitefield: 3 units of Lava Blaze Core 2 - expected demand 2.3/week, capital tied up Rs 26,709, expected gross profit Rs 1,787, ROI 0.07x"
HUB-01,MobiMart Vidya Nagar,B17,POCO C85,budget,12499,0.0519,11850,declining,4.614285714285715,5,1000,2993.278375714286,0.0505194662567812,5,59250,3243.4905,False,"MobiMart Vidya Nagar: 5 units of POCO C85 - expected demand 4.6/week, capital tied up Rs 59,250, expected gross profit Rs 3,243, ROI 0.05x"
UDU-01,MobiMart Udupi Main Road,B19,Realme C76x,budget,13999,0.0587,13177,ramping,3.2309523809523806,4,1000,2655.0070097619046,0.05037199305156531,4,52708,3286.9652,False,"MobiMart Udupi Main Road: 4 units of Realme C76x - expected demand 3.2/week, capital tied up Rs 52,708, expected gross profit Rs 3,287, ROI 0.06x"
BLR-07,MobiMart Yelahanka,B06,Lava Blaze Core,budget,8499,0.0523,8055,near end-of-life,0.91,1,1000,404.492907,0.05021637579143389,1,8055,444.4977,False,"MobiMart Yelahanka: 1 units of Lava Blaze Core - expected demand 0.9/week, capital tied up Rs 8,055, expected gross profit Rs 444, ROI 0.06x"
UDU-01,MobiMart Udupi Main Road,F10,iPhone 17,flagship,84900,0.2179,66400,near end-of-life,0.18000000000000002,1,1000,3329.9478000000004,0.050149816265060244,1,66400,18499.71,False,"MobiMart Udupi Main Road: 1 units of iPhone 17 - expected demand 0.2/week, capital tied up Rs 66,400, expected gross profit Rs 18,500, ROI 0.28x"
BLR-06,MobiMart Rajajinagar,B19,Realme C76x,budget,13999,0.0587,13177,ramping,2.4095238095238094,3,1000,1980.0052276190477,0.050087405520200544,3,39531,2465.2239,False,"MobiMart Rajajinagar: 3 units of Realme C76x - expected demand 2.4/week, capital tied up Rs 39,531, expected gross profit Rs 2,465, ROI 0.06x"
MYS-01,MobiMart Devaraja Mohalla,F03,OnePlus 13,flagship,69999,0.2067,55530,near end-of-life,0.192,1,1000,2778.0083136000003,0.05002716213938412,1,55530,14468.7933,False,"MobiMart Devaraja Mohalla: 1 units of OnePlus 13 - expected demand 0.2/week, capital tied up Rs 55,530, expected gross profit Rs 14,469, ROI 0.26x"
MAN-02,MobiMart Kottara,F08,Samsung Galaxy Z Flip7,flagship,99999,0.2188,78119,near end-of-life,0.17800000000000002,1,1000,3894.6010536,0.04985472232875485,1,78119,21879.7812,False,"MobiMart Kottara: 1 units of Samsung Galaxy Z Flip7 - expected demand 0.2/week, capital tied up Rs 78,119, expected gross profit Rs 21,880, ROI 0.28x"
DAV-01,MobiMart PJ Extension,B17,POCO C85,budget,12499,0.0519,11850,declining,4.533333333333333,5,1000,2940.76472,0.04963315983122363,5,59250,3243.4905,False,"MobiMart PJ Extension: 5 units of POCO C85 - expected demand 4.5/week, capital tied up Rs 59,250, expected gross profit Rs 3,243, ROI 0.05x"
MAN-02,MobiMart Kottara,F10,iPhone 17,flagship,84900,0.2179,66400,near end-of-life,0.17800000000000002,1,1000,3292.9483800000007,0.04959259608433736,1,66400,18499.71,False,"MobiMart Kottara: 1 units of iPhone 17 - expected demand 0.2/week, capital tied up Rs 66,400, expected gross profit Rs 18,500, ROI 0.28x"
BLR-01,MobiMart Jayanagar,B18,Samsung Galaxy F07,budget,11499,0.0647,10755,peaking,2.15,3,1000,1599.5683949999998,0.049575961413296135,3,32265,2231.9559,False,"MobiMart Jayanagar: 3 units of Samsung Galaxy F07 - expected demand 2.1/week, capital tied up Rs 32,265, expected gross profit Rs 2,232, ROI 0.07x"
BLR-08,MobiMart Electronic City,M11,Samsung Galaxy A27,mid,23999,0.138,20687,near end-of-life,0.30952380952380953,1,1000,1025.1001428571428,0.04955286618925619,1,20687,3311.862,False,"MobiMart Electronic City: 1 units of Samsung Galaxy A27 - expected demand 0.3/week, capital tied up Rs 20,687, expected gross profit Rs 3,312, ROI 0.16x"
BLR-07,MobiMart Yelahanka,B19,Realme C76x,budget,13999,0.0587,13177,ramping,3.176190476190476,4,1000,2610.006890952381,0.049518230457470995,4,52708,3286.9652,False,"MobiMart Yelahanka: 4 units of Realme C76x - expected demand 3.2/week, capital tied up Rs 52,708, expected gross profit Rs 3,287, ROI 0.06x"
HUB-02,MobiMart Gokul Road,F08,Samsung Galaxy Z Flip7,flagship,99999,0.2188,78119,near end-of-life,0.17600000000000002,1,1000,3850.8414912,0.049294556909330635,1,78119,21879.7812,False,"MobiMart Gokul Road: 1 units of Samsung Galaxy Z Flip7 - expected demand 0.2/week, capital tied up Rs 78,119, expected gross profit Rs 21,880, ROI 0.28x"
DAV-02,MobiMart MCC B Block,B14,Realme Note 70,budget,10499,0.0546,9926,declining,2.55,3,1000,1461.77577,0.04908911847672778,3,29778,1719.7362,False,"MobiMart MCC B Block: 3 units of Realme Note 70 - expected demand 2.5/week, capital tied up Rs 29,778, expected gross profit Rs 1,720, ROI 0.06x"
KAL-01,MobiMart KCD Road,B14,Realme Note 70,budget,10499,0.0546,9926,declining,2.55,3,1000,1461.77577,0.04908911847672778,3,29778,1719.7362,False,"MobiMart KCD Road: 3 units of Realme Note 70 - expected demand 2.5/week, capital tied up Rs 29,778, expected gross profit Rs 1,720, ROI 0.06x"
HUB-02,MobiMart Gokul Road,F10,iPhone 17,flagship,84900,0.2179,66400,near end-of-life,0.17600000000000002,1,1000,3255.9489600000006,0.04903537590361447,1,66400,18499.71,False,"MobiMart Gokul Road: 1 units of iPhone 17 - expected demand 0.2/week, capital tied up Rs 66,400, expected gross profit Rs 18,500, ROI 0.28x"
TUM-01,MobiMart MG Road,B17,POCO C85,budget,12499,0.0519,11850,declining,2.6714285714285713,3,1000,1732.9506385714285,0.04874685340566606,3,35550,1946.0943,False,"MobiMart MG Road: 3 units of POCO C85 - expected demand 2.7/week, capital tied up Rs 35,550, expected gross profit Rs 1,946, ROI 0.05x"
SHI-01,MobiMart Vidya Nagar,F08,Samsung Galaxy Z Flip7,flagship,99999,0.2188,78119,near end-of-life,0.17400000000000002,1,1000,3807.0819288000002,0.04873439148990643,1,78119,21879.7812,False,"MobiMart Vidya Nagar: 1 units of Samsung Galaxy Z Flip7 - expected demand 0.2/week, capital tied up Rs 78,119, expected gross profit Rs 21,880, ROI 0.28x"
SHI-01,MobiMart Vidya Nagar,B19,Realme C76x,budget,13999,0.0587,13177,ramping,3.1214285714285714,4,1000,2565.0067721428572,0.048664467863376665,4,52708,3286.9652,False,"MobiMart Vidya Nagar: 4 units of Realme C76x - expected demand 3.1/week, capital tied up Rs 52,708, expected gross profit Rs 3,287, ROI 0.06x"
BLR-05,MobiMart Malleshwaram,F05,Pixel 9 Pro,flagship,109999,0.1894,89165,near end-of-life,0.20800000000000002,1,1000,4333.4326048,0.048600152580048225,1,89165,20833.8106,False,"MobiMart Malleshwaram: 1 units of Pixel 9 Pro - expected demand 0.2/week, capital tied up Rs 89,165, expected gross profit Rs 20,834, ROI 0.23x"
SHI-01,MobiMart Vidya Nagar,F10,iPhone 17,flagship,84900,0.2179,66400,near end-of-life,0.17400000000000002,1,1000,3218.9495400000005,0.048478155722891575,1,66400,18499.71,False,"MobiMart Vidya Nagar: 1 units of iPhone 17 - expected demand 0.2/week, capital tied up Rs 66,400, expected gross profit Rs 18,500, ROI 0.28x"
DAV-01,MobiMart PJ Extension,F03,OnePlus 13,flagship,69999,0.2067,55530,near end-of-life,0.18600000000000003,1,1000,2691.1955538,0.04846381332252837,1,55530,14468.7933,False,"MobiMart PJ Extension: 1 units of OnePlus 13 - expected demand 0.2/week, capital tied up Rs 55,530, expected gross profit Rs 14,469, ROI 0.26x"
BLR-03,MobiMart Indiranagar,B18,Samsung Galaxy F07,budget,11499,0.0647,10755,peaking,2.1,3,1000,1562.36913,0.04842303207810321,3,32265,2231.9559,False,"MobiMart Indiranagar: 3 units of Samsung Galaxy F07 - expected demand 2.1/week, capital tied up Rs 32,265, expected gross profit Rs 2,232, ROI 0.07x"
KOL-01,MobiMart Station Road,F14,Vivo X210,flagship,69999,0.1731,57882,declining,0.23120000000000002,1,1000,2801.41037928,0.048398645162226604,1,57882,12116.8269,False,"MobiMart Station Road: 1 units of Vivo X210 - expected demand 0.2/week, capital tied up Rs 57,882, expected gross profit Rs 12,117, ROI 0.21x"
KOL-01,MobiMart Station Road,F13,OnePlus 14,flagship,72999,0.1726,60399,declining,0.23120000000000002,1,1000,2913.03385488,0.04822983583966622,1,60399,12599.6274,False,"MobiMart Station Road: 1 units of OnePlus 14 - expected demand 0.2/week, capital tied up Rs 60,399, expected gross profit Rs 12,600, ROI 0.21x"
KOL-01,MobiMart Station Road,B17,POCO C85,budget,12499,0.0519,11850,declining,3.521428571428572,4,1000,2284.344023571429,0.04819291188969259,4,47400,2594.7924000000003,False,"MobiMart Station Road: 4 units of POCO C85 - expected demand 3.5/week, capital tied up Rs 47,400, expected gross profit Rs 2,595, ROI 0.05x"
KAL-01,MobiMart KCD Road,B20,Nokia 3310 Max,budget,8999,0.0563,8492,ramping,3.2309523809523806,4,1000,1636.9416688095237,0.04819069915242356,4,33968,2026.5748,False,"MobiMart KCD Road: 4 units of Nokia 3310 Max - expected demand 3.2/week, capital tied up Rs 33,968, expected gross profit Rs 2,027, ROI 0.06x"
TUM-01,MobiMart MG Road,F08,Samsung Galaxy Z Flip7,flagship,99999,0.2188,78119,near end-of-life,0.17200000000000001,1,1000,3763.3223664,0.04817422607048222,1,78119,21879.7812,False,"MobiMart MG Road: 1 units of Samsung Galaxy Z Flip7 - expected demand 0.2/week, capital tied up Rs 78,119, expected gross profit Rs 21,880, ROI 0.28x"
KOL-01,MobiMart Station Road,M05,Vivo V50e,mid,29999,0.1055,26834,near end-of-life,0.40800000000000003,1,1000,1291.276956,0.04812092703286874,1,26834,3164.8945,False,"MobiMart Station Road: 1 units of Vivo V50e - expected demand 0.4/week, capital tied up Rs 26,834, expected gross profit Rs 3,165, ROI 0.12x"
TUM-01,MobiMart MG Road,F10,iPhone 17,flagship,84900,0.2179,66400,near end-of-life,0.17200000000000001,1,1000,3181.9501200000004,0.04792093554216868,1,66400,18499.71,False,"MobiMart MG Road: 1 units of iPhone 17 - expected demand 0.2/week, capital tied up Rs 66,400, expected gross profit Rs 18,500, ROI 0.28x"
BLR-06,MobiMart Rajajinagar,B17,POCO C85,budget,12499,0.0519,11850,declining,4.371428571428572,5,1000,2835.737408571429,0.047860546980108505,5,59250,3243.4905,False,"MobiMart Rajajinagar: 5 units of POCO C85 - expected demand 4.4/week, capital tied up Rs 59,250, expected gross profit Rs 3,243, ROI 0.05x"
TUM-02,MobiMart SS Puram,B19,Realme C76x,budget,13999,0.0587,13177,ramping,2.3,3,1000,1890.00499,0.047810705269282334,3,39531,2465.2239,False,"MobiMart SS Puram: 3 units of Realme C76x - expected demand 2.3/week, capital tied up Rs 39,531, expected gross profit Rs 2,465, ROI 0.06x"
MAN-01,MobiMart Court Road,B02,Samsung Galaxy M05,budget,8999,0.0615,8446,near end-of-life,1.45,2,1000,802.485825,0.047506856796116506,2,16892,1106.877,False,"MobiMart Court Road: 2 units of Samsung Galaxy M05 - expected demand 1.4/week, capital tied up Rs 16,892, expected gross profit Rs 1,107, ROI 0.07x"
BLR-07,MobiMart Yelahanka,F03,OnePlus 13,flagship,69999,0.2067,55530,near end-of-life,0.18200000000000002,1,1000,2633.3203806,0.04742158077795786,1,55530,14468.7933,False,"MobiMart Yelahanka: 1 units of OnePlus 13 - expected demand 0.2/week, capital tied up Rs 55,530, expected gross profit Rs 14,469, ROI 0.26x"
SHI-01,MobiMart Vidya Nagar,B17,POCO C85,budget,12499,0.0519,11850,declining,4.330952380952381,5,1000,2809.4805807142857,0.047417393767329716,5,59250,3243.4905,False,"MobiMart Vidya Nagar: 5 units of POCO C85 - expected demand 4.3/week, capital tied up Rs 59,250, expected gross profit Rs 3,243, ROI 0.05x"
BLR-02,MobiMart Koramangala,B16,Lava Blaze Core 2,budget,9499,0.0627,8903,declining,1.4166666666666667,2,1000,843.7486750000002,0.04738563826799956,2,17806,1191.1746,False,"MobiMart Koramangala: 2 units of Lava Blaze Core 2 - expected demand 1.4/week, capital tied up Rs 17,806, expected gross profit Rs 1,191, ROI 0.07x"
MAN-02,MobiMart Kottara,B20,Nokia 3310 Max,budget,8999,0.0563,8492,ramping,1.588095238095238,2,1000,804.5984473809524,0.047373907641365544,2,16984,1013.2874,False,"MobiMart Kottara: 2 units of Nokia 3310 Max - expected demand 1.6/week, capital tied up Rs 16,984, expected gross profit Rs 1,013, ROI 0.06x"
BLR-02,MobiMart Koramangala,F11,Samsung Galaxy S26,flagship,79999,0.1658,66735,near end-of-life,0.23809523809523808,1,1000,3158.0557619047618,0.04732233103925619,1,66735,13263.8342,False,"MobiMart Koramangala: 1 units of Samsung Galaxy S26 - expected demand 0.2/week, capital tied up Rs 66,735, expected gross profit Rs 13,264, ROI 0.20x"
BLR-03,MobiMart Indiranagar,M08,Nothing Phone (3a),mid,27999,0.1243,24519,near end-of-life,0.3333333333333333,1,1000,1160.0919,0.047313997308209954,1,24519,3480.2756999999997,False,"MobiMart Indiranagar: 1 units of Nothing Phone (3a) - expected demand 0.3/week, capital tied up Rs 24,519, expected gross profit Rs 3,480, ROI 0.14x"
KOL-01,MobiMart Station Road,B18,Samsung Galaxy F07,budget,11499,0.0647,10755,peaking,2.05,3,1000,1525.1698649999996,0.04727010274291026,3,32265,2231.9559,False,"MobiMart Station Road: 3 units of Samsung Galaxy F07 - expected demand 2.0/week, capital tied up Rs 32,265, expected gross profit Rs 2,232, ROI 0.07x"
MAN-01,MobiMart Court Road,B17,POCO C85,budget,12499,0.0519,11850,declining,2.59047619047619,3,1000,1680.4369828571425,0.04726967602973678,3,35550,1946.0943,False,"MobiMart Court Road: 3 units of POCO C85 - expected demand 2.6/week, capital tied up Rs 35,550, expected gross profit Rs 1,946, ROI 0.05x"
HUB-01,MobiMart Vidya Nagar,F05,Pixel 9 Pro,flagship,109999,0.1894,89165,near end-of-life,0.202,1,1000,4208.4297412000005,0.04719822510177761,1,89165,20833.8106,False,"MobiMart Vidya Nagar: 1 units of Pixel 9 Pro - expected demand 0.2/week, capital tied up Rs 89,165, expected gross profit Rs 20,834, ROI 0.23x"
HUB-01,MobiMart Vidya Nagar,B05,Moto G15 Play,budget,10999,0.0793,10127,near end-of-life,0.5476190476190477,1,1000,477.64466904761906,0.0471654654930008,1,10127,872.2207,False,"MobiMart Vidya Nagar: 1 units of Moto G15 Play - expected demand 0.5/week, capital tied up Rs 10,127, expected gross profit Rs 872, ROI 0.09x"
BLR-07,MobiMart Yelahanka,B13,Redmi A6,budget,8999,0.055,8504,declining,2.4285714285714284,3,1000,1202.0092857142856,0.047115447072526094,3,25512,1484.835,False,"MobiMart Yelahanka: 3 units of Redmi A6 - expected demand 2.4/week, capital tied up Rs 25,512, expected gross profit Rs 1,485, ROI 0.06x"
BLR-05,MobiMart Malleshwaram,F04,Vivo X200,flagship,65999,0.1846,53816,near end-of-life,0.20800000000000002,1,1000,2534.1504032000003,0.04708916313364056,1,53816,12183.4154,False,"MobiMart Malleshwaram: 1 units of Vivo X200 - expected demand 0.2/week, capital tied up Rs 53,816, expected gross profit Rs 12,183, ROI 0.23x"
BEL-02,MobiMart Tilakwadi,F08,Samsung Galaxy Z Flip7,flagship,99999,0.2188,78119,near end-of-life,0.168,1,1000,3675.8032416000005,0.047053895231633794,1,78119,21879.7812,False,"MobiMart Tilakwadi: 1 units of Samsung Galaxy Z Flip7 - expected demand 0.2/week, capital tied up Rs 78,119, expected gross profit Rs 21,880, ROI 0.28x"
HUB-01,MobiMart Vidya Nagar,F09,OnePlus Open 2,flagship,119999,0.1886,97367,near end-of-life,0.202,1,1000,4571.6259028,0.04695251884930213,1,97367,22631.8114,False,"MobiMart Vidya Nagar: 1 units of OnePlus Open 2 - expected demand 0.2/week, capital tied up Rs 97,367, expected gross profit Rs 22,632, ROI 0.23x"
UDU-01,MobiMart Udupi Main Road,F03,OnePlus 13,flagship,69999,0.2067,55530,near end-of-life,0.18000000000000002,1,1000,2604.382794,0.04690046450567261,1,55530,14468.7933,False,"MobiMart Udupi Main Road: 1 units of OnePlus 13 - expected demand 0.2/week, capital tied up Rs 55,530, expected gross profit Rs 14,469, ROI 0.26x"
BLR-07,MobiMart Yelahanka,M13,Realme 15 Pro,mid,28999,0.1139,25696,declining,0.36428571428571427,1,1000,1203.2306507142857,0.04682560128869418,1,25696,3302.9861,False,"MobiMart Yelahanka: 1 units of Realme 15 Pro - expected demand 0.4/week, capital tied up Rs 25,696, expected gross profit Rs 3,303, ROI 0.13x"
BLR-05,MobiMart Malleshwaram,F06,Xiaomi 15,flagship,64999,0.1837,53059,near end-of-life,0.20800000000000002,1,1000,2483.5857904000004,0.04680800223147817,1,53059,11940.3163,False,"MobiMart Malleshwaram: 1 units of Xiaomi 15 - expected demand 0.2/week, capital tied up Rs 53,059, expected gross profit Rs 11,940, ROI 0.23x"
BEL-02,MobiMart Tilakwadi,F10,iPhone 17,flagship,84900,0.2179,66400,near end-of-life,0.168,1,1000,3107.95128,0.04680649518072289,1,66400,18499.71,False,"MobiMart Tilakwadi: 1 units of iPhone 17 - expected demand 0.2/week, capital tied up Rs 66,400, expected gross profit Rs 18,500, ROI 0.28x"
BLR-05,MobiMart Malleshwaram,B14,Realme Note 70,budget,10499,0.0546,9926,declining,2.4285714285714284,3,1000,1392.1674,0.046751541406407415,3,29778,1719.7362,False,"MobiMart Malleshwaram: 3 units of Realme Note 70 - expected demand 2.4/week, capital tied up Rs 29,778, expected gross profit Rs 1,720, ROI 0.06x"
BLR-04,MobiMart Whitefield,B14,Realme Note 70,budget,10499,0.0546,9926,declining,0.8095238095238094,1,1000,464.0558,0.046751541406407415,1,9926,573.2454,False,"MobiMart Whitefield: 1 units of Realme Note 70 - expected demand 0.8/week, capital tied up Rs 9,926, expected gross profit Rs 573, ROI 0.06x"
MAN-02,MobiMart Kottara,F03,OnePlus 13,flagship,69999,0.2067,55530,near end-of-life,0.17800000000000002,1,1000,2575.4452074000005,0.046379348233387366,1,55530,14468.7933,False,"MobiMart Kottara: 1 units of OnePlus 13 - expected demand 0.2/week, capital tied up Rs 55,530, expected gross profit Rs 14,469, ROI 0.26x"
BLR-05,MobiMart Malleshwaram,F01,Samsung Galaxy S25,flagship,74999,0.182,61349,near end-of-life,0.20800000000000002,1,1000,2839.1621440000004,0.04627886589838466,1,61349,13649.818,False,"MobiMart Malleshwaram: 1 units of Samsung Galaxy S25 - expected demand 0.2/week, capital tied up Rs 61,349, expected gross profit Rs 13,650, ROI 0.22x"
BEL-01,MobiMart Cantonment,F05,Pixel 9 Pro,flagship,109999,0.1894,89165,near end-of-life,0.198,1,1000,4125.0944988,0.046263606782930525,1,89165,20833.8106,False,"MobiMart Cantonment: 1 units of Pixel 9 Pro - expected demand 0.2/week, capital tied up Rs 89,165, expected gross profit Rs 20,834, ROI 0.23x"
UDU-01,MobiMart Udupi Main Road,B14,Realme Note 70,budget,10499,0.0546,9926,declining,3.1976190476190474,4,1000,1833.02041,0.04616714713882732,4,39704,2292.9816,False,"MobiMart Udupi Main Road: 4 units of Realme Note 70 - expected demand 3.2/week, capital tied up Rs 39,704, expected gross profit Rs 2,293, ROI 0.06x"
MYS-01,MobiMart Devaraja Mohalla,B17,POCO C85,budget,12499,0.0519,11850,declining,5.059523809523809,6,1000,3282.103482142857,0.04616179299778983,6,71100,3892.1886,False,"MobiMart Devaraja Mohalla: 6 units of POCO C85 - expected demand 5.1/week, capital tied up Rs 71,100, expected gross profit Rs 3,892, ROI 0.05x"
BLR-03,MobiMart Indiranagar,B02,Samsung Galaxy M05,budget,8999,0.0615,8446,near end-of-life,2.1125000000000003,3,1000,1169.13883125,0.046141717233009714,3,25338,1660.3155,False,"MobiMart Indiranagar: 3 units of Samsung Galaxy M05 - expected demand 2.1/week, capital tied up Rs 25,338, expected gross profit Rs 1,660, ROI 0.07x"
MAN-01,MobiMart Court Road,B19,Realme C76x,budget,13999,0.0587,13177,ramping,1.4785714285714286,2,1000,1215.0032078571428,0.04610318008109368,2,26354,1643.4826,False,"MobiMart Court Road: 2 units of Realme C76x - expected demand 1.5/week, capital tied up Rs 26,354, expected gross profit Rs 1,643, ROI 0.06x"
KAL-01,MobiMart KCD Road,B12,Samsung Galaxy M06,budget,9999,0.0569,9430,near end-of-life,0.7619047619047619,1,1000,433.4804571428571,0.04596823511589153,1,9430,568.9431,False,"MobiMart KCD Road: 1 units of Samsung Galaxy M06 - expected demand 0.8/week, capital tied up Rs 9,430, expected gross profit Rs 569, ROI 0.06x"
MYS-02,MobiMart Kuvempunagar,F08,Samsung Galaxy Z Flip7,flagship,99999,0.2188,78119,near end-of-life,0.164,1,1000,3588.2841167999995,0.04593356439278536,0,0,0.0,False,"MobiMart Kuvempunagar: 0 units of Samsung Galaxy Z Flip7 - expected demand 0.2/week, capital tied up Rs 0, expected gross profit Rs 0, ROI 0.00x"
HUB-02,MobiMart Gokul Road,F03,OnePlus 13,flagship,69999,0.2067,55530,near end-of-life,0.17600000000000002,1,1000,2546.5076208,0.04585823196110211,0,0,0.0,False,"MobiMart Gokul Road: 0 units of OnePlus 13 - expected demand 0.2/week, capital tied up Rs 0, expected gross profit Rs 0, ROI 0.00x"
BLR-06,MobiMart Rajajinagar,F05,Pixel 9 Pro,flagship,109999,0.1894,89165,near end-of-life,0.196,1,1000,4083.4268776000004,0.04579629762350699,0,0,0.0,False,"MobiMart Rajajinagar: 0 units of Pixel 9 Pro - expected demand 0.2/week, capital tied up Rs 0, expected gross profit Rs 0, ROI 0.00x"
BLR-06,MobiMart Rajajinagar,F17,iPhone 17 Pro Max,flagship,139900,0.2178,109430,ramping,0.16428571428571426,1,1000,5005.821857142856,0.045744511168261504,0,0,0.0,False,"MobiMart Rajajinagar: 0 units of iPhone 17 Pro Max - expected demand 0.2/week, capital tied up Rs 0, expected gross profit Rs 0, ROI 0.00x"
HUB-01,MobiMart Vidya Nagar,M11,Samsung Galaxy A27,mid,23999,0.138,20687,near end-of-life,0.2857142857142857,1,1000,946.2462857142857,0.0457411072516211,1,20687,3311.862,False,"MobiMart Vidya Nagar: 1 units of Samsung Galaxy A27 - expected demand 0.3/week, capital tied up Rs 20,687, expected gross profit Rs 3,312, ROI 0.16x"
HUB-02,MobiMart Gokul Road,M11,Samsung Galaxy A27,mid,23999,0.138,20687,near end-of-life,0.2857142857142857,1,1000,946.2462857142857,0.0457411072516211,0,0,0.0,False,"MobiMart Gokul Road: 0 units of Samsung Galaxy A27 - expected demand 0.3/week, capital tied up Rs 0, expected gross profit Rs 0, ROI 0.00x"
DAV-01,MobiMart PJ Extension,B20,Nokia 3310 Max,budget,8999,0.0563,8492,ramping,2.3,3,1000,1165.2805099999998,0.045740324619249484,0,0,0.0,False,"MobiMart PJ Extension: 0 units of Nokia 3310 Max - expected demand 2.3/week, capital tied up Rs 0, expected gross profit Rs 0, ROI 0.00x"
HUB-01,MobiMart Vidya Nagar,F04,Vivo X200,flagship,65999,0.1846,53816,near end-of-life,0.202,1,1000,2461.0499108,0.04573082188940092,0,0,0.0,False,"MobiMart Vidya Nagar: 0 units of Vivo X200 - expected demand 0.2/week, capital tied up Rs 0, expected gross profit Rs 0, ROI 0.00x"
MYS-02,MobiMart Kuvempunagar,F10,iPhone 17,flagship,84900,0.2179,66400,near end-of-life,0.164,1,1000,3033.95244,0.04569205481927711,0,0,0.0,False,"MobiMart Kuvempunagar: 0 units of iPhone 17 - expected demand 0.2/week, capital tied up Rs 0, expected gross profit Rs 0, ROI 0.00x"
BLR-06,MobiMart Rajajinagar,F09,OnePlus Open 2,flagship,119999,0.1886,97367,near end-of-life,0.196,1,1000,4435.8350344,0.045557889576550575,0,0,0.0,False,"MobiMart Rajajinagar: 0 units of OnePlus Open 2 - expected demand 0.2/week, capital tied up Rs 0, expected gross profit Rs 0, ROI 0.00x"
DAV-02,MobiMart MCC B Block,M18,Nothing Phone (4a),mid,29999,0.1426,25721,ramping,0.2738095238095238,1,1000,1171.3180976190476,0.04553936851673915,0,0,0.0,False,"MobiMart MCC B Block: 0 units of Nothing Phone (4a) - expected demand 0.3/week, capital tied up Rs 0, expected gross profit Rs 0, ROI 0.00x"
MYS-02,MobiMart Kuvempunagar,M19,Samsung Galaxy A37,mid,33999,0.1426,29151,ramping,0.2738095238095238,1,1000,1327.4990499999997,0.04553871393777228,0,0,0.0,False,"MobiMart Kuvempunagar: 0 units of Samsung Galaxy A37 - expected demand 0.3/week, capital tied up Rs 0, expected gross profit Rs 0, ROI 0.00x"
HUB-02,MobiMart Gokul Road,M19,Samsung Galaxy A37,mid,33999,0.1426,29151,ramping,0.2738095238095238,1,1000,1327.4990499999997,0.04553871393777228,0,0,0.0,False,"MobiMart Gokul Road: 0 units of Samsung Galaxy A37 - expected demand 0.3/week, capital tied up Rs 0, expected gross profit Rs 0, ROI 0.00x"
TUM-01,MobiMart MG Road,M19,Samsung Galaxy A37,mid,33999,0.1426,29151,ramping,0.2738095238095238,1,1000,1327.4990499999997,0.04553871393777228,0,0,0.0,False,"MobiMart MG Road: 0 units of Samsung Galaxy A37 - expected demand 0.3/week, capital tied up Rs 0, expected gross profit Rs 0, ROI 0.00x"
UDU-01,MobiMart Udupi Main Road,M19,Samsung Galaxy A37,mid,33999,0.1426,29151,ramping,0.2738095238095238,1,1000,1327.4990499999997,0.04553871393777228,0,0,0.0,False,"MobiMart Udupi Main Road: 0 units of Samsung Galaxy A37 - expected demand 0.3/week, capital tied up Rs 0, expected gross profit Rs 0, ROI 0.00x"
KOL-01,MobiMart Station Road,M19,Samsung Galaxy A37,mid,33999,0.1426,29151,ramping,0.2738095238095238,1,1000,1327.4990499999997,0.04553871393777228,0,0,0.0,False,"MobiMart Station Road: 0 units of Samsung Galaxy A37 - expected demand 0.3/week, capital tied up Rs 0, expected gross profit Rs 0, ROI 0.00x"
HUB-01,MobiMart Vidya Nagar,B19,Realme C76x,budget,13999,0.0587,13177,ramping,2.1904761904761902,3,1000,1800.0047523809521,0.045534005018364125,0,0,0.0,False,"MobiMart Vidya Nagar: 0 units of Realme C76x - expected demand 2.2/week, capital tied up Rs 0, expected gross profit Rs 0, ROI 0.00x"
TUM-01,MobiMart MG Road,F18,Samsung Galaxy Z Fold8,flagship,149999,0.2169,117464,ramping,0.16428571428571426,1,1000,5345.000080714285,0.045503303826825964,0,0,0.0,False,"MobiMart MG Road: 0 units of Samsung Galaxy Z Fold8 - expected demand 0.2/week, capital tied up Rs 0, expected gross profit Rs 0, ROI 0.00x"
BEL-01,MobiMart Cantonment,F18,Samsung Galaxy Z Fold8,flagship,149999,0.2169,117464,ramping,0.16428571428571426,1,1000,5345.000080714285,0.045503303826825964,0,0,0.0,False,"MobiMart Cantonment: 0 units of Samsung Galaxy Z Fold8 - expected demand 0.2/week, capital tied up Rs 0, expected gross profit Rs 0, ROI 0.00x"
BEL-01,MobiMart Cantonment,B11,Nokia 125 Power,budget,7999,0.0617,7505,near end-of-life,0.6904761904761905,1,1000,340.7764452380952,0.045406588306208556,0,0,0.0,False,"MobiMart Cantonment: 0 units of Nokia 125 Power - expected demand 0.7/week, capital tied up Rs 0, expected gross profit Rs 0, ROI 0.00x"
SHI-01,MobiMart Vidya Nagar,F03,OnePlus 13,flagship,69999,0.2067,55530,near end-of-life,0.17400000000000002,1,1000,2517.5700342,0.045337115688816855,0,0,0.0,False,"MobiMart Vidya Nagar: 0 units of OnePlus 13 - expected demand 0.2/week, capital tied up Rs 0, expected gross profit Rs 0, ROI 0.00x"
MYS-02,MobiMart Kuvempunagar,B14,Realme Note 70,budget,10499,0.0546,9926,declining,2.3476190476190477,3,1000,1345.7618200000002,0.04519315669286051,0,0,0.0,False,"MobiMart Kuvempunagar: 0 units of Realme Note 70 - expected demand 2.3/week, capital tied up Rs 0, expected gross profit Rs 0, ROI 0.00x"
KAL-01,MobiMart KCD Road,F10,iPhone 17,flagship,84900,0.2179,66400,near end-of-life,0.16200000000000003,1,1000,2996.953020000001,0.04513483463855423,0,0,0.0,False,"MobiMart KCD Road: 0 units of iPhone 17 - expected demand 0.2/week, capital tied up Rs 0, expected gross profit Rs 0, ROI 0.00x"
MAN-01,MobiMart Court Road,B10,Nokia 3210 4G,budget,7499,0.0586,7060,near end-of-life,1.45,2,1000,637.19003,0.04512677266288952,0,0,0.0,False,"MobiMart Court Road: 0 units of Nokia 3210 4G - expected demand 1.4/week, capital tied up Rs 0, expected gross profit Rs 0, ROI 0.00x"
BLR-05,MobiMart Malleshwaram,B01,Nokia 110 Power,budget,6999,0.0798,6440,near end-of-life,1.04,2,1000,580.861008,0.04509790434782608,1,6440,558.5201999999999,False,"MobiMart Malleshwaram: 1 units of Nokia 110 Power - expected demand 1.0/week, capital tied up Rs 6,440, expected gross profit Rs 559, ROI 0.09x"
BLR-04,MobiMart Whitefield,B17,POCO C85,budget,12499,0.0519,11850,declining,2.4690476190476187,3,1000,1601.666499285714,0.045053909965842874,0,0,0.0,False,"MobiMart Whitefield: 0 units of POCO C85 - expected demand 2.5/week, capital tied up Rs 0, expected gross profit Rs 0, ROI 0.00x"
MYS-01,MobiMart Devaraja Mohalla,M10,OnePlus Nord 5,mid,29999,0.1463,25610,near end-of-life,0.2619047619047619,1,1000,1149.4616833333337,0.04488331446049722,0,0,0.0,False,"MobiMart Devaraja Mohalla: 0 units of OnePlus Nord 5 - expected demand 0.3/week, capital tied up Rs 0, expected gross profit Rs 0, ROI 0.00x"
BEL-02,MobiMart Tilakwadi,M10,OnePlus Nord 5,mid,29999,0.1463,25610,near end-of-life,0.2619047619047619,1,1000,1149.4616833333337,0.04488331446049722,0,0,0.0,False,"MobiMart Tilakwadi: 0 units of OnePlus Nord 5 - expected demand 0.3/week, capital tied up Rs 0, expected gross profit Rs 0, ROI 0.00x"
MYS-01,MobiMart Devaraja Mohalla,F05,Pixel 9 Pro,flagship,109999,0.1894,89165,near end-of-life,0.192,1,1000,4000.0916352000004,0.0448616793046599,0,0,0.0,False,"MobiMart Devaraja Mohalla: 0 units of Pixel 9 Pro - expected demand 0.2/week, capital tied up Rs 0, expected gross profit Rs 0, ROI 0.00x"
BEL-01,MobiMart Cantonment,F04,Vivo X200,flagship,65999,0.1846,53816,near end-of-life,0.198,1,1000,2412.3162492,0.044825261059907834,0,0,0.0,False,"MobiMart Cantonment: 0 units of Vivo X200 - expected demand 0.2/week, capital tied up Rs 0, expected gross profit Rs 0, ROI 0.00x"
TUM-01,MobiMart MG Road,F03,OnePlus 13,flagship,69999,0.2067,55530,near end-of-life,0.17200000000000001,1,1000,2488.6324476000004,0.04481599941653161,0,0,0.0,False,"MobiMart MG Road: 0 units of OnePlus 13 - expected demand 0.2/week, capital tied up Rs 0, expected gross profit Rs 0, ROI 0.00x"
MYS-01,MobiMart Devaraja Mohalla,F09,OnePlus Open 2,flagship,119999,0.1886,97367,near end-of-life,0.192,1,1000,4345.3077888,0.04462813672804954,0,0,0.0,False,"MobiMart Devaraja Mohalla: 0 units of OnePlus Open 2 - expected demand 0.2/week, capital tied up Rs 0, expected gross profit Rs 0, ROI 0.00x"
BEL-01,MobiMart Cantonment,F06,Xiaomi 15,flagship,64999,0.1837,53059,near end-of-life,0.198,1,1000,2364.1826274000005,0.04455761750881095,0,0,0.0,False,"MobiMart Cantonment: 0 units of Xiaomi 15 - expected demand 0.2/week, capital tied up Rs 0, expected gross profit Rs 0, ROI 0.00x"
MAN-02,MobiMart Kottara,B12,Samsung Galaxy M06,budget,9999,0.0569,9430,near end-of-life,0.7380952380952381,1,1000,419.9341928571429,0.04453172776851992,0,0,0.0,False,"MobiMart Kottara: 0 units of Samsung Galaxy M06 - expected demand 0.7/week, capital tied up Rs 0, expected gross profit Rs 0, ROI 0.00x"
HOS-01,MobiMart Hosur Road,B12,Samsung Galaxy M06,budget,9999,0.0569,9430,near end-of-life,0.7380952380952381,1,1000,419.9341928571429,0.04453172776851992,0,0,0.0,False,"MobiMart Hosur Road: 0 units of Samsung Galaxy M06 - expected demand 0.7/week, capital tied up Rs 0, expected gross profit Rs 0, ROI 0.00x"
TUM-01,MobiMart MG Road,B14,Realme Note 70,budget,10499,0.0546,9926,declining,2.3071428571428574,3,1000,1322.5590300000001,0.04441396433608705,0,0,0.0,False,"MobiMart MG Road: 0 units of Realme Note 70 - expected demand 2.3/week, capital tied up Rs 0, expected gross profit Rs 0, ROI 0.00x"
BEL-02,MobiMart Tilakwadi,B14,Realme Note 70,budget,10499,0.0546,9926,declining,2.3071428571428574,3,1000,1322.5590300000001,0.04441396433608705,0,0,0.0,False,"MobiMart Tilakwadi: 0 units of Realme Note 70 - expected demand 2.3/week, capital tied up Rs 0, expected gross profit Rs 0, ROI 0.00x"
DAV-01,MobiMart PJ Extension,B14,Realme Note 70,budget,10499,0.0546,9926,declining,1.538095238095238,2,1000,881.70602,0.04441396433608704,0,0,0.0,False,"MobiMart PJ Extension: 0 units of Realme Note 70 - expected demand 1.5/week, capital tied up Rs 0, expected gross profit Rs 0, ROI 0.00x"
BLR-08,MobiMart Electronic City,B17,POCO C85,budget,12499,0.0519,11850,declining,3.2380952380952377,4,1000,2100.5462285714284,0.04431532127787824,0,0,0.0,False,"MobiMart Electronic City: 0 units of POCO C85 - expected demand 3.2/week, capital tied up Rs 0, expected gross profit Rs 0, ROI 0.00x"
DAV-02,MobiMart MCC B Block,F08,Samsung Galaxy Z Flip7,flagship,99999,0.2188,78119,near end-of-life,0.15800000000000003,1,1000,3457.0054296000003,0.044253068134512734,0,0,0.0,False,"MobiMart MCC B Block: 0 units of Samsung Galaxy Z Flip7 - expected demand 0.2/week, capital tied up Rs 0, expected gross profit Rs 0, ROI 0.00x"
BLR-06,MobiMart Rajajinagar,F06,Xiaomi 15,flagship,64999,0.1837,53059,near end-of-life,0.196,1,1000,2340.3019948,0.04410754056427751,0,0,0.0,False,"MobiMart Rajajinagar: 0 units of Xiaomi 15 - expected demand 0.2/week, capital tied up Rs 0, expected gross profit Rs 0, ROI 0.00x"
BLR-05,MobiMart Malleshwaram,B20,Nokia 3310 Max,budget,8999,0.0563,8492,ramping,1.4785714285714286,2,1000,749.1088992857144,0.044106741597133445,0,0,0.0,False,"MobiMart Malleshwaram: 0 units of Nokia 3310 Max - expected demand 1.5/week, capital tied up Rs 0, expected gross profit Rs 0, ROI 0.00x"
HUB-01,MobiMart Vidya Nagar,B20,Nokia 3310 Max,budget,8999,0.0563,8492,ramping,1.4785714285714286,2,1000,749.1088992857144,0.044106741597133445,0,0,0.0,False,"MobiMart Vidya Nagar: 0 units of Nokia 3310 Max - expected demand 1.5/week, capital tied up Rs 0, expected gross profit Rs 0, ROI 0.00x"
BEL-01,MobiMart Cantonment,F01,Samsung Galaxy S25,flagship,74999,0.182,61349,near end-of-life,0.198,1,1000,2702.6639640000003,0.04405392042250078,0,0,0.0,False,"MobiMart Cantonment: 0 units of Samsung Galaxy S25 - expected demand 0.2/week, capital tied up Rs 0, expected gross profit Rs 0, ROI 0.00x"
DAV-02,MobiMart MCC B Block,F10,iPhone 17,flagship,84900,0.2179,66400,near end-of-life,0.15800000000000003,1,1000,2922.9541800000006,0.044020394277108445,0,0,0.0,False,"MobiMart MCC B Block: 0 units of iPhone 17 - expected demand 0.2/week, capital tied up Rs 0, expected gross profit Rs 0, ROI 0.00x"
MAN-01,MobiMart Court Road,M08,Nothing Phone (3a),mid,27999,0.1243,24519,near end-of-life,0.30952380952380953,1,1000,1077.2281928571429,0.04393442607190925,0,0,0.0,False,"MobiMart Court Road: 0 units of Nothing Phone (3a) - expected demand 0.3/week, capital tied up Rs 0, expected gross profit Rs 0, ROI 0.00x"
HUB-02,MobiMart Gokul Road,B17,POCO C85,budget,12499,0.0519,11850,declining,4.007142857142857,5,1000,2599.4259578571427,0.04387216806509946,0,0,0.0,False,"MobiMart Gokul Road: 0 units of POCO C85 - expected demand 4.0/week, capital tied up Rs 0, expected gross profit Rs 0, ROI 0.00x"
BLR-04,MobiMart Whitefield,B07,POCO C75,budget,11999,0.0595,11285,near end-of-life,2.08,3,1000,1484.99624,0.0438634246049328,0,0,0.0,False,"MobiMart Whitefield: 0 units of POCO C75 - expected demand 2.1/week, capital tied up Rs 0, expected gross profit Rs 0, ROI 0.00x"
MYS-02,MobiMart Kuvempunagar,B11,Nokia 125 Power,budget,7999,0.0617,7505,near end-of-life,0.6666666666666666,1,1000,329.02553333333327,0.04384084388185653,0,0,0.0,False,"MobiMart Kuvempunagar: 0 units of Nokia 125 Power - expected demand 0.7/week, capital tied up Rs 0, expected gross profit Rs 0, ROI 0.00x"
MAN-02,MobiMart Kottara,B11,Nokia 125 Power,budget,7999,0.0617,7505,near end-of-life,0.6666666666666666,1,1000,329.02553333333327,0.04384084388185653,0,0,0.0,False,"MobiMart Kottara: 0 units of Nokia 125 Power - expected demand 0.7/week, capital tied up Rs 0, expected gross profit Rs 0, ROI 0.00x"
TUM-01,MobiMart MG Road,F12,iPhone 17 Pro,flagship,124900,0.213,98296,declining,0.16190476190476188,1,1000,4307.265714285713,0.043819338673859703,0,0,0.0,False,"MobiMart MG Road: 0 units of iPhone 17 Pro - expected demand 0.2/week, capital tied up Rs 0, expected gross profit Rs 0, ROI 0.00x"
MAN-02,MobiMart Kottara,F12,iPhone 17 Pro,flagship,124900,0.213,98296,declining,0.16190476190476188,1,1000,4307.265714285713,0.043819338673859703,0,0,0.0,False,"MobiMart Kottara: 0 units of iPhone 17 Pro - expected demand 0.2/week, capital tied up Rs 0, expected gross profit Rs 0, ROI 0.00x"
KOL-01,MobiMart Station Road,F12,iPhone 17 Pro,flagship,124900,0.213,98296,declining,0.16190476190476188,1,1000,4307.265714285713,0.043819338673859703,0,0,0.0,False,"MobiMart Station Road: 0 units of iPhone 17 Pro - expected demand 0.2/week, capital tied up Rs 0, expected gross profit Rs 0, ROI 0.00x"
BEL-02,MobiMart Tilakwadi,F03,OnePlus 13,flagship,69999,0.2067,55530,near end-of-life,0.168,1,1000,2430.7572744,0.0437737668719611,0,0,0.0,False,"MobiMart Tilakwadi: 0 units of OnePlus 13 - expected demand 0.2/week, capital tied up Rs 0, expected gross profit Rs 0, ROI 0.00x"
HOS-01,MobiMart Hosur Road,B14,Realme Note 70,budget,10499,0.0546,9926,declining,2.2666666666666666,3,1000,1299.35624,0.04363477197931359,0,0,0.0,False,"MobiMart Hosur Road: 0 units of Realme Note 70 - expected demand 2.3/week, capital tied up Rs 0, expected gross profit Rs 0, ROI 0.00x"
BLR-06,MobiMart Rajajinagar,F01,Samsung Galaxy S25,flagship,74999,0.182,61349,near end-of-life,0.196,1,1000,2675.364328,0.043608931327324,0,0,0.0,False,"MobiMart Rajajinagar: 0 units of Samsung Galaxy S25 - expected demand 0.2/week, capital tied up Rs 0, expected gross profit Rs 0, ROI 0.00x"
DAV-01,MobiMart PJ Extension,B13,Redmi A6,budget,8999,0.055,8504,declining,1.4976190476190476,2,1000,741.2390595238096,0.04358178854208664,0,0,0.0,False,"MobiMart PJ Extension: 0 units of Redmi A6 - expected demand 1.5/week, capital tied up Rs 0, expected gross profit Rs 0, ROI 0.00x"
MYS-01,MobiMart Devaraja Mohalla,F04,Vivo X200,flagship,65999,0.1846,53816,near end-of-life,0.192,1,1000,2339.2157568,0.0434669198156682,0,0,0.0,False,"MobiMart Devaraja Mohalla: 0 units of Vivo X200 - expected demand 0.2/week, capital tied up Rs 0, expected gross profit Rs 0, ROI 0.00x"
DAV-01,MobiMart PJ Extension,F05,Pixel 9 Pro,flagship,109999,0.1894,89165,near end-of-life,0.18600000000000003,1,1000,3875.0887716000007,0.04345975182638929,0,0,0.0,False,"MobiMart PJ Extension: 0 units of Pixel 9 Pro - expected demand 0.2/week, capital tied up Rs 0, expected gross profit Rs 0, ROI 0.00x"
BLR-08,MobiMart Electronic City,B16,Lava Blaze Core 2,budget,9499,0.0627,8903,declining,0.6476190476190475,1,1000,385.71368,0.04332401213074245,0,0,0.0,False,"MobiMart Electronic City: 0 units of Lava Blaze Core 2 - expected demand 0.6/week, capital tied up Rs 0, expected gross profit Rs 0, ROI 0.00x"
BLR-04,MobiMart Whitefield,B18,Samsung Galaxy F07,budget,11499,0.0647,10755,peaking,1.25,2,1000,929.9816249999999,0.043234850069735,0,0,0.0,False,"MobiMart Whitefield: 0 units of Samsung Galaxy F07 - expected demand 1.2/week, capital tied up Rs 0, expected gross profit Rs 0, ROI 0.00x"
DAV-01,MobiMart PJ Extension,F09,OnePlus Open 2,flagship,119999,0.1886,97367,near end-of-life,0.18600000000000003,1,1000,4209.5169204,0.043233507455298,0,0,0.0,False,"MobiMart PJ Extension: 0 units of OnePlus Open 2 - expected demand 0.2/week, capital tied up Rs 0, expected gross profit Rs 0, ROI 0.00x"
KAL-01,MobiMart KCD Road,B17,POCO C85,budget,12499,0.0519,11850,declining,3.157142857142857,4,1000,2048.032572857143,0.04320743824593128,0,0,0.0,False,"MobiMart KCD Road: 0 units of POCO C85 - expected demand 3.2/week, capital tied up Rs 0, expected gross profit Rs 0, ROI 0.00x"
MYS-01,MobiMart Devaraja Mohalla,F06,Xiaomi 15,flagship,64999,0.1837,53059,near end-of-life,0.192,1,1000,2292.5407296000003,0.04320738667521062,0,0,0.0,False,"MobiMart Devaraja Mohalla: 0 units of Xiaomi 15 - expected demand 0.2/week, capital tied up Rs 0, expected gross profit Rs 0, ROI 0.00x"
BLR-06,MobiMart Rajajinagar,B13,Redmi A6,budget,8999,0.055,8504,declining,2.2261904761904763,3,1000,1101.8418452380952,0.04318915981648225,0,0,0.0,False,"MobiMart Rajajinagar: 0 units of Redmi A6 - expected demand 2.2/week, capital tied up Rs 0, expected gross profit Rs 0, ROI 0.00x"
BEL-01,MobiMart Cantonment,B13,Redmi A6,budget,8999,0.055,8504,declining,2.2261904761904763,3,1000,1101.8418452380952,0.04318915981648225,0,0,0.0,False,"MobiMart Cantonment: 0 units of Redmi A6 - expected demand 2.2/week, capital tied up Rs 0, expected gross profit Rs 0, ROI 0.00x"
BLR-08,MobiMart Electronic City,M07,POCO X7 Pro,mid,26999,0.1145,23908,near end-of-life,0.3333333333333333,1,1000,1030.4618333333333,0.043101130723328315,0,0,0.0,False,"MobiMart Electronic City: 0 units of POCO X7 Pro - expected demand 0.3/week, capital tied up Rs 0, expected gross profit Rs 0, ROI 0.00x"
BLR-05,MobiMart Malleshwaram,F02,iPhone 16,flagship,79900,0.1711,66229,near end-of-life,0.20800000000000002,1,1000,2843.54512,0.04293504537287291,0,0,0.0,False,"MobiMart Malleshwaram: 0 units of iPhone 16 - expected demand 0.2/week, capital tied up Rs 0, expected gross profit Rs 0, ROI 0.00x"
MYS-02,MobiMart Kuvempunagar,F03,OnePlus 13,flagship,69999,0.2067,55530,near end-of-life,0.164,1,1000,2372.8821012000003,0.0427315343273906,0,0,0.0,False,"MobiMart Kuvempunagar: 0 units of OnePlus 13 - expected demand 0.2/week, capital tied up Rs 0, expected gross profit Rs 0, ROI 0.00x"
MYS-01,MobiMart Devaraja Mohalla,F01,Samsung Galaxy S25,flagship,74999,0.182,61349,near end-of-life,0.192,1,1000,2620.765056,0.04271895313697045,0,0,0.0,False,"MobiMart Devaraja Mohalla: 0 units of Samsung Galaxy S25 - expected demand 0.2/week, capital tied up Rs 0, expected gross profit Rs 0, ROI 0.00x"
MAN-02,MobiMart Kottara,B17,POCO C85,budget,12499,0.0519,11850,declining,3.1166666666666663,4,1000,2021.7757449999997,0.0426534967299578,0,0,0.0,False,"MobiMart Kottara: 0 units of POCO C85 - expected demand 3.1/week, capital tied up Rs 0, expected gross profit Rs 0, ROI 0.00x"
HOS-01,MobiMart Hosur Road,F08,Samsung Galaxy Z Flip7,flagship,99999,0.2188,78119,near end-of-life,0.15200000000000002,1,1000,3325.7267424,0.0425725718762401,0,0,0.0,False,"MobiMart Hosur Road: 0 units of Samsung Galaxy Z Flip7 - expected demand 0.2/week, capital tied up Rs 0, expected gross profit Rs 0, ROI 0.00x"
BLR-07,MobiMart Yelahanka,F05,Pixel 9 Pro,flagship,109999,0.1894,89165,near end-of-life,0.18200000000000002,1,1000,3791.7535292000007,0.0425251335075422,0,0,0.0,False,"MobiMart Yelahanka: 0 units of Pixel 9 Pro - expected demand 0.2/week, capital tied up Rs 0, expected gross profit Rs 0, ROI 0.00x"
UDU-01,MobiMart Udupi Main Road,B20,Nokia 3310 Max,budget,8999,0.0563,8492,ramping,2.1357142857142857,3,1000,1082.046187857143,0.042473158575017385,0,0,0.0,False,"MobiMart Udupi Main Road: 0 units of Nokia 3310 Max - expected demand 2.1/week, capital tied up Rs 0, expected gross profit Rs 0, ROI 0.00x"
HUB-02,MobiMart Gokul Road,B13,Redmi A6,budget,8999,0.055,8504,declining,2.185714285714286,3,1000,1081.8083571428574,0.04240390236527349,0,0,0.0,False,"MobiMart Gokul Road: 0 units of Redmi A6 - expected demand 2.2/week, capital tied up Rs 0, expected gross profit Rs 0, ROI 0.00x"
BEL-01,MobiMart Cantonment,F14,Vivo X210,flagship,69999,0.1731,57882,declining,0.20238095238095236,1,1000,2452.2149678571427,0.042365760821276785,0,0,0.0,False,"MobiMart Cantonment: 0 units of Vivo X210 - expected demand 0.2/week, capital tied up Rs 0, expected gross profit Rs 0, ROI 0.00x"
HOS-01,MobiMart Hosur Road,F10,iPhone 17,flagship,84900,0.2179,66400,near end-of-life,0.15200000000000002,1,1000,2811.955920000001,0.04234873373493977,0,0,0.0,False,"MobiMart Hosur Road: 0 units of iPhone 17 - expected demand 0.2/week, capital tied up Rs 0, expected gross profit Rs 0, ROI 0.00x"
BLR-07,MobiMart Yelahanka,F09,OnePlus Open 2,flagship,119999,0.1886,97367,near end-of-life,0.18200000000000002,1,1000,4118.9896748,0.042303754606796966,0,0,0.0,False,"MobiMart Yelahanka: 0 units of OnePlus Open 2 - expected demand 0.2/week, capital tied up Rs 0, expected gross profit Rs 0, ROI 0.00x"
HOS-01,MobiMart Hosur Road,B11,Nokia 125 Power,budget,7999,0.0617,7505,near end-of-life,0.6428571428571429,1,1000,317.27462142857144,0.042275099457504524,0,0,0.0,False,"MobiMart Hosur Road: 0 units of Nokia 125 Power - expected demand 0.6/week, capital tied up Rs 0, expected gross profit Rs 0, ROI 0.00x"
KAL-01,MobiMart KCD Road,F03,OnePlus 13,flagship,69999,0.2067,55530,near end-of-life,0.16200000000000003,1,1000,2343.9445146000003,0.04221041805510535,0,0,0.0,False,"MobiMart KCD Road: 0 units of OnePlus 13 - expected demand 0.2/week, capital tied up Rs 0, expected gross profit Rs 0, ROI 0.00x"
MYS-02,MobiMart Kuvempunagar,B19,Realme C76x,budget,13999,0.0587,13177,ramping,2.026190476190476,3,1000,1665.004395952381,0.04211895464198682,0,0,0.0,False,"MobiMart Kuvempunagar: 0 units of Realme C76x - expected demand 2.0/week, capital tied up Rs 0, expected gross profit Rs 0, ROI 0.00x"
DAV-01,MobiMart PJ Extension,B19,Realme C76x,budget,13999,0.0587,13177,ramping,2.026190476190476,3,1000,1665.004395952381,0.04211895464198682,0,0,0.0,False,"MobiMart PJ Extension: 0 units of Realme C76x - expected demand 2.0/week, capital tied up Rs 0, expected gross profit Rs 0, ROI 0.00x"
DAV-01,MobiMart PJ Extension,F04,Vivo X200,flagship,65999,0.1846,53816,near end-of-life,0.18600000000000003,1,1000,2266.1152644000003,0.04210857857142858,0,0,0.0,False,"MobiMart PJ Extension: 0 units of Vivo X200 - expected demand 0.2/week, capital tied up Rs 0, expected gross profit Rs 0, ROI 0.00x"
HUB-01,MobiMart Vidya Nagar,B14,Realme Note 70,budget,10499,0.0546,9926,declining,2.185714285714286,3,1000,1252.9506600000002,0.04207638726576668,0,0,0.0,False,"MobiMart Vidya Nagar: 0 units of Realme Note 70 - expected demand 2.2/week, capital tied up Rs 0, expected gross profit Rs 0, ROI 0.00x"
UDU-01,MobiMart Udupi Main Road,F05,Pixel 9 Pro,flagship,109999,0.1894,89165,near end-of-life,0.18000000000000002,1,1000,3750.085908000001,0.042057824348118666,0,0,0.0,False,"MobiMart Udupi Main Road: 0 units of Pixel 9 Pro - expected demand 0.2/week, capital tied up Rs 0, expected gross profit Rs 0, ROI 0.00x"
BLR-05,MobiMart Malleshwaram,F07,iPhone 16 Pro,flagship,119900,0.1678,99781,near end-of-life,0.20800000000000002,1,1000,4184.79776,0.04193982581854261,0,0,0.0,False,"MobiMart Malleshwaram: 0 units of iPhone 16 Pro - expected demand 0.2/week, capital tied up Rs 0, expected gross profit Rs 0, ROI 0.00x"
BLR-07,MobiMart Yelahanka,M11,Samsung Galaxy A27,mid,23999,0.138,20687,near end-of-life,0.2619047619047619,1,1000,867.3924285714287,0.041929348313986016,0,0,0.0,False,"MobiMart Yelahanka: 0 units of Samsung Galaxy A27 - expected demand 0.3/week, capital tied up Rs 0, expected gross profit Rs 0, ROI 0.00x"
KAL-01,MobiMart KCD Road,M11,Samsung Galaxy A27,mid,23999,0.138,20687,near end-of-life,0.2619047619047619,1,1000,867.3924285714287,0.041929348313986016,0,0,0.0,False,"MobiMart KCD Road: 0 units of Samsung Galaxy A27 - expected demand 0.3/week, capital tied up Rs 0, expected gross profit Rs 0, ROI 0.00x"
UDU-01,MobiMart Udupi Main Road,F09,OnePlus Open 2,flagship,119999,0.1886,97367,near end-of-life,0.18000000000000002,1,1000,4073.7260520000004,0.04183887818254645,0,0,0.0,False,"MobiMart Udupi Main Road: 0 units of OnePlus Open 2 - expected demand 0.2/week, capital tied up Rs 0, expected gross profit Rs 0, ROI 0.00x"
HUB-01,MobiMart Vidya Nagar,B12,Samsung Galaxy M06,budget,9999,0.0569,9430,near end-of-life,0.6904761904761905,1,1000,392.8416642857143,0.0416587130737767,0,0,0.0,False,"MobiMart Vidya Nagar: 0 units of Samsung Galaxy M06 - expected demand 0.7/week, capital tied up Rs 0, expected gross profit Rs 0, ROI 0.00x"
MAN-02,MobiMart Kottara,F05,Pixel 9 Pro,flagship,109999,0.1894,89165,near end-of-life,0.17800000000000002,1,1000,3708.418286800001,0.04159051518869513,0,0,0.0,False,"MobiMart Kottara: 0 units of Pixel 9 Pro - expected demand 0.2/week, capital tied up Rs 0, expected gross profit Rs 0, ROI 0.00x"
DAV-02,MobiMart MCC B Block,B10,Nokia 3210 4G,budget,7499,0.0586,7060,near end-of-life,0.6666666666666666,1,1000,292.9609333333333,0.04149588290840415,0,0,0.0,False,"MobiMart MCC B Block: 0 units of Nokia 3210 4G - expected demand 0.7/week, capital tied up Rs 0, expected gross profit Rs 0, ROI 0.00x"
TUM-02,MobiMart SS Puram,F08,Samsung Galaxy Z Flip7,flagship,99999,0.2188,78119,near end-of-life,0.148,1,1000,3238.2076175999996,0.04145224103739167,0,0,0.0,False,"MobiMart SS Puram: 0 units of Samsung Galaxy Z Flip7 - expected demand 0.1/week, capital tied up Rs 0, expected gross profit Rs 0, ROI 0.00x"
KOL-01,MobiMart Station Road,B09,Realme C75x,budget,12999,0.0703,12085,near end-of-life,0.5476190476190477,1,1000,500.4305500000001,0.041409230450972286,0,0,0.0,False,"MobiMart Station Road: 0 units of Realme C75x - expected demand 0.5/week, capital tied up Rs 0, expected gross profit Rs 0, ROI 0.00x"
MYS-02,MobiMart Kuvempunagar,B20,Nokia 3310 Max,budget,8999,0.0563,8492,ramping,2.0809523809523807,3,1000,1054.3014138095236,0.04138410322694001,0,0,0.0,False,"MobiMart Kuvempunagar: 0 units of Nokia 3310 Max - expected demand 2.1/week, capital tied up Rs 0, expected gross profit Rs 0, ROI 0.00x"
DAV-01,MobiMart PJ Extension,F01,Samsung Galaxy S25,flagship,74999,0.182,61349,near end-of-life,0.18600000000000003,1,1000,2538.8661480000005,0.04138398585144013,0,0,0.0,False,"MobiMart PJ Extension: 0 units of Samsung Galaxy S25 - expected demand 0.2/week, capital tied up Rs 0, expected gross profit Rs 0, ROI 0.00x"
MAN-02,MobiMart Kottara,F09,OnePlus Open 2,flagship,119999,0.1886,97367,near end-of-life,0.17800000000000002,1,1000,4028.4624292000003,0.041374001758295934,0,0,0.0,False,"MobiMart Kottara: 0 units of OnePlus Open 2 - expected demand 0.2/week, capital tied up Rs 0, expected gross profit Rs 0, ROI 0.00x"
MYS-01,MobiMart Devaraja Mohalla,B14,Realme Note 70,budget,10499,0.0546,9926,declining,2.145238095238095,3,1000,1229.74787,0.041297194908993216,0,0,0.0,False,"MobiMart Devaraja Mohalla: 0 units of Realme Note 70 - expected demand 2.1/week, capital tied up Rs 0, expected gross profit Rs 0, ROI 0.00x"
HUB-02,MobiMart Gokul Road,B14,Realme Note 70,budget,10499,0.0546,9926,declining,2.145238095238095,3,1000,1229.74787,0.041297194908993216,0,0,0.0,False,"MobiMart Gokul Road: 0 units of Realme Note 70 - expected demand 2.1/week, capital tied up Rs 0, expected gross profit Rs 0, ROI 0.00x"
BLR-02,MobiMart Koramangala,B06,Lava Blaze Core,budget,8499,0.0523,8055,near end-of-life,2.2424999999999997,3,1000,996.7860922499998,0.04124916582867783,0,0,0.0,False,"MobiMart Koramangala: 0 units of Lava Blaze Core - expected demand 2.2/week, capital tied up Rs 0, expected gross profit Rs 0, ROI 0.00x"
TUM-02,MobiMart SS Puram,F10,iPhone 17,flagship,84900,0.2179,66400,near end-of-life,0.148,1,1000,2737.9570799999997,0.04123429337349397,0,0,0.0,False,"MobiMart SS Puram: 0 units of iPhone 17 - expected demand 0.1/week, capital tied up Rs 0, expected gross profit Rs 0, ROI 0.00x"
BLR-07,MobiMart Yelahanka,F04,Vivo X200,flagship,65999,0.1846,53816,near end-of-life,0.18200000000000002,1,1000,2217.3816028,0.04120301774193549,0,0,0.0,False,"MobiMart Yelahanka: 0 units of Vivo X200 - expected demand 0.2/week, capital tied up Rs 0, expected gross profit Rs 0, ROI 0.00x"
DAV-02,MobiMart MCC B Block,F03,OnePlus 13,flagship,69999,0.2067,55530,near end-of-life,0.15800000000000003,1,1000,2286.0693414,0.04116818551053485,0,0,0.0,False,"MobiMart MCC B Block: 0 units of OnePlus 13 - expected demand 0.2/week, capital tied up Rs 0, expected gross profit Rs 0, ROI 0.00x"
BLR-03,MobiMart Indiranagar,M09,Samsung Galaxy A36,mid,32999,0.1474,28135,near end-of-life,0.23809523809523808,1,1000,1158.107761904762,0.04116252930175091,0,0,0.0,False,"MobiMart Indiranagar: 0 units of Samsung Galaxy A36 - expected demand 0.2/week, capital tied up Rs 0, expected gross profit Rs 0, ROI 0.00x"
KAL-01,MobiMart KCD Road,M09,Samsung Galaxy A36,mid,32999,0.1474,28135,near end-of-life,0.23809523809523808,1,1000,1158.107761904762,0.04116252930175091,0,0,0.0,False,"MobiMart KCD Road: 0 units of Samsung Galaxy A36 - expected demand 0.2/week, capital tied up Rs 0, expected gross profit Rs 0, ROI 0.00x"
HUB-02,MobiMart Gokul Road,F05,Pixel 9 Pro,flagship,109999,0.1894,89165,near end-of-life,0.17600000000000002,1,1000,3666.7506656000005,0.04112320602927158,0,0,0.0,False,"MobiMart Gokul Road: 0 units of Pixel 9 Pro - expected demand 0.2/week, capital tied up Rs 0, expected gross profit Rs 0, ROI 0.00x"
HUB-01,MobiMart Vidya Nagar,B04,Realme Note 60,budget,9499,0.0751,8786,near end-of-life,1.01,2,1000,720.508649,0.04100322382198953,0,0,0.0,False,"MobiMart Vidya Nagar: 0 units of Realme Note 60 - expected demand 1.0/week, capital tied up Rs 0, expected gross profit Rs 0, ROI 0.00x"
BLR-07,MobiMart Yelahanka,F06,Xiaomi 15,flagship,64999,0.1837,53059,near end-of-life,0.18200000000000002,1,1000,2173.1375666000004,0.040957001952543405,0,0,0.0,False,"MobiMart Yelahanka: 0 units of Xiaomi 15 - expected demand 0.2/week, capital tied up Rs 0, expected gross profit Rs 0, ROI 0.00x"
HUB-02,MobiMart Gokul Road,F09,OnePlus Open 2,flagship,119999,0.1886,97367,near end-of-life,0.17600000000000002,1,1000,3983.1988063999997,0.040909125334045414,0,0,0.0,False,"MobiMart Gokul Road: 0 units of OnePlus Open 2 - expected demand 0.2/week, capital tied up Rs 0, expected gross profit Rs 0, ROI 0.00x"
BEL-01,MobiMart Cantonment,F02,iPhone 16,flagship,79900,0.1711,66229,near end-of-life,0.198,1,1000,2706.83622,0.0408708604991771,0,0,0.0,False,"MobiMart Cantonment: 0 units of iPhone 16 - expected demand 0.2/week, capital tied up Rs 0, expected gross profit Rs 0, ROI 0.00x"
TUM-01,MobiMart MG Road,B13,Redmi A6,budget,8999,0.055,8504,declining,2.104761904761905,3,1000,1041.741380952381,0.04083338746285595,0,0,0.0,False,"MobiMart MG Road: 0 units of Redmi A6 - expected demand 2.1/week, capital tied up Rs 0, expected gross profit Rs 0, ROI 0.00x"
KAL-01,MobiMart KCD Road,B13,Redmi A6,budget,8999,0.055,8504,declining,2.104761904761905,3,1000,1041.741380952381,0.04083338746285595,0,0,0.0,False,"MobiMart KCD Road: 0 units of Redmi A6 - expected demand 2.1/week, capital tied up Rs 0, expected gross profit Rs 0, ROI 0.00x"
UDU-01,MobiMart Udupi Main Road,F04,Vivo X200,flagship,65999,0.1846,53816,near end-of-life,0.18000000000000002,1,1000,2193.014772,0.04075023732718894,0,0,0.0,False,"MobiMart Udupi Main Road: 0 units of Vivo X200 - expected demand 0.2/week, capital tied up Rs 0, expected gross profit Rs 0, ROI 0.00x"
HUB-01,MobiMart Vidya Nagar,F07,iPhone 16 Pro,flagship,119900,0.1678,99781,near end-of-life,0.202,1,1000,4064.0824400000006,0.04073002315070004,0,0,0.0,False,"MobiMart Vidya Nagar: 0 units of iPhone 16 Pro - expected demand 0.2/week, capital tied up Rs 0, expected gross profit Rs 0, ROI 0.00x"
UDU-01,MobiMart Udupi Main Road,B11,Nokia 125 Power,budget,7999,0.0617,7505,near end-of-life,1.2380952380952381,2,1000,611.047419047619,0.0407093550331525,0,0,0.0,False,"MobiMart Udupi Main Road: 0 units of Nokia 125 Power - expected demand 1.2/week, capital tied up Rs 0, expected gross profit Rs 0, ROI 0.00x"
SHI-01,MobiMart Vidya Nagar,F05,Pixel 9 Pro,flagship,109999,0.1894,89165,near end-of-life,0.17400000000000002,1,1000,3625.0830444000003,0.04065589686984804,0,0,0.0,False,"MobiMart Vidya Nagar: 0 units of Pixel 9 Pro - expected demand 0.2/week, capital tied up Rs 0, expected gross profit Rs 0, ROI 0.00x"
BLR-02,MobiMart Koramangala,M08,Nothing Phone (3a),mid,27999,0.1243,24519,near end-of-life,0.2857142857142857,1,1000,994.3644857142856,0.040554854835608535,0,0,0.0,False,"MobiMart Koramangala: 0 units of Nothing Phone (3a) - expected demand 0.3/week, capital tied up Rs 0, expected gross profit Rs 0, ROI 0.00x"
UDU-01,MobiMart Udupi Main Road,F06,Xiaomi 15,flagship,64999,0.1837,53059,near end-of-life,0.18000000000000002,1,1000,2149.2569340000005,0.04050692500800996,0,0,0.0,False,"MobiMart Udupi Main Road: 0 units of Xiaomi 15 - expected demand 0.2/week, capital tied up Rs 0, expected gross profit Rs 0, ROI 0.00x"
BLR-07,MobiMart Yelahanka,F01,Samsung Galaxy S25,flagship,74999,0.182,61349,near end-of-life,0.18200000000000002,1,1000,2484.266876,0.04049400766108657,0,0,0.0,False,"MobiMart Yelahanka: 0 units of Samsung Galaxy S25 - expected demand 0.2/week, capital tied up Rs 0, expected gross profit Rs 0, ROI 0.00x"
BLR-06,MobiMart Rajajinagar,F02,iPhone 16,flagship,79900,0.1711,66229,near end-of-life,0.196,1,1000,2679.4944400000004,0.04045802352443794,0,0,0.0,False,"MobiMart Rajajinagar: 0 units of iPhone 16 - expected demand 0.2/week, capital tied up Rs 0, expected gross profit Rs 0, ROI 0.00x"
UDU-01,MobiMart Udupi Main Road,F15,Pixel 10 Pro,flagship,114999,0.1999,92011,declining,0.16190476190476188,1,1000,3721.9152542857137,0.04045076408566056,0,0,0.0,False,"MobiMart Udupi Main Road: 0 units of Pixel 10 Pro - expected demand 0.2/week, capital tied up Rs 0, expected gross profit Rs 0, ROI 0.00x"
SHI-01,MobiMart Vidya Nagar,F09,OnePlus Open 2,flagship,119999,0.1886,97367,near end-of-life,0.17400000000000002,1,1000,3937.9351836,0.0404442489097949,0,0,0.0,False,"MobiMart Vidya Nagar: 0 units of OnePlus Open 2 - expected demand 0.2/week, capital tied up Rs 0, expected gross profit Rs 0, ROI 0.00x"
MAN-02,MobiMart Kottara,F04,Vivo X200,flagship,65999,0.1846,53816,near end-of-life,0.17800000000000002,1,1000,2168.6479412000003,0.0402974569124424,0,0,0.0,False,"MobiMart Kottara: 0 units of Vivo X200 - expected demand 0.2/week, capital tied up Rs 0, expected gross profit Rs 0, ROI 0.00x"
BEL-01,MobiMart Cantonment,B12,Samsung Galaxy M06,budget,9999,0.0569,9430,near end-of-life,0.6666666666666666,1,1000,379.2954,0.040222205726405086,0,0,0.0,False,"MobiMart Cantonment: 0 units of Samsung Galaxy M06 - expected demand 0.7/week, capital tied up Rs 0, expected gross profit Rs 0, ROI 0.00x"
TUM-01,MobiMart MG Road,F05,Pixel 9 Pro,flagship,109999,0.1894,89165,near end-of-life,0.17200000000000001,1,1000,3583.4154232000005,0.0401885877104245,0,0,0.0,False,"MobiMart MG Road: 0 units of Pixel 9 Pro - expected demand 0.2/week, capital tied up Rs 0, expected gross profit Rs 0, ROI 0.00x"
HUB-01,MobiMart Vidya Nagar,F11,Samsung Galaxy S26,flagship,79999,0.1658,66735,near end-of-life,0.202,1,1000,2679.2945084000003,0.040148265653704954,0,0,0.0,False,"MobiMart Vidya Nagar: 0 units of Samsung Galaxy S26 - expected demand 0.2/week, capital tied up Rs 0, expected gross profit Rs 0, ROI 0.00x"
TUM-02,MobiMart SS Puram,B08,Samsung Galaxy F06,budget,10499,0.0776,9684,near end-of-life,0.47619047619047616,1,1000,387.9630476190476,0.040062272575283726,0,0,0.0,False,"MobiMart SS Puram: 0 units of Samsung Galaxy F06 - expected demand 0.5/week, capital tied up Rs 0, expected gross profit Rs 0, ROI 0.00x"
MAN-02,MobiMart Kottara,F06,Xiaomi 15,flagship,64999,0.1837,53059,near end-of-life,0.17800000000000002,1,1000,2125.3763014000006,0.040056848063476515,0,0,0.0,False,"MobiMart Kottara: 0 units of Xiaomi 15 - expected demand 0.2/week, capital tied up Rs 0, expected gross profit Rs 0, ROI 0.00x"
UDU-01,MobiMart Udupi Main Road,F01,Samsung Galaxy S25,flagship,74999,0.182,61349,near end-of-life,0.18000000000000002,1,1000,2456.9672400000004,0.040049018565909804,0,0,0.0,False,"MobiMart Udupi Main Road: 0 units of Samsung Galaxy S25 - expected demand 0.2/week, capital tied up Rs 0, expected gross profit Rs 0, ROI 0.00x"
DAV-02,MobiMart MCC B Block,B13,Redmi A6,budget,8999,0.055,8504,declining,1.3761904761904762,2,1000,681.1385952380953,0.040048130011647184,0,0,0.0,False,"MobiMart MCC B Block: 0 units of Redmi A6 - expected demand 1.4/week, capital tied up Rs 0, expected gross profit Rs 0, ROI 0.00x"
BLR-01,MobiMart Jayanagar,F08,Samsung Galaxy Z Flip7,flagship,99999,0.2188,78119,near end-of-life,0.14285714285714285,1,1000,3125.683028571428,0.04001181567315798,0,0,0.0,False,"MobiMart Jayanagar: 0 units of Samsung Galaxy Z Flip7 - expected demand 0.1/week, capital tied up Rs 0, expected gross profit Rs 0, ROI 0.00x"
BEL-01,MobiMart Cantonment,F07,iPhone 16 Pro,flagship,119900,0.1678,99781,near end-of-life,0.198,1,1000,3983.6055600000004,0.03992348803880499,0,0,0.0,False,"MobiMart Cantonment: 0 units of iPhone 16 Pro - expected demand 0.2/week, capital tied up Rs 0, expected gross profit Rs 0, ROI 0.00x"
BLR-01,MobiMart Jayanagar,B17,POCO C85,budget,12499,0.0519,11850,declining,1.457142857142857,2,1000,945.2458028571428,0.039883789150090415,0,0,0.0,False,"MobiMart Jayanagar: 0 units of POCO C85 - expected demand 1.5/week, capital tied up Rs 0, expected gross profit Rs 0, ROI 0.00x"
HUB-02,MobiMart Gokul Road,F04,Vivo X200,flagship,65999,0.1846,53816,near end-of-life,0.17600000000000002,1,1000,2144.2811103999998,0.039844676497695845,0,0,0.0,False,"MobiMart Gokul Road: 0 units of Vivo X200 - expected demand 0.2/week, capital tied up Rs 0, expected gross profit Rs 0, ROI 0.00x"
BLR-04,MobiMart Whitefield,F10,iPhone 17,flagship,84900,0.2179,66400,near end-of-life,0.14285714285714285,1,1000,2642.815714285714,0.039801441480206534,0,0,0.0,False,"MobiMart Whitefield: 0 units of iPhone 17 - expected demand 0.1/week, capital tied up Rs 0, expected gross profit Rs 0, ROI 0.00x"
BLR-01,MobiMart Jayanagar,B14,Realme Note 70,budget,10499,0.0546,9926,declining,1.3761904761904762,2,1000,788.89486,0.039738810195446304,0,0,0.0,False,"MobiMart Jayanagar: 0 units of Realme Note 70 - expected demand 1.4/week, capital tied up Rs 0, expected gross profit Rs 0, ROI 0.00x"
MAN-01,MobiMart Court Road,B14,Realme Note 70,budget,10499,0.0546,9926,declining,2.064285714285714,3,1000,1183.3422899999998,0.0397388101954463,0,0,0.0,False,"MobiMart Court Road: 0 units of Realme Note 70 - expected demand 2.1/week, capital tied up Rs 0, expected gross profit Rs 0, ROI 0.00x"
MYS-01,MobiMart Devaraja Mohalla,F02,iPhone 16,flagship,79900,0.1711,66229,near end-of-life,0.192,1,1000,2624.81088,0.03963234957495961,0,0,0.0,False,"MobiMart Devaraja Mohalla: 0 units of iPhone 16 - expected demand 0.2/week, capital tied up Rs 0, expected gross profit Rs 0, ROI 0.00x"
DAV-01,MobiMart PJ Extension,B09,Realme C75x,budget,12999,0.0703,12085,near end-of-life,0.5238095238095238,1,1000,478.6727,0.039608829127016965,0,0,0.0,False,"MobiMart PJ Extension: 0 units of Realme C75x - expected demand 0.5/week, capital tied up Rs 0, expected gross profit Rs 0, ROI 0.00x"
HUB-02,MobiMart Gokul Road,F06,Xiaomi 15,flagship,64999,0.1837,53059,near end-of-life,0.17600000000000002,1,1000,2101.4956688,0.03960677111894307,0,0,0.0,False,"MobiMart Gokul Road: 0 units of Xiaomi 15 - expected demand 0.2/week, capital tied up Rs 0, expected gross profit Rs 0, ROI 0.00x"
HOS-01,MobiMart Hosur Road,F03,OnePlus 13,flagship,69999,0.2067,55530,near end-of-life,0.15200000000000002,1,1000,2199.2565816,0.0396048366936791,0,0,0.0,False,"MobiMart Hosur Road: 0 units of OnePlus 13 - expected demand 0.2/week, capital tied up Rs 0, expected gross profit Rs 0, ROI 0.00x"
MAN-02,MobiMart Kottara,F01,Samsung Galaxy S25,flagship,74999,0.182,61349,near end-of-life,0.17800000000000002,1,1000,2429.667604,0.03960402947073302,0,0,0.0,False,"MobiMart Kottara: 0 units of Samsung Galaxy S25 - expected demand 0.2/week, capital tied up Rs 0, expected gross profit Rs 0, ROI 0.00x"
BLR-06,MobiMart Rajajinagar,F07,iPhone 16 Pro,flagship,119900,0.1678,99781,near end-of-life,0.196,1,1000,3943.3671200000003,0.039520220482857464,0,0,0.0,False,"MobiMart Rajajinagar: 0 units of iPhone 16 Pro - expected demand 0.2/week, capital tied up Rs 0, expected gross profit Rs 0, ROI 0.00x"
SHI-01,MobiMart Vidya Nagar,F04,Vivo X200,flagship,65999,0.1846,53816,near end-of-life,0.17400000000000002,1,1000,2119.9142796,0.03939189608294931,0,0,0.0,False,"MobiMart Vidya Nagar: 0 units of Vivo X200 - expected demand 0.2/week, capital tied up Rs 0, expected gross profit Rs 0, ROI 0.00x"
BEL-02,MobiMart Tilakwadi,B19,Realme C76x,budget,13999,0.0587,13177,ramping,1.2595238095238095,2,1000,1035.0027326190475,0.03927307932833906,0,0,0.0,False,"MobiMart Tilakwadi: 0 units of Realme C76x - expected demand 1.3/week, capital tied up Rs 0, expected gross profit Rs 0, ROI 0.00x"
BEL-02,MobiMart Tilakwadi,F05,Pixel 9 Pro,flagship,109999,0.1894,89165,near end-of-life,0.168,1,1000,3500.0801808000006,0.039253969391577416,0,0,0.0,False,"MobiMart Tilakwadi: 0 units of Pixel 9 Pro - expected demand 0.2/week, capital tied up Rs 0, expected gross profit Rs 0, ROI 0.00x"
BLR-02,MobiMart Koramangala,B20,Nokia 3310 Max,budget,8999,0.0563,8492,ramping,1.314285714285714,2,1000,665.8745771428571,0.03920599253078527,0,0,0.0,False,"MobiMart Koramangala: 0 units of Nokia 3310 Max - expected demand 1.3/week, capital tied up Rs 0, expected gross profit Rs 0, ROI 0.00x"
HUB-02,MobiMart Gokul Road,B20,Nokia 3310 Max,budget,8999,0.0563,8492,ramping,1.314285714285714,2,1000,665.8745771428571,0.03920599253078527,0,0,0.0,False,"MobiMart Gokul Road: 0 units of Nokia 3310 Max - expected demand 1.3/week, capital tied up Rs 0, expected gross profit Rs 0, ROI 0.00x"
TUM-01,MobiMart MG Road,B20,Nokia 3310 Max,budget,8999,0.0563,8492,ramping,1.314285714285714,2,1000,665.8745771428571,0.03920599253078527,0,0,0.0,False,"MobiMart MG Road: 0 units of Nokia 3310 Max - expected demand 1.3/week, capital tied up Rs 0, expected gross profit Rs 0, ROI 0.00x"
BEL-01,MobiMart Cantonment,B20,Nokia 3310 Max,budget,8999,0.0563,8492,ramping,0.657142857142857,1,1000,332.93728857142855,0.03920599253078527,0,0,0.0,False,"MobiMart Cantonment: 0 units of Nokia 3310 Max - expected demand 0.7/week, capital tied up Rs 0, expected gross profit Rs 0, ROI 0.00x"
SHI-01,MobiMart Vidya Nagar,B07,POCO C75,budget,11999,0.0595,11285,near end-of-life,0.6190476190476191,1,1000,441.96316666666667,0.03916377196869,0,0,0.0,False,"MobiMart Vidya Nagar: 0 units of POCO C75 - expected demand 0.6/week, capital tied up Rs 0, expected gross profit Rs 0, ROI 0.00x"
HUB-02,MobiMart Gokul Road,F01,Samsung Galaxy S25,flagship,74999,0.182,61349,near end-of-life,0.17600000000000002,1,1000,2402.367968,0.039159040375556245,0,0,0.0,False,"MobiMart Gokul Road: 0 units of Samsung Galaxy S25 - expected demand 0.2/week, capital tied up Rs 0, expected gross profit Rs 0, ROI 0.00x"
SHI-01,MobiMart Vidya Nagar,F06,Xiaomi 15,flagship,64999,0.1837,53059,near end-of-life,0.17400000000000002,1,1000,2077.6150362000003,0.039156694174409624,0,0,0.0,False,"MobiMart Vidya Nagar: 0 units of Xiaomi 15 - expected demand 0.2/week, capital tied up Rs 0, expected gross profit Rs 0, ROI 0.00x"
BEL-02,MobiMart Tilakwadi,F09,OnePlus Open 2,flagship,119999,0.1886,97367,near end-of-life,0.168,1,1000,3802.1443152,0.039049619637043356,0,0,0.0,False,"MobiMart Tilakwadi: 0 units of OnePlus Open 2 - expected demand 0.2/week, capital tied up Rs 0, expected gross profit Rs 0, ROI 0.00x"
BEL-01,MobiMart Cantonment,B14,Realme Note 70,budget,10499,0.0546,9926,declining,2.0238095238095237,3,1000,1160.1395,0.03895961783867285,0,0,0.0,False,"MobiMart Cantonment: 0 units of Realme Note 70 - expected demand 2.0/week, capital tied up Rs 0, expected gross profit Rs 0, ROI 0.00x"
KOL-01,MobiMart Station Road,B14,Realme Note 70,budget,10499,0.0546,9926,declining,2.0238095238095237,3,1000,1160.1395,0.03895961783867285,0,0,0.0,False,"MobiMart Station Road: 0 units of Realme Note 70 - expected demand 2.0/week, capital tied up Rs 0, expected gross profit Rs 0, ROI 0.00x"
TUM-01,MobiMart MG Road,F04,Vivo X200,flagship,65999,0.1846,53816,near end-of-life,0.17200000000000001,1,1000,2095.5474488,0.03893911566820277,0,0,0.0,False,"MobiMart MG Road: 0 units of Vivo X200 - expected demand 0.2/week, capital tied up Rs 0, expected gross profit Rs 0, ROI 0.00x"
MYS-01,MobiMart Devaraja Mohalla,B12,Samsung Galaxy M06,budget,9999,0.0569,9430,near end-of-life,1.2857142857142858,2,1000,731.4982714285715,0.03878569837903348,0,0,0.0,False,"MobiMart Devaraja Mohalla: 0 units of Samsung Galaxy M06 - expected demand 1.3/week, capital tied up Rs 0, expected gross profit Rs 0, ROI 0.00x"
BLR-01,MobiMart Jayanagar,F09,OnePlus Open 2,flagship,119999,0.1886,97367,near end-of-life,0.16666666666666666,1,1000,3771.9685666666664,0.038739702020876336,0,0,0.0,False,"MobiMart Jayanagar: 0 units of OnePlus Open 2 - expected demand 0.2/week, capital tied up Rs 0, expected gross profit Rs 0, ROI 0.00x"
SHI-01,MobiMart Vidya Nagar,F01,Samsung Galaxy S25,flagship,74999,0.182,61349,near end-of-life,0.17400000000000002,1,1000,2375.0683320000003,0.038714051280379476,0,0,0.0,False,"MobiMart Vidya Nagar: 0 units of Samsung Galaxy S25 - expected demand 0.2/week, capital tied up Rs 0, expected gross profit Rs 0, ROI 0.00x"
MYS-01,MobiMart Devaraja Mohalla,F07,iPhone 16 Pro,flagship,119900,0.1678,99781,near end-of-life,0.192,1,1000,3862.89024,0.03871368537096241,0,0,0.0,False,"MobiMart Devaraja Mohalla: 0 units of iPhone 16 Pro - expected demand 0.2/week, capital tied up Rs 0, expected gross profit Rs 0, ROI 0.00x"
TUM-01,MobiMart MG Road,F06,Xiaomi 15,flagship,64999,0.1837,53059,near end-of-life,0.17200000000000001,1,1000,2053.7344036000004,0.038706617229876186,0,0,0.0,False,"MobiMart MG Road: 0 units of Xiaomi 15 - expected demand 0.2/week, capital tied up Rs 0, expected gross profit Rs 0, ROI 0.00x"
TUM-02,MobiMart SS Puram,F03,OnePlus 13,flagship,69999,0.2067,55530,near end-of-life,0.148,1,1000,2141.3814083999996,0.03856260414910858,0,0,0.0,False,"MobiMart SS Puram: 0 units of OnePlus 13 - expected demand 0.1/week, capital tied up Rs 0, expected gross profit Rs 0, ROI 0.00x"
DAV-01,MobiMart PJ Extension,F02,iPhone 16,flagship,79900,0.1711,66229,near end-of-life,0.18600000000000003,1,1000,2542.7855400000003,0.038393838650742126,0,0,0.0,False,"MobiMart PJ Extension: 0 units of iPhone 16 - expected demand 0.2/week, capital tied up Rs 0, expected gross profit Rs 0, ROI 0.00x"
MYS-02,MobiMart Kuvempunagar,F05,Pixel 9 Pro,flagship,109999,0.1894,89165,near end-of-life,0.164,1,1000,3416.7449384,0.03831935107273033,0,0,0.0,False,"MobiMart Kuvempunagar: 0 units of Pixel 9 Pro - expected demand 0.2/week, capital tied up Rs 0, expected gross profit Rs 0, ROI 0.00x"
TUM-01,MobiMart MG Road,F01,Samsung Galaxy S25,flagship,74999,0.182,61349,near end-of-life,0.17200000000000001,1,1000,2347.768696,0.03826906218520269,0,0,0.0,False,"MobiMart MG Road: 0 units of Samsung Galaxy S25 - expected demand 0.2/week, capital tied up Rs 0, expected gross profit Rs 0, ROI 0.00x"
BLR-04,MobiMart Whitefield,B06,Lava Blaze Core,budget,8499,0.0523,8055,near end-of-life,2.08,3,1000,924.5552160000001,0.038260095841092495,0,0,0.0,False,"MobiMart Whitefield: 0 units of Lava Blaze Core - expected demand 2.1/week, capital tied up Rs 0, expected gross profit Rs 0, ROI 0.00x"
MYS-01,MobiMart Devaraja Mohalla,F11,Samsung Galaxy S26,flagship,79999,0.1658,66735,near end-of-life,0.192,1,1000,2546.6561664,0.038160727750056196,0,0,0.0,False,"MobiMart Devaraja Mohalla: 0 units of Samsung Galaxy S26 - expected demand 0.2/week, capital tied up Rs 0, expected gross profit Rs 0, ROI 0.00x"
BLR-05,MobiMart Malleshwaram,M11,Samsung Galaxy A27,mid,23999,0.138,20687,near end-of-life,0.23809523809523808,1,1000,788.5385714285713,0.038117589376350916,0,0,0.0,False,"MobiMart Malleshwaram: 0 units of Samsung Galaxy A27 - expected demand 0.2/week, capital tied up Rs 0, expected gross profit Rs 0, ROI 0.00x"
KOL-01,MobiMart Station Road,F08,Samsung Galaxy Z Flip7,flagship,99999,0.2188,78119,near end-of-life,0.136,1,1000,2975.6502432,0.0380912485208464,0,0,0.0,False,"MobiMart Station Road: 0 units of Samsung Galaxy Z Flip7 - expected demand 0.1/week, capital tied up Rs 0, expected gross profit Rs 0, ROI 0.00x"
BEL-02,MobiMart Tilakwadi,F04,Vivo X200,flagship,65999,0.1846,53816,near end-of-life,0.168,1,1000,2046.8137872,0.038033554838709675,0,0,0.0,False,"MobiMart Tilakwadi: 0 units of Vivo X200 - expected demand 0.2/week, capital tied up Rs 0, expected gross profit Rs 0, ROI 0.00x"
MAN-01,MobiMart Court Road,F11,Samsung Galaxy S26,flagship,79999,0.1658,66735,near end-of-life,0.19047619047619047,1,1000,2526.4446095238095,0.03785786483140495,0,0,0.0,False,"MobiMart Court Road: 0 units of Samsung Galaxy S26 - expected demand 0.2/week, capital tied up Rs 0, expected gross profit Rs 0, ROI 0.00x"
KAL-01,MobiMart KCD Road,F11,Samsung Galaxy S26,flagship,79999,0.1658,66735,near end-of-life,0.19047619047619047,1,1000,2526.4446095238095,0.03785786483140495,0,0,0.0,False,"MobiMart KCD Road: 0 units of Samsung Galaxy S26 - expected demand 0.2/week, capital tied up Rs 0, expected gross profit Rs 0, ROI 0.00x"
KAL-01,MobiMart KCD Road,F05,Pixel 9 Pro,flagship,109999,0.1894,89165,near end-of-life,0.16200000000000003,1,1000,3375.077317200001,0.0378520419133068,0,0,0.0,False,"MobiMart KCD Road: 0 units of Pixel 9 Pro - expected demand 0.2/week, capital tied up Rs 0, expected gross profit Rs 0, ROI 0.00x"
BEL-02,MobiMart Tilakwadi,F06,Xiaomi 15,flagship,64999,0.1837,53059,near end-of-life,0.168,1,1000,2005.9731384000002,0.03780646334080929,0,0,0.0,False,"MobiMart Tilakwadi: 0 units of Xiaomi 15 - expected demand 0.2/week, capital tied up Rs 0, expected gross profit Rs 0, ROI 0.00x"
KOL-01,MobiMart Station Road,B13,Redmi A6,budget,8999,0.055,8504,declining,1.295238095238095,2,1000,641.0716190476189,0.03769235765802087,0,0,0.0,False,"MobiMart Station Road: 0 units of Redmi A6 - expected demand 1.3/week, capital tied up Rs 0, expected gross profit Rs 0, ROI 0.00x"
BLR-06,MobiMart Rajajinagar,B07,POCO C75,budget,11999,0.0595,11285,near end-of-life,0.5952380952380952,1,1000,424.9645833333333,0.037657473046817304,0,0,0.0,False,"MobiMart Rajajinagar: 0 units of POCO C75 - expected demand 0.6/week, capital tied up Rs 0, expected gross profit Rs 0, ROI 0.00x"
KAL-01,MobiMart KCD Road,F09,OnePlus Open 2,flagship,119999,0.1886,97367,near end-of-life,0.16200000000000003,1,1000,3666.3534468000003,0.037654990364291804,0,0,0.0,False,"MobiMart KCD Road: 0 units of OnePlus Open 2 - expected demand 0.2/week, capital tied up Rs 0, expected gross profit Rs 0, ROI 0.00x"
DAV-02,MobiMart MCC B Block,B20,Nokia 3310 Max,budget,8999,0.0563,8492,ramping,1.2595238095238095,2,1000,638.1298030952381,0.037572409508669226,0,0,0.0,False,"MobiMart MCC B Block: 0 units of Nokia 3310 Max - expected demand 1.3/week, capital tied up Rs 0, expected gross profit Rs 0, ROI 0.00x"
BLR-07,MobiMart Yelahanka,F02,iPhone 16,flagship,79900,0.1711,66229,near end-of-life,0.18200000000000002,1,1000,2488.1019800000004,0.037568164701263805,0,0,0.0,False,"MobiMart Yelahanka: 0 units of iPhone 16 - expected demand 0.2/week, capital tied up Rs 0, expected gross profit Rs 0, ROI 0.00x"
DAV-01,MobiMart PJ Extension,F07,iPhone 16 Pro,flagship,119900,0.1678,99781,near end-of-life,0.18600000000000003,1,1000,3742.1749200000004,0.037503882703119835,0,0,0.0,False,"MobiMart PJ Extension: 0 units of iPhone 16 Pro - expected demand 0.2/week, capital tied up Rs 0, expected gross profit Rs 0, ROI 0.00x"
BLR-02,MobiMart Koramangala,B14,Realme Note 70,budget,10499,0.0546,9926,declining,0.6476190476190475,1,1000,371.24464,0.03740123312512593,0,0,0.0,False,"MobiMart Koramangala: 0 units of Realme Note 70 - expected demand 0.6/week, capital tied up Rs 0, expected gross profit Rs 0, ROI 0.00x"
KOL-01,MobiMart Station Road,B12,Samsung Galaxy M06,budget,9999,0.0569,9430,near end-of-life,0.6190476190476191,1,1000,352.2028714285714,0.03734919103166187,0,0,0.0,False,"MobiMart Station Road: 0 units of Samsung Galaxy M06 - expected demand 0.6/week, capital tied up Rs 0, expected gross profit Rs 0, ROI 0.00x"
BLR-08,MobiMart Electronic City,M06,Motorola Edge 60 Fusion,mid,22999,0.1248,20129,near end-of-life,0.2619047619047619,1,1000,751.7387428571428,0.03734605508754249,0,0,0.0,False,"MobiMart Electronic City: 0 units of Motorola Edge 60 Fusion - expected demand 0.3/week, capital tied up Rs 0, expected gross profit Rs 0, ROI 0.00x"
KOL-01,MobiMart Station Road,M06,Motorola Edge 60 Fusion,mid,22999,0.1248,20129,near end-of-life,0.2619047619047619,1,1000,751.7387428571428,0.03734605508754249,0,0,0.0,False,"MobiMart Station Road: 0 units of Motorola Edge 60 Fusion - expected demand 0.3/week, capital tied up Rs 0, expected gross profit Rs 0, ROI 0.00x"
DAV-01,MobiMart PJ Extension,M08,Nothing Phone (3a),mid,27999,0.1243,24519,near end-of-life,0.2619047619047619,1,1000,911.5007785714287,0.03717528359930783,0,0,0.0,False,"MobiMart PJ Extension: 0 units of Nothing Phone (3a) - expected demand 0.3/week, capital tied up Rs 0, expected gross profit Rs 0, ROI 0.00x"
UDU-01,MobiMart Udupi Main Road,F02,iPhone 16,flagship,79900,0.1711,66229,near end-of-life,0.18000000000000002,1,1000,2460.7602,0.037155327726524634,0,0,0.0,False,"MobiMart Udupi Main Road: 0 units of iPhone 16 - expected demand 0.2/week, capital tied up Rs 0, expected gross profit Rs 0, ROI 0.00x"
MYS-02,MobiMart Kuvempunagar,F04,Vivo X200,flagship,65999,0.1846,53816,near end-of-life,0.164,1,1000,1998.0801256,0.03712799400921659,0,0,0.0,False,"MobiMart Kuvempunagar: 0 units of Vivo X200 - expected demand 0.2/week, capital tied up Rs 0, expected gross profit Rs 0, ROI 0.00x"
BLR-07,MobiMart Yelahanka,M09,Samsung Galaxy A36,mid,32999,0.1474,28135,near end-of-life,0.21428571428571427,1,1000,1042.2969857142857,0.03704627637157582,0,0,0.0,False,"MobiMart Yelahanka: 0 units of Samsung Galaxy A36 - expected demand 0.2/week, capital tied up Rs 0, expected gross profit Rs 0, ROI 0.00x"
HUB-01,MobiMart Vidya Nagar,M09,Samsung Galaxy A36,mid,32999,0.1474,28135,near end-of-life,0.21428571428571427,1,1000,1042.2969857142857,0.03704627637157582,0,0,0.0,False,"MobiMart Vidya Nagar: 0 units of Samsung Galaxy A36 - expected demand 0.2/week, capital tied up Rs 0, expected gross profit Rs 0, ROI 0.00x"
MAN-01,MobiMart Court Road,M07,POCO X7 Pro,mid,26999,0.1145,23908,near end-of-life,0.2857142857142857,1,1000,883.253,0.036943826334281414,0,0,0.0,False,"MobiMart Court Road: 0 units of POCO X7 Pro - expected demand 0.3/week, capital tied up Rs 0, expected gross profit Rs 0, ROI 0.00x"
DAV-02,MobiMart MCC B Block,F05,Pixel 9 Pro,flagship,109999,0.1894,89165,near end-of-life,0.15800000000000003,1,1000,3291.742074800001,0.03691742359445972,0,0,0.0,False,"MobiMart MCC B Block: 0 units of Pixel 9 Pro - expected demand 0.2/week, capital tied up Rs 0, expected gross profit Rs 0, ROI 0.00x"
BLR-05,MobiMart Malleshwaram,B05,Moto G15 Play,budget,10999,0.0793,10127,near end-of-life,0.42857142857142855,1,1000,373.80887142857136,0.03691210342930496,0,0,0.0,False,"MobiMart Malleshwaram: 0 units of Moto G15 Play - expected demand 0.4/week, capital tied up Rs 0, expected gross profit Rs 0, ROI 0.00x"
MYS-02,MobiMart Kuvempunagar,F06,Xiaomi 15,flagship,64999,0.1837,53059,near end-of-life,0.164,1,1000,1958.2118732000001,0.036906309451742406,0,0,0.0,False,"MobiMart Kuvempunagar: 0 units of Xiaomi 15 - expected demand 0.2/week, capital tied up Rs 0, expected gross profit Rs 0, ROI 0.00x"
MAN-02,MobiMart Kottara,F02,iPhone 16,flagship,79900,0.1711,66229,near end-of-life,0.17800000000000002,1,1000,2433.41842,0.03674249075178547,0,0,0.0,False,"MobiMart Kottara: 0 units of iPhone 16 - expected demand 0.2/week, capital tied up Rs 0, expected gross profit Rs 0, ROI 0.00x"
HOS-01,MobiMart Hosur Road,B04,Realme Note 60,budget,9499,0.0751,8786,near end-of-life,0.4523809523809524,1,1000,322.7172166666667,0.03673084642233857,0,0,0.0,False,"MobiMart Hosur Road: 0 units of Realme Note 60 - expected demand 0.5/week, capital tied up Rs 0, expected gross profit Rs 0, ROI 0.00x"
DAV-02,MobiMart MCC B Block,F09,OnePlus Open 2,flagship,119999,0.1886,97367,near end-of-life,0.15800000000000003,1,1000,3575.8262012000005,0.03672523751579078,0,0,0.0,False,"MobiMart MCC B Block: 0 units of OnePlus Open 2 - expected demand 0.2/week, capital tied up Rs 0, expected gross profit Rs 0, ROI 0.00x"
UDU-01,MobiMart Udupi Main Road,M10,OnePlus Nord 5,mid,29999,0.1463,25610,near end-of-life,0.21428571428571427,1,1000,940.46865,0.036722711831315896,0,0,0.0,False,"MobiMart Udupi Main Road: 0 units of OnePlus Nord 5 - expected demand 0.2/week, capital tied up Rs 0, expected gross profit Rs 0, ROI 0.00x"
BLR-07,MobiMart Yelahanka,F07,iPhone 16 Pro,flagship,119900,0.1678,99781,near end-of-life,0.18200000000000002,1,1000,3661.6980400000007,0.03669734759122479,0,0,0.0,False,"MobiMart Yelahanka: 0 units of iPhone 16 Pro - expected demand 0.2/week, capital tied up Rs 0, expected gross profit Rs 0, ROI 0.00x"
KAL-01,MobiMart KCD Road,F04,Vivo X200,flagship,65999,0.1846,53816,near end-of-life,0.16200000000000003,1,1000,1973.7132948,0.03667521359447005,0,0,0.0,False,"MobiMart KCD Road: 0 units of Vivo X200 - expected demand 0.2/week, capital tied up Rs 0, expected gross profit Rs 0, ROI 0.00x"
MYS-01,MobiMart Devaraja Mohalla,B13,Redmi A6,budget,8999,0.055,8504,declining,1.2547619047619047,2,1000,621.0381309523809,0.03651447148120772,0,0,0.0,False,"MobiMart Devaraja Mohalla: 0 units of Redmi A6 - expected demand 1.3/week, capital tied up Rs 0, expected gross profit Rs 0, ROI 0.00x"
MYS-02,MobiMart Kuvempunagar,F01,Samsung Galaxy S25,flagship,74999,0.182,61349,near end-of-life,0.164,1,1000,2238.5701520000002,0.036489105804495596,0,0,0.0,False,"MobiMart Kuvempunagar: 0 units of Samsung Galaxy S25 - expected demand 0.2/week, capital tied up Rs 0, expected gross profit Rs 0, ROI 0.00x"
KAL-01,MobiMart KCD Road,F06,Xiaomi 15,flagship,64999,0.1837,53059,near end-of-life,0.16200000000000003,1,1000,1934.3312406000002,0.03645623250720896,0,0,0.0,False,"MobiMart KCD Road: 0 units of Xiaomi 15 - expected demand 0.2/week, capital tied up Rs 0, expected gross profit Rs 0, ROI 0.00x"
BLR-07,MobiMart Yelahanka,M18,Nothing Phone (4a),mid,29999,0.1426,25721,ramping,0.21904761904761902,1,1000,937.054478095238,0.036431494813391314,0,0,0.0,False,"MobiMart Yelahanka: 0 units of Nothing Phone (4a) - expected demand 0.2/week, capital tied up Rs 0, expected gross profit Rs 0, ROI 0.00x"
BEL-01,MobiMart Cantonment,M18,Nothing Phone (4a),mid,29999,0.1426,25721,ramping,0.21904761904761902,1,1000,937.054478095238,0.036431494813391314,0,0,0.0,False,"MobiMart Cantonment: 0 units of Nothing Phone (4a) - expected demand 0.2/week, capital tied up Rs 0, expected gross profit Rs 0, ROI 0.00x"
HUB-02,MobiMart Gokul Road,F02,iPhone 16,flagship,79900,0.1711,66229,near end-of-life,0.17600000000000002,1,1000,2406.07664,0.03632965377704631,0,0,0.0,False,"MobiMart Gokul Road: 0 units of iPhone 16 - expected demand 0.2/week, capital tied up Rs 0, expected gross profit Rs 0, ROI 0.00x"
UDU-01,MobiMart Udupi Main Road,F07,iPhone 16 Pro,flagship,119900,0.1678,99781,near end-of-life,0.18000000000000002,1,1000,3621.4596000000006,0.03629408003527726,0,0,0.0,False,"MobiMart Udupi Main Road: 0 units of iPhone 16 Pro - expected demand 0.2/week, capital tied up Rs 0, expected gross profit Rs 0, ROI 0.00x"
BLR-08,MobiMart Electronic City,B14,Realme Note 70,budget,10499,0.0546,9926,declining,1.2547619047619047,2,1000,719.2864900000001,0.03623244458996575,0,0,0.0,False,"MobiMart Electronic City: 0 units of Realme Note 70 - expected demand 1.3/week, capital tied up Rs 0, expected gross profit Rs 0, ROI 0.00x"
TUM-02,MobiMart SS Puram,B14,Realme Note 70,budget,10499,0.0546,9926,declining,1.2547619047619047,2,1000,719.2864900000001,0.03623244458996575,0,0,0.0,False,"MobiMart SS Puram: 0 units of Realme Note 70 - expected demand 1.3/week, capital tied up Rs 0, expected gross profit Rs 0, ROI 0.00x"
BLR-07,MobiMart Yelahanka,F11,Samsung Galaxy S26,flagship,79999,0.1658,66735,near end-of-life,0.18200000000000002,1,1000,2414.0178244000003,0.03617318984640744,0,0,0.0,False,"MobiMart Yelahanka: 0 units of Samsung Galaxy S26 - expected demand 0.2/week, capital tied up Rs 0, expected gross profit Rs 0, ROI 0.00x"
BLR-06,MobiMart Rajajinagar,B08,Samsung Galaxy F06,budget,10499,0.0776,9684,near end-of-life,0.42857142857142855,1,1000,349.1667428571429,0.03605604531775536,0,0,0.0,False,"MobiMart Rajajinagar: 0 units of Samsung Galaxy F06 - expected demand 0.4/week, capital tied up Rs 0, expected gross profit Rs 0, ROI 0.00x"
KAL-01,MobiMart KCD Road,F01,Samsung Galaxy S25,flagship,74999,0.182,61349,near end-of-life,0.16200000000000003,1,1000,2211.270516,0.03604411670931881,0,0,0.0,False,"MobiMart KCD Road: 0 units of Samsung Galaxy S25 - expected demand 0.2/week, capital tied up Rs 0, expected gross profit Rs 0, ROI 0.00x"
BLR-07,MobiMart Yelahanka,B11,Nokia 125 Power,budget,7999,0.0617,7505,near end-of-life,0.5476190476190477,1,1000,270.2709738095238,0.036012121760096445,0,0,0.0,False,"MobiMart Yelahanka: 0 units of Nokia 125 Power - expected demand 0.5/week, capital tied up Rs 0, expected gross profit Rs 0, ROI 0.00x"
BLR-04,MobiMart Whitefield,B20,Nokia 3310 Max,budget,8999,0.0563,8492,ramping,0.6023809523809524,1,1000,305.1925145238095,0.035938826486553166,0,0,0.0,False,"MobiMart Whitefield: 0 units of Nokia 3310 Max - expected demand 0.6/week, capital tied up Rs 0, expected gross profit Rs 0, ROI 0.00x"
MYS-01,MobiMart Devaraja Mohalla,B20,Nokia 3310 Max,budget,8999,0.0563,8492,ramping,0.6023809523809524,1,1000,305.1925145238095,0.035938826486553166,0,0,0.0,False,"MobiMart Devaraja Mohalla: 0 units of Nokia 3310 Max - expected demand 0.6/week, capital tied up Rs 0, expected gross profit Rs 0, ROI 0.00x"
SHI-01,MobiMart Vidya Nagar,F02,iPhone 16,flagship,79900,0.1711,66229,near end-of-life,0.17400000000000002,1,1000,2378.73486,0.03591681680230715,0,0,0.0,False,"MobiMart Vidya Nagar: 0 units of iPhone 16 - expected demand 0.2/week, capital tied up Rs 0, expected gross profit Rs 0, ROI 0.00x"
DAV-01,MobiMart PJ Extension,B12,Samsung Galaxy M06,budget,9999,0.0569,9430,near end-of-life,0.5952380952380952,1,1000,338.6566071428572,0.035912683684290264,0,0,0.0,False,"MobiMart PJ Extension: 0 units of Samsung Galaxy M06 - expected demand 0.6/week, capital tied up Rs 0, expected gross profit Rs 0, ROI 0.00x"
MAN-02,MobiMart Kottara,F07,iPhone 16 Pro,flagship,119900,0.1678,99781,near end-of-life,0.17800000000000002,1,1000,3581.22116,0.03589081247932973,0,0,0.0,False,"MobiMart Kottara: 0 units of iPhone 16 Pro - expected demand 0.2/week, capital tied up Rs 0, expected gross profit Rs 0, ROI 0.00x"
BLR-03,MobiMart Indiranagar,B19,Realme C76x,budget,13999,0.0587,13177,ramping,1.15,2,1000,945.002495,0.03585802895196175,0,0,0.0,False,"MobiMart Indiranagar: 0 units of Realme C76x - expected demand 1.1/week, capital tied up Rs 0, expected gross profit Rs 0, ROI 0.00x"
DAV-02,MobiMart MCC B Block,F04,Vivo X200,flagship,65999,0.1846,53816,near end-of-life,0.15800000000000003,1,1000,1924.9796332000003,0.03576965276497696,0,0,0.0,False,"MobiMart MCC B Block: 0 units of Vivo X200 - expected demand 0.2/week, capital tied up Rs 0, expected gross profit Rs 0, ROI 0.00x"
BLR-06,MobiMart Rajajinagar,B10,Nokia 3210 4G,budget,7499,0.0586,7060,near end-of-life,0.5714285714285714,1,1000,251.10937142857142,0.03556789963577499,0,0,0.0,False,"MobiMart Rajajinagar: 0 units of Nokia 3210 4G - expected demand 0.6/week, capital tied up Rs 0, expected gross profit Rs 0, ROI 0.00x"
HOS-01,MobiMart Hosur Road,F05,Pixel 9 Pro,flagship,109999,0.1894,89165,near end-of-life,0.15200000000000002,1,1000,3166.7392112000007,0.035515496116189094,0,0,0.0,False,"MobiMart Hosur Road: 0 units of Pixel 9 Pro - expected demand 0.2/week, capital tied up Rs 0, expected gross profit Rs 0, ROI 0.00x"
TUM-01,MobiMart MG Road,F02,iPhone 16,flagship,79900,0.1711,66229,near end-of-life,0.17200000000000001,1,1000,2351.3930800000003,0.03550397982756799,0,0,0.0,False,"MobiMart MG Road: 0 units of iPhone 16 - expected demand 0.2/week, capital tied up Rs 0, expected gross profit Rs 0, ROI 0.00x"
HUB-02,MobiMart Gokul Road,F07,iPhone 16 Pro,flagship,119900,0.1678,99781,near end-of-life,0.17600000000000002,1,1000,3540.9827200000004,0.035487544923382214,0,0,0.0,False,"MobiMart Gokul Road: 0 units of iPhone 16 Pro - expected demand 0.2/week, capital tied up Rs 0, expected gross profit Rs 0, ROI 0.00x"
KOL-01,MobiMart Station Road,F03,OnePlus 13,flagship,69999,0.2067,55530,near end-of-life,0.136,1,1000,1967.7558888000003,0.03543590651539709,0,0,0.0,False,"MobiMart Station Road: 0 units of OnePlus 13 - expected demand 0.1/week, capital tied up Rs 0, expected gross profit Rs 0, ROI 0.00x"
MAN-02,MobiMart Kottara,F11,Samsung Galaxy S26,flagship,79999,0.1658,66735,near end-of-life,0.17800000000000002,1,1000,2360.9624876000003,0.03537817468494793,0,0,0.0,False,"MobiMart Kottara: 0 units of Samsung Galaxy S26 - expected demand 0.2/week, capital tied up Rs 0, expected gross profit Rs 0, ROI 0.00x"
BLR-04,MobiMart Whitefield,B13,Redmi A6,budget,8999,0.055,8504,declining,0.6071428571428571,1,1000,300.5023214285714,0.03533658530439457,0,0,0.0,False,"MobiMart Whitefield: 0 units of Redmi A6 - expected demand 0.6/week, capital tied up Rs 0, expected gross profit Rs 0, ROI 0.00x"
HOS-01,MobiMart Hosur Road,F09,OnePlus Open 2,flagship,119999,0.1886,97367,near end-of-life,0.15200000000000002,1,1000,3440.0353328,0.03533060824303923,0,0,0.0,False,"MobiMart Hosur Road: 0 units of OnePlus Open 2 - expected demand 0.2/week, capital tied up Rs 0, expected gross profit Rs 0, ROI 0.00x"
DAV-02,MobiMart MCC B Block,F01,Samsung Galaxy S25,flagship,74999,0.182,61349,near end-of-life,0.15800000000000003,1,1000,2156.6712440000006,0.035154138518965275,0,0,0.0,False,"MobiMart MCC B Block: 0 units of Samsung Galaxy S25 - expected demand 0.2/week, capital tied up Rs 0, expected gross profit Rs 0, ROI 0.00x"
SHI-01,MobiMart Vidya Nagar,F07,iPhone 16 Pro,flagship,119900,0.1678,99781,near end-of-life,0.17400000000000002,1,1000,3500.7442800000003,0.035084277367434684,0,0,0.0,False,"MobiMart Vidya Nagar: 0 units of iPhone 16 Pro - expected demand 0.2/week, capital tied up Rs 0, expected gross profit Rs 0, ROI 0.00x"
MAN-02,MobiMart Kottara,B14,Realme Note 70,budget,10499,0.0546,9926,declining,1.2142857142857142,2,1000,696.0837,0.03506365605480556,0,0,0.0,False,"MobiMart Kottara: 0 units of Realme Note 70 - expected demand 1.2/week, capital tied up Rs 0, expected gross profit Rs 0, ROI 0.00x"
HUB-02,MobiMart Gokul Road,F11,Samsung Galaxy S26,flagship,79999,0.1658,66735,near end-of-life,0.17600000000000002,1,1000,2334.4348192,0.03498066710421818,0,0,0.0,False,"MobiMart Gokul Road: 0 units of Samsung Galaxy S26 - expected demand 0.2/week, capital tied up Rs 0, expected gross profit Rs 0, ROI 0.00x"
TUM-01,MobiMart MG Road,F07,iPhone 16 Pro,flagship,119900,0.1678,99781,near end-of-life,0.17200000000000001,1,1000,3460.5058400000007,0.03468100981148716,0,0,0.0,False,"MobiMart MG Road: 0 units of iPhone 16 Pro - expected demand 0.2/week, capital tied up Rs 0, expected gross profit Rs 0, ROI 0.00x"
SHI-01,MobiMart Vidya Nagar,F11,Samsung Galaxy S26,flagship,79999,0.1658,66735,near end-of-life,0.17400000000000002,1,1000,2307.9071508,0.03458315952348843,0,0,0.0,False,"MobiMart Vidya Nagar: 0 units of Samsung Galaxy S26 - expected demand 0.2/week, capital tied up Rs 0, expected gross profit Rs 0, ROI 0.00x"
TUM-02,MobiMart SS Puram,F05,Pixel 9 Pro,flagship,109999,0.1894,89165,near end-of-life,0.148,1,1000,3083.4039688,0.034580877797342,0,0,0.0,False,"MobiMart SS Puram: 0 units of Pixel 9 Pro - expected demand 0.1/week, capital tied up Rs 0, expected gross profit Rs 0, ROI 0.00x"
TUM-02,MobiMart SS Puram,B11,Nokia 125 Power,budget,7999,0.0617,7505,near end-of-life,0.5238095238095238,1,1000,258.52006190476186,0.03444637733574442,0,0,0.0,False,"MobiMart SS Puram: 0 units of Nokia 125 Power - expected demand 0.5/week, capital tied up Rs 0, expected gross profit Rs 0, ROI 0.00x"
HOS-01,MobiMart Hosur Road,F04,Vivo X200,flagship,65999,0.1846,53816,near end-of-life,0.15200000000000002,1,1000,1851.8791408000002,0.03441131152073733,0,0,0.0,False,"MobiMart Hosur Road: 0 units of Vivo X200 - expected demand 0.2/week, capital tied up Rs 0, expected gross profit Rs 0, ROI 0.00x"
TUM-02,MobiMart SS Puram,B20,Nokia 3310 Max,budget,8999,0.0563,8492,ramping,1.15,2,1000,582.6402549999999,0.03430524346443711,0,0,0.0,False,"MobiMart SS Puram: 0 units of Nokia 3310 Max - expected demand 1.1/week, capital tied up Rs 0, expected gross profit Rs 0, ROI 0.00x"
HOS-01,MobiMart Hosur Road,F06,Xiaomi 15,flagship,64999,0.1837,53059,near end-of-life,0.15200000000000002,1,1000,1814.9280776000003,0.03420584778454174,0,0,0.0,False,"MobiMart Hosur Road: 0 units of Xiaomi 15 - expected demand 0.2/week, capital tied up Rs 0, expected gross profit Rs 0, ROI 0.00x"
TUM-01,MobiMart MG Road,F11,Samsung Galaxy S26,flagship,79999,0.1658,66735,near end-of-life,0.17200000000000001,1,1000,2281.3794824,0.034185651942758674,0,0,0.0,False,"MobiMart MG Road: 0 units of Samsung Galaxy S26 - expected demand 0.2/week, capital tied up Rs 0, expected gross profit Rs 0, ROI 0.00x"
BLR-02,MobiMart Koramangala,B19,Realme C76x,budget,13999,0.0587,13177,ramping,0.5476190476190476,1,1000,450.00118809523804,0.03415050376377309,0,0,0.0,False,"MobiMart Koramangala: 0 units of Realme C76x - expected demand 0.5/week, capital tied up Rs 0, expected gross profit Rs 0, ROI 0.00x"
MYS-01,MobiMart Devaraja Mohalla,B10,Nokia 3210 4G,budget,7499,0.0586,7060,near end-of-life,0.5476190476190477,1,1000,240.64648095238098,0.0340859038176177,0,0,0.0,False,"MobiMart Devaraja Mohalla: 0 units of Nokia 3210 4G - expected demand 0.5/week, capital tied up Rs 0, expected gross profit Rs 0, ROI 0.00x"
TUM-01,MobiMart MG Road,B10,Nokia 3210 4G,budget,7499,0.0586,7060,near end-of-life,0.5476190476190477,1,1000,240.64648095238098,0.0340859038176177,0,0,0.0,False,"MobiMart MG Road: 0 units of Nokia 3210 4G - expected demand 0.5/week, capital tied up Rs 0, expected gross profit Rs 0, ROI 0.00x"
MYS-01,MobiMart Devaraja Mohalla,F14,Vivo X210,flagship,69999,0.1731,57882,declining,0.16190476190476188,1,1000,1961.7719742857141,0.03389260865702143,0,0,0.0,False,"MobiMart Devaraja Mohalla: 0 units of Vivo X210 - expected demand 0.2/week, capital tied up Rs 0, expected gross profit Rs 0, ROI 0.00x"
HUB-01,MobiMart Vidya Nagar,F14,Vivo X210,flagship,69999,0.1731,57882,declining,0.16190476190476188,1,1000,1961.7719742857141,0.03389260865702143,0,0,0.0,False,"MobiMart Vidya Nagar: 0 units of Vivo X210 - expected demand 0.2/week, capital tied up Rs 0, expected gross profit Rs 0, ROI 0.00x"
BEL-02,MobiMart Tilakwadi,F07,iPhone 16 Pro,flagship,119900,0.1678,99781,near end-of-life,0.168,1,1000,3380.02896,0.03387447469959211,0,0,0.0,False,"MobiMart Tilakwadi: 0 units of iPhone 16 Pro - expected demand 0.2/week, capital tied up Rs 0, expected gross profit Rs 0, ROI 0.00x"
BEL-02,MobiMart Tilakwadi,M07,POCO X7 Pro,mid,26999,0.1145,23908,near end-of-life,0.2619047619047619,1,1000,809.6485833333334,0.03386517413975796,0,0,0.0,False,"MobiMart Tilakwadi: 0 units of POCO X7 Pro - expected demand 0.3/week, capital tied up Rs 0, expected gross profit Rs 0, ROI 0.00x"
HOS-01,MobiMart Hosur Road,M07,POCO X7 Pro,mid,26999,0.1145,23908,near end-of-life,0.2619047619047619,1,1000,809.6485833333334,0.03386517413975796,0,0,0.0,False,"MobiMart Hosur Road: 0 units of POCO X7 Pro - expected demand 0.3/week, capital tied up Rs 0, expected gross profit Rs 0, ROI 0.00x"
MYS-02,MobiMart Kuvempunagar,F02,iPhone 16,flagship,79900,0.1711,66229,near end-of-life,0.164,1,1000,2242.02596,0.033852631928611335,0,0,0.0,False,"MobiMart Kuvempunagar: 0 units of iPhone 16 - expected demand 0.2/week, capital tied up Rs 0, expected gross profit Rs 0, ROI 0.00x"
HOS-01,MobiMart Hosur Road,F01,Samsung Galaxy S25,flagship,74999,0.182,61349,near end-of-life,0.15200000000000002,1,1000,2074.7723360000005,0.03381917123343495,0,0,0.0,False,"MobiMart Hosur Road: 0 units of Samsung Galaxy S25 - expected demand 0.2/week, capital tied up Rs 0, expected gross profit Rs 0, ROI 0.00x"
BLR-03,MobiMart Indiranagar,F13,OnePlus 14,flagship,72999,0.1726,60399,declining,0.16190476190476188,1,1000,2039.939674285714,0.03377439484570463,0,0,0.0,False,"MobiMart Indiranagar: 0 units of OnePlus 14 - expected demand 0.2/week, capital tied up Rs 0, expected gross profit Rs 0, ROI 0.00x"
BLR-08,MobiMart Electronic City,F13,OnePlus 14,flagship,72999,0.1726,60399,declining,0.16190476190476188,1,1000,2039.939674285714,0.03377439484570463,0,0,0.0,False,"MobiMart Electronic City: 0 units of OnePlus 14 - expected demand 0.2/week, capital tied up Rs 0, expected gross profit Rs 0, ROI 0.00x"
HUB-02,MobiMart Gokul Road,F13,OnePlus 14,flagship,72999,0.1726,60399,declining,0.16190476190476188,1,1000,2039.939674285714,0.03377439484570463,0,0,0.0,False,"MobiMart Gokul Road: 0 units of OnePlus 14 - expected demand 0.2/week, capital tied up Rs 0, expected gross profit Rs 0, ROI 0.00x"
BEL-01,MobiMart Cantonment,F13,OnePlus 14,flagship,72999,0.1726,60399,declining,0.16190476190476188,1,1000,2039.939674285714,0.03377439484570463,0,0,0.0,False,"MobiMart Cantonment: 0 units of OnePlus 14 - expected demand 0.2/week, capital tied up Rs 0, expected gross profit Rs 0, ROI 0.00x"
TUM-02,MobiMart SS Puram,M05,Vivo V50e,mid,29999,0.1055,26834,near end-of-life,0.2857142857142857,1,1000,904.2555714285713,0.03369812817427783,0,0,0.0,False,"MobiMart SS Puram: 0 units of Vivo V50e - expected demand 0.3/week, capital tied up Rs 0, expected gross profit Rs 0, ROI 0.00x"
TUM-02,MobiMart SS Puram,F04,Vivo X200,flagship,65999,0.1846,53816,near end-of-life,0.148,1,1000,1803.1454791999997,0.033505750691244236,0,0,0.0,False,"MobiMart SS Puram: 0 units of Vivo X200 - expected demand 0.1/week, capital tied up Rs 0, expected gross profit Rs 0, ROI 0.00x"
KAL-01,MobiMart KCD Road,F02,iPhone 16,flagship,79900,0.1711,66229,near end-of-life,0.16200000000000003,1,1000,2214.6841800000007,0.03343979495387218,0,0,0.0,False,"MobiMart KCD Road: 0 units of iPhone 16 - expected demand 0.2/week, capital tied up Rs 0, expected gross profit Rs 0, ROI 0.00x"
BLR-02,MobiMart Koramangala,F05,Pixel 9 Pro,flagship,109999,0.1894,89165,near end-of-life,0.14285714285714285,1,1000,2976.2586571428574,0.033379225673110045,0,0,0.0,False,"MobiMart Koramangala: 0 units of Pixel 9 Pro - expected demand 0.1/week, capital tied up Rs 0, expected gross profit Rs 0, ROI 0.00x"
BLR-03,MobiMart Indiranagar,F05,Pixel 9 Pro,flagship,109999,0.1894,89165,near end-of-life,0.14285714285714285,1,1000,2976.2586571428574,0.033379225673110045,0,0,0.0,False,"MobiMart Indiranagar: 0 units of Pixel 9 Pro - expected demand 0.1/week, capital tied up Rs 0, expected gross profit Rs 0, ROI 0.00x"
TUM-02,MobiMart SS Puram,F06,Xiaomi 15,flagship,64999,0.1837,53059,near end-of-life,0.148,1,1000,1767.1668123999998,0.033305693895474844,0,0,0.0,False,"MobiMart SS Puram: 0 units of Xiaomi 15 - expected demand 0.1/week, capital tied up Rs 0, expected gross profit Rs 0, ROI 0.00x"
MYS-02,MobiMart Kuvempunagar,F09,OnePlus Open 2,flagship,119999,0.1886,97367,near end-of-life,0.14285714285714285,1,1000,3233.115914285714,0.03320545887503686,0,0,0.0,False,"MobiMart Kuvempunagar: 0 units of OnePlus Open 2 - expected demand 0.1/week, capital tied up Rs 0, expected gross profit Rs 0, ROI 0.00x"
TUM-02,MobiMart SS Puram,F09,OnePlus Open 2,flagship,119999,0.1886,97367,near end-of-life,0.14285714285714285,1,1000,3233.115914285714,0.03320545887503686,0,0,0.0,False,"MobiMart SS Puram: 0 units of OnePlus Open 2 - expected demand 0.1/week, capital tied up Rs 0, expected gross profit Rs 0, ROI 0.00x"
BEL-01,MobiMart Cantonment,F09,OnePlus Open 2,flagship,119999,0.1886,97367,near end-of-life,0.14285714285714285,1,1000,3233.115914285714,0.03320545887503686,0,0,0.0,False,"MobiMart Cantonment: 0 units of OnePlus Open 2 - expected demand 0.1/week, capital tied up Rs 0, expected gross profit Rs 0, ROI 0.00x"
HUB-01,MobiMart Vidya Nagar,B02,Samsung Galaxy M05,budget,8999,0.0615,8446,near end-of-life,1.01,2,1000,558.972885,0.03309098300970874,0,0,0.0,False,"MobiMart Vidya Nagar: 0 units of Samsung Galaxy M05 - expected demand 1.0/week, capital tied up Rs 0, expected gross profit Rs 0, ROI 0.00x"
MYS-02,MobiMart Kuvempunagar,F07,iPhone 16 Pro,flagship,119900,0.1678,99781,near end-of-life,0.164,1,1000,3299.5520800000004,0.03306793958769706,0,0,0.0,False,"MobiMart Kuvempunagar: 0 units of iPhone 16 Pro - expected demand 0.2/week, capital tied up Rs 0, expected gross profit Rs 0, ROI 0.00x"
HUB-02,MobiMart Gokul Road,B12,Samsung Galaxy M06,budget,9999,0.0569,9430,near end-of-life,0.5476190476190477,1,1000,311.5640785714286,0.03303966898954704,0,0,0.0,False,"MobiMart Gokul Road: 0 units of Samsung Galaxy M06 - expected demand 0.5/week, capital tied up Rs 0, expected gross profit Rs 0, ROI 0.00x"
DAV-02,MobiMart MCC B Block,M15,Vivo V51e,mid,30999,0.1402,26653,declining,0.20238095238095236,1,1000,879.5597214285713,0.033000402259729535,0,0,0.0,False,"MobiMart MCC B Block: 0 units of Vivo V51e - expected demand 0.2/week, capital tied up Rs 0, expected gross profit Rs 0, ROI 0.00x"
TUM-02,MobiMart SS Puram,B13,Redmi A6,budget,8999,0.055,8504,declining,1.1333333333333333,2,1000,560.9376666666667,0.03298081295076827,0,0,0.0,False,"MobiMart SS Puram: 0 units of Redmi A6 - expected demand 1.1/week, capital tied up Rs 0, expected gross profit Rs 0, ROI 0.00x"
UDU-01,MobiMart Udupi Main Road,B13,Redmi A6,budget,8999,0.055,8504,declining,1.1333333333333333,2,1000,560.9376666666667,0.03298081295076827,0,0,0.0,False,"MobiMart Udupi Main Road: 0 units of Redmi A6 - expected demand 1.1/week, capital tied up Rs 0, expected gross profit Rs 0, ROI 0.00x"
BLR-01,MobiMart Jayanagar,M09,Samsung Galaxy A36,mid,32999,0.1474,28135,near end-of-life,0.19047619047619047,1,1000,926.4862095238095,0.03293002344140073,0,0,0.0,False,"MobiMart Jayanagar: 0 units of Samsung Galaxy A36 - expected demand 0.2/week, capital tied up Rs 0, expected gross profit Rs 0, ROI 0.00x"
TUM-02,MobiMart SS Puram,F01,Samsung Galaxy S25,flagship,74999,0.182,61349,near end-of-life,0.148,1,1000,2020.1730639999998,0.03292919304308138,0,0,0.0,False,"MobiMart SS Puram: 0 units of Samsung Galaxy S25 - expected demand 0.1/week, capital tied up Rs 0, expected gross profit Rs 0, ROI 0.00x"
HUB-01,MobiMart Vidya Nagar,B11,Nokia 125 Power,budget,7999,0.0617,7505,near end-of-life,0.5,1,1000,246.76915,0.032880632911392406,0,0,0.0,False,"MobiMart Vidya Nagar: 0 units of Nokia 125 Power - expected demand 0.5/week, capital tied up Rs 0, expected gross profit Rs 0, ROI 0.00x"
TUM-02,MobiMart SS Puram,F12,iPhone 17 Pro,flagship,124900,0.213,98296,declining,0.12142857142857141,1,1000,3230.449285714285,0.03286450400539478,0,0,0.0,False,"MobiMart SS Puram: 0 units of iPhone 17 Pro - expected demand 0.1/week, capital tied up Rs 0, expected gross profit Rs 0, ROI 0.00x"
BEL-01,MobiMart Cantonment,F12,iPhone 17 Pro,flagship,124900,0.213,98296,declining,0.12142857142857141,1,1000,3230.449285714285,0.03286450400539478,0,0,0.0,False,"MobiMart Cantonment: 0 units of iPhone 17 Pro - expected demand 0.1/week, capital tied up Rs 0, expected gross profit Rs 0, ROI 0.00x"
BLR-07,MobiMart Yelahanka,B05,Moto G15 Play,budget,10999,0.0793,10127,near end-of-life,0.38095238095238093,1,1000,332.27455238095234,0.03281075860382664,0,0,0.0,False,"MobiMart Yelahanka: 0 units of Moto G15 Play - expected demand 0.4/week, capital tied up Rs 0, expected gross profit Rs 0, ROI 0.00x"
SHI-01,MobiMart Vidya Nagar,B20,Nokia 3310 Max,budget,8999,0.0563,8492,ramping,0.5476190476190476,1,1000,277.44774047619046,0.03267166044232106,0,0,0.0,False,"MobiMart Vidya Nagar: 0 units of Nokia 3310 Max - expected demand 0.5/week, capital tied up Rs 0, expected gross profit Rs 0, ROI 0.00x"
KAL-01,MobiMart KCD Road,F07,iPhone 16 Pro,flagship,119900,0.1678,99781,near end-of-life,0.16200000000000003,1,1000,3259.3136400000008,0.03266467203174954,0,0,0.0,False,"MobiMart KCD Road: 0 units of iPhone 16 Pro - expected demand 0.2/week, capital tied up Rs 0, expected gross profit Rs 0, ROI 0.00x"
TUM-01,MobiMart MG Road,M10,OnePlus Nord 5,mid,29999,0.1463,25610,near end-of-life,0.19047619047619047,1,1000,835.9721333333333,0.032642410516725236,0,0,0.0,False,"MobiMart MG Road: 0 units of OnePlus Nord 5 - expected demand 0.2/week, capital tied up Rs 0, expected gross profit Rs 0, ROI 0.00x"
DAV-02,MobiMart MCC B Block,F02,iPhone 16,flagship,79900,0.1711,66229,near end-of-life,0.15800000000000003,1,1000,2160.0006200000003,0.03261412100439385,0,0,0.0,False,"MobiMart MCC B Block: 0 units of iPhone 16 - expected demand 0.2/week, capital tied up Rs 0, expected gross profit Rs 0, ROI 0.00x"
HUB-02,MobiMart Gokul Road,B10,Nokia 3210 4G,budget,7499,0.0586,7060,near end-of-life,0.5238095238095238,1,1000,230.1835904761905,0.03260390799946041,0,0,0.0,False,"MobiMart Gokul Road: 0 units of Nokia 3210 4G - expected demand 0.5/week, capital tied up Rs 0, expected gross profit Rs 0, ROI 0.00x"
DAV-01,MobiMart PJ Extension,B10,Nokia 3210 4G,budget,7499,0.0586,7060,near end-of-life,0.5238095238095238,1,1000,230.1835904761905,0.03260390799946041,0,0,0.0,False,"MobiMart PJ Extension: 0 units of Nokia 3210 4G - expected demand 0.5/week, capital tied up Rs 0, expected gross profit Rs 0, ROI 0.00x"
MYS-02,MobiMart Kuvempunagar,F11,Samsung Galaxy S26,flagship,79999,0.1658,66735,near end-of-life,0.164,1,1000,2175.2688088000004,0.03259562161983967,0,0,0.0,False,"MobiMart Kuvempunagar: 0 units of Samsung Galaxy S26 - expected demand 0.2/week, capital tied up Rs 0, expected gross profit Rs 0, ROI 0.00x"
KOL-01,MobiMart Station Road,M16,Motorola Edge 70 Fusion,mid,23999,0.1383,20680,declining,0.20238095238095236,1,1000,671.7148678571427,0.03248137658883669,0,0,0.0,False,"MobiMart Station Road: 0 units of Motorola Edge 70 Fusion - expected demand 0.2/week, capital tied up Rs 0, expected gross profit Rs 0, ROI 0.00x"
BLR-05,MobiMart Malleshwaram,B09,Realme C75x,budget,12999,0.0703,12085,near end-of-life,0.42857142857142855,1,1000,391.6413,0.032407223831195694,0,0,0.0,False,"MobiMart Malleshwaram: 0 units of Realme C75x - expected demand 0.4/week, capital tied up Rs 0, expected gross profit Rs 0, ROI 0.00x"
UDU-01,MobiMart Udupi Main Road,B09,Realme C75x,budget,12999,0.0703,12085,near end-of-life,0.42857142857142855,1,1000,391.6413,0.032407223831195694,0,0,0.0,False,"MobiMart Udupi Main Road: 0 units of Realme C75x - expected demand 0.4/week, capital tied up Rs 0, expected gross profit Rs 0, ROI 0.00x"
KAL-01,MobiMart KCD Road,B08,Samsung Galaxy F06,budget,10499,0.0776,9684,near end-of-life,0.38095238095238093,1,1000,310.37043809523806,0.03204981806022698,0,0,0.0,False,"MobiMart KCD Road: 0 units of Samsung Galaxy F06 - expected demand 0.4/week, capital tied up Rs 0, expected gross profit Rs 0, ROI 0.00x"
HOS-01,MobiMart Hosur Road,B08,Samsung Galaxy F06,budget,10499,0.0776,9684,near end-of-life,0.38095238095238093,1,1000,310.37043809523806,0.03204981806022698,0,0,0.0,False,"MobiMart Hosur Road: 0 units of Samsung Galaxy F06 - expected demand 0.4/week, capital tied up Rs 0, expected gross profit Rs 0, ROI 0.00x"
DAV-02,MobiMart MCC B Block,F07,iPhone 16 Pro,flagship,119900,0.1678,99781,near end-of-life,0.15800000000000003,1,1000,3178.8367600000006,0.031858136919854486,0,0,0.0,False,"MobiMart MCC B Block: 0 units of iPhone 16 Pro - expected demand 0.2/week, capital tied up Rs 0, expected gross profit Rs 0, ROI 0.00x"
KOL-01,MobiMart Station Road,F05,Pixel 9 Pro,flagship,109999,0.1894,89165,near end-of-life,0.136,1,1000,2833.3982416000003,0.031777022840800764,0,0,0.0,False,"MobiMart Station Road: 0 units of Pixel 9 Pro - expected demand 0.1/week, capital tied up Rs 0, expected gross profit Rs 0, ROI 0.00x"
DAV-01,MobiMart PJ Extension,B07,POCO C75,budget,11999,0.0595,11285,near end-of-life,0.5,1,1000,356.97024999999996,0.031632277359326534,0,0,0.0,False,"MobiMart PJ Extension: 0 units of POCO C75 - expected demand 0.5/week, capital tied up Rs 0, expected gross profit Rs 0, ROI 0.00x"
UDU-01,MobiMart Udupi Main Road,B07,POCO C75,budget,11999,0.0595,11285,near end-of-life,0.5,1,1000,356.97024999999996,0.031632277359326534,0,0,0.0,False,"MobiMart Udupi Main Road: 0 units of POCO C75 - expected demand 0.5/week, capital tied up Rs 0, expected gross profit Rs 0, ROI 0.00x"
KOL-01,MobiMart Station Road,F09,OnePlus Open 2,flagship,119999,0.1886,97367,near end-of-life,0.136,1,1000,3077.9263504,0.0316115968490351,0,0,0.0,False,"MobiMart Station Road: 0 units of OnePlus Open 2 - expected demand 0.1/week, capital tied up Rs 0, expected gross profit Rs 0, ROI 0.00x"
BLR-03,MobiMart Indiranagar,B14,Realme Note 70,budget,10499,0.0546,9926,declining,1.092857142857143,2,1000,626.4753300000001,0.03155729044932501,0,0,0.0,False,"MobiMart Indiranagar: 0 units of Realme Note 70 - expected demand 1.1/week, capital tied up Rs 0, expected gross profit Rs 0, ROI 0.00x"
HOS-01,MobiMart Hosur Road,F02,iPhone 16,flagship,79900,0.1711,66229,near end-of-life,0.15200000000000002,1,1000,2077.97528,0.03137561008017636,0,0,0.0,False,"MobiMart Hosur Road: 0 units of iPhone 16 - expected demand 0.2/week, capital tied up Rs 0, expected gross profit Rs 0, ROI 0.00x"
HUB-02,MobiMart Gokul Road,F16,Xiaomi 16,flagship,67999,0.2027,54216,declining,0.12142857142857141,1,1000,1673.6982435714285,0.030870928205168742,0,0,0.0,False,"MobiMart Gokul Road: 0 units of Xiaomi 16 - expected demand 0.1/week, capital tied up Rs 0, expected gross profit Rs 0, ROI 0.00x"
KAL-01,MobiMart KCD Road,F16,Xiaomi 16,flagship,67999,0.2027,54216,declining,0.12142857142857141,1,1000,1673.6982435714285,0.030870928205168742,0,0,0.0,False,"MobiMart KCD Road: 0 units of Xiaomi 16 - expected demand 0.1/week, capital tied up Rs 0, expected gross profit Rs 0, ROI 0.00x"
UDU-01,MobiMart Udupi Main Road,F16,Xiaomi 16,flagship,67999,0.2027,54216,declining,0.12142857142857141,1,1000,1673.6982435714285,0.030870928205168742,0,0,0.0,False,"MobiMart Udupi Main Road: 0 units of Xiaomi 16 - expected demand 0.1/week, capital tied up Rs 0, expected gross profit Rs 0, ROI 0.00x"
KOL-01,MobiMart Station Road,F04,Vivo X200,flagship,65999,0.1846,53816,near end-of-life,0.136,1,1000,1656.9444944000002,0.03078906820276498,0,0,0.0,False,"MobiMart Station Road: 0 units of Vivo X200 - expected demand 0.1/week, capital tied up Rs 0, expected gross profit Rs 0, ROI 0.00x"
HUB-02,MobiMart Gokul Road,M07,POCO X7 Pro,mid,26999,0.1145,23908,near end-of-life,0.23809523809523808,1,1000,736.0441666666667,0.03078652194523451,0,0,0.0,False,"MobiMart Gokul Road: 0 units of POCO X7 Pro - expected demand 0.2/week, capital tied up Rs 0, expected gross profit Rs 0, ROI 0.00x"
HOS-01,MobiMart Hosur Road,F07,iPhone 16 Pro,flagship,119900,0.1678,99781,near end-of-life,0.15200000000000002,1,1000,3058.1214400000003,0.03064833425201191,0,0,0.0,False,"MobiMart Hosur Road: 0 units of iPhone 16 Pro - expected demand 0.2/week, capital tied up Rs 0, expected gross profit Rs 0, ROI 0.00x"
KOL-01,MobiMart Station Road,F06,Xiaomi 15,flagship,64999,0.1837,53059,near end-of-life,0.136,1,1000,1623.8830168000002,0.030605232228274187,0,0,0.0,False,"MobiMart Station Road: 0 units of Xiaomi 15 - expected demand 0.1/week, capital tied up Rs 0, expected gross profit Rs 0, ROI 0.00x"
BLR-04,MobiMart Whitefield,M06,Motorola Edge 60 Fusion,mid,22999,0.1248,20129,near end-of-life,0.21428571428571427,1,1000,615.0589714285713,0.030555863253443855,0,0,0.0,False,"MobiMart Whitefield: 0 units of Motorola Edge 60 Fusion - expected demand 0.2/week, capital tied up Rs 0, expected gross profit Rs 0, ROI 0.00x"
HUB-01,MobiMart Vidya Nagar,M06,Motorola Edge 60 Fusion,mid,22999,0.1248,20129,near end-of-life,0.21428571428571427,1,1000,615.0589714285713,0.030555863253443855,0,0,0.0,False,"MobiMart Vidya Nagar: 0 units of Motorola Edge 60 Fusion - expected demand 0.2/week, capital tied up Rs 0, expected gross profit Rs 0, ROI 0.00x"
TUM-02,MobiMart SS Puram,F02,iPhone 16,flagship,79900,0.1711,66229,near end-of-life,0.148,1,1000,2023.29172,0.030549936130698032,0,0,0.0,False,"MobiMart SS Puram: 0 units of iPhone 16 - expected demand 0.1/week, capital tied up Rs 0, expected gross profit Rs 0, ROI 0.00x"
BLR-05,MobiMart Malleshwaram,F17,iPhone 17 Pro Max,flagship,139900,0.2178,109430,ramping,0.10952380952380951,1,1000,3337.2145714285707,0.030496340778841002,0,0,0.0,False,"MobiMart Malleshwaram: 0 units of iPhone 17 Pro Max - expected demand 0.1/week, capital tied up Rs 0, expected gross profit Rs 0, ROI 0.00x"
DAV-02,MobiMart MCC B Block,F17,iPhone 17 Pro Max,flagship,139900,0.2178,109430,ramping,0.10952380952380951,1,1000,3337.2145714285707,0.030496340778841002,0,0,0.0,False,"MobiMart MCC B Block: 0 units of iPhone 17 Pro Max - expected demand 0.1/week, capital tied up Rs 0, expected gross profit Rs 0, ROI 0.00x"
KAL-01,MobiMart KCD Road,F17,iPhone 17 Pro Max,flagship,139900,0.2178,109430,ramping,0.10952380952380951,1,1000,3337.2145714285707,0.030496340778841002,0,0,0.0,False,"MobiMart KCD Road: 0 units of iPhone 17 Pro Max - expected demand 0.1/week, capital tied up Rs 0, expected gross profit Rs 0, ROI 0.00x"
TUM-01,MobiMart MG Road,M11,Samsung Galaxy A27,mid,23999,0.138,20687,near end-of-life,0.19047619047619047,1,1000,630.8308571428572,0.030494071501080737,0,0,0.0,False,"MobiMart MG Road: 0 units of Samsung Galaxy A27 - expected demand 0.2/week, capital tied up Rs 0, expected gross profit Rs 0, ROI 0.00x"
DAV-02,MobiMart MCC B Block,M11,Samsung Galaxy A27,mid,23999,0.138,20687,near end-of-life,0.19047619047619047,1,1000,630.8308571428572,0.030494071501080737,0,0,0.0,False,"MobiMart MCC B Block: 0 units of Samsung Galaxy A27 - expected demand 0.2/week, capital tied up Rs 0, expected gross profit Rs 0, ROI 0.00x"
HOS-01,MobiMart Hosur Road,M11,Samsung Galaxy A27,mid,23999,0.138,20687,near end-of-life,0.19047619047619047,1,1000,630.8308571428572,0.030494071501080737,0,0,0.0,False,"MobiMart Hosur Road: 0 units of Samsung Galaxy A27 - expected demand 0.2/week, capital tied up Rs 0, expected gross profit Rs 0, ROI 0.00x"
BLR-01,MobiMart Jayanagar,M08,Nothing Phone (3a),mid,27999,0.1243,24519,near end-of-life,0.21428571428571427,1,1000,745.7733642857141,0.030416141126706396,0,0,0.0,False,"MobiMart Jayanagar: 0 units of Nothing Phone (3a) - expected demand 0.2/week, capital tied up Rs 0, expected gross profit Rs 0, ROI 0.00x"
BEL-01,MobiMart Cantonment,M08,Nothing Phone (3a),mid,27999,0.1243,24519,near end-of-life,0.21428571428571427,1,1000,745.7733642857141,0.030416141126706396,0,0,0.0,False,"MobiMart Cantonment: 0 units of Nothing Phone (3a) - expected demand 0.2/week, capital tied up Rs 0, expected gross profit Rs 0, ROI 0.00x"
SHI-01,MobiMart Vidya Nagar,M08,Nothing Phone (3a),mid,27999,0.1243,24519,near end-of-life,0.21428571428571427,1,1000,745.7733642857141,0.030416141126706396,0,0,0.0,False,"MobiMart Vidya Nagar: 0 units of Nothing Phone (3a) - expected demand 0.2/week, capital tied up Rs 0, expected gross profit Rs 0, ROI 0.00x"
MYS-01,MobiMart Devaraja Mohalla,F15,Pixel 10 Pro,flagship,114999,0.1999,92011,declining,0.12142857142857141,1,1000,2791.4364407142853,0.030338073064245418,0,0,0.0,False,"MobiMart Devaraja Mohalla: 0 units of Pixel 10 Pro - expected demand 0.1/week, capital tied up Rs 0, expected gross profit Rs 0, ROI 0.00x"
KOL-01,MobiMart Station Road,F01,Samsung Galaxy S25,flagship,74999,0.182,61349,near end-of-life,0.136,1,1000,1856.3752480000003,0.03025925847202074,0,0,0.0,False,"MobiMart Station Road: 0 units of Samsung Galaxy S25 - expected demand 0.1/week, capital tied up Rs 0, expected gross profit Rs 0, ROI 0.00x"
HOS-01,MobiMart Hosur Road,F11,Samsung Galaxy S26,flagship,79999,0.1658,66735,near end-of-life,0.15200000000000002,1,1000,2016.1027984000004,0.03021057613546116,0,0,0.0,False,"MobiMart Hosur Road: 0 units of Samsung Galaxy S26 - expected demand 0.2/week, capital tied up Rs 0, expected gross profit Rs 0, ROI 0.00x"
TUM-01,MobiMart MG Road,B12,Samsung Galaxy M06,budget,9999,0.0569,9430,near end-of-life,0.5,1,1000,284.47155,0.030166654294803814,0,0,0.0,False,"MobiMart MG Road: 0 units of Samsung Galaxy M06 - expected demand 0.5/week, capital tied up Rs 0, expected gross profit Rs 0, ROI 0.00x"
DAV-02,MobiMart MCC B Block,B12,Samsung Galaxy M06,budget,9999,0.0569,9430,near end-of-life,0.5,1,1000,284.47155,0.030166654294803814,0,0,0.0,False,"MobiMart MCC B Block: 0 units of Samsung Galaxy M06 - expected demand 0.5/week, capital tied up Rs 0, expected gross profit Rs 0, ROI 0.00x"
SHI-01,MobiMart Vidya Nagar,B12,Samsung Galaxy M06,budget,9999,0.0569,9430,near end-of-life,0.5,1,1000,284.47155,0.030166654294803814,0,0,0.0,False,"MobiMart Vidya Nagar: 0 units of Samsung Galaxy M06 - expected demand 0.5/week, capital tied up Rs 0, expected gross profit Rs 0, ROI 0.00x"
TUM-02,MobiMart SS Puram,F07,iPhone 16 Pro,flagship,119900,0.1678,99781,near end-of-life,0.148,1,1000,2977.64456,0.029841799140116858,0,0,0.0,False,"MobiMart SS Puram: 0 units of iPhone 16 Pro - expected demand 0.1/week, capital tied up Rs 0, expected gross profit Rs 0, ROI 0.00x"
HOS-01,MobiMart Hosur Road,B10,Nokia 3210 4G,budget,7499,0.0586,7060,near end-of-life,0.47619047619047616,1,1000,209.2578095238095,0.02963991636314582,0,0,0.0,False,"MobiMart Hosur Road: 0 units of Nokia 3210 4G - expected demand 0.5/week, capital tied up Rs 0, expected gross profit Rs 0, ROI 0.00x"
BLR-03,MobiMart Indiranagar,F02,iPhone 16,flagship,79900,0.1711,66229,near end-of-life,0.14285714285714285,1,1000,1952.9842857142858,0.029488355338511615,0,0,0.0,False,"MobiMart Indiranagar: 0 units of iPhone 16 - expected demand 0.1/week, capital tied up Rs 0, expected gross profit Rs 0, ROI 0.00x"
MAN-02,MobiMart Kottara,B04,Realme Note 60,budget,9499,0.0751,8786,near end-of-life,0.35714285714285715,1,1000,254.77675,0.02899803664921466,0,0,0.0,False,"MobiMart Kottara: 0 units of Realme Note 60 - expected demand 0.4/week, capital tied up Rs 0, expected gross profit Rs 0, ROI 0.00x"
BLR-04,MobiMart Whitefield,F07,iPhone 16 Pro,flagship,119900,0.1678,99781,near end-of-life,0.14285714285714285,1,1000,2874.174285714286,0.02880482542482322,0,0,0.0,False,"MobiMart Whitefield: 0 units of iPhone 16 Pro - expected demand 0.1/week, capital tied up Rs 0, expected gross profit Rs 0, ROI 0.00x"
MAN-01,MobiMart Court Road,F07,iPhone 16 Pro,flagship,119900,0.1678,99781,near end-of-life,0.14285714285714285,1,1000,2874.174285714286,0.02880482542482322,0,0,0.0,False,"MobiMart Court Road: 0 units of iPhone 16 Pro - expected demand 0.1/week, capital tied up Rs 0, expected gross profit Rs 0, ROI 0.00x"
TUM-01,MobiMart MG Road,B05,Moto G15 Play,budget,10999,0.0793,10127,near end-of-life,0.3333333333333333,1,1000,290.74023333333326,0.028709413778348302,0,0,0.0,False,"MobiMart MG Road: 0 units of Moto G15 Play - expected demand 0.3/week, capital tied up Rs 0, expected gross profit Rs 0, ROI 0.00x"
BLR-06,MobiMart Rajajinagar,M10,OnePlus Nord 5,mid,29999,0.1463,25610,near end-of-life,0.16666666666666666,1,1000,731.4756166666667,0.028562109202134586,0,0,0.0,False,"MobiMart Rajajinagar: 0 units of OnePlus Nord 5 - expected demand 0.2/week, capital tied up Rs 0, expected gross profit Rs 0, ROI 0.00x"
BLR-05,MobiMart Malleshwaram,F11,Samsung Galaxy S26,flagship,79999,0.1658,66735,near end-of-life,0.14285714285714285,1,1000,1894.833457142857,0.028393398623553712,0,0,0.0,False,"MobiMart Malleshwaram: 0 units of Samsung Galaxy S26 - expected demand 0.1/week, capital tied up Rs 0, expected gross profit Rs 0, ROI 0.00x"
BEL-02,MobiMart Tilakwadi,F11,Samsung Galaxy S26,flagship,79999,0.1658,66735,near end-of-life,0.14285714285714285,1,1000,1894.833457142857,0.028393398623553712,0,0,0.0,False,"MobiMart Tilakwadi: 0 units of Samsung Galaxy S26 - expected demand 0.1/week, capital tied up Rs 0, expected gross profit Rs 0, ROI 0.00x"
UDU-01,MobiMart Udupi Main Road,F11,Samsung Galaxy S26,flagship,79999,0.1658,66735,near end-of-life,0.14285714285714285,1,1000,1894.833457142857,0.028393398623553712,0,0,0.0,False,"MobiMart Udupi Main Road: 0 units of Samsung Galaxy S26 - expected demand 0.1/week, capital tied up Rs 0, expected gross profit Rs 0, ROI 0.00x"
BLR-03,MobiMart Indiranagar,B13,Redmi A6,budget,8999,0.055,8504,declining,0.48571428571428565,1,1000,240.4018571428571,0.028269268243515652,0,0,0.0,False,"MobiMart Indiranagar: 0 units of Redmi A6 - expected demand 0.5/week, capital tied up Rs 0, expected gross profit Rs 0, ROI 0.00x"
BLR-03,MobiMart Indiranagar,B11,Nokia 125 Power,budget,7999,0.0617,7505,near end-of-life,0.42857142857142855,1,1000,211.51641428571426,0.028183399638336343,0,0,0.0,False,"MobiMart Indiranagar: 0 units of Nokia 125 Power - expected demand 0.4/week, capital tied up Rs 0, expected gross profit Rs 0, ROI 0.00x"
BLR-05,MobiMart Malleshwaram,B11,Nokia 125 Power,budget,7999,0.0617,7505,near end-of-life,0.42857142857142855,1,1000,211.51641428571426,0.028183399638336343,0,0,0.0,False,"MobiMart Malleshwaram: 0 units of Nokia 125 Power - expected demand 0.4/week, capital tied up Rs 0, expected gross profit Rs 0, ROI 0.00x"
KOL-01,MobiMart Station Road,F02,iPhone 16,flagship,79900,0.1711,66229,near end-of-life,0.136,1,1000,1859.2410400000003,0.02807291428226306,0,0,0.0,False,"MobiMart Station Road: 0 units of iPhone 16 - expected demand 0.1/week, capital tied up Rs 0, expected gross profit Rs 0, ROI 0.00x"
DAV-01,MobiMart PJ Extension,B08,Samsung Galaxy F06,budget,10499,0.0776,9684,near end-of-life,0.3333333333333333,1,1000,271.57413333333335,0.028043590802698613,0,0,0.0,False,"MobiMart PJ Extension: 0 units of Samsung Galaxy F06 - expected demand 0.3/week, capital tied up Rs 0, expected gross profit Rs 0, ROI 0.00x"
MAN-01,MobiMart Court Road,F05,Pixel 9 Pro,flagship,109999,0.1894,89165,near end-of-life,0.11904761904761904,1,1000,2480.215547619048,0.027816021394258372,0,0,0.0,False,"MobiMart Court Road: 0 units of Pixel 9 Pro - expected demand 0.1/week, capital tied up Rs 0, expected gross profit Rs 0, ROI 0.00x"
BLR-02,MobiMart Koramangala,M07,POCO X7 Pro,mid,26999,0.1145,23908,near end-of-life,0.21428571428571427,1,1000,662.43975,0.02770786975071106,0,0,0.0,False,"MobiMart Koramangala: 0 units of POCO X7 Pro - expected demand 0.2/week, capital tied up Rs 0, expected gross profit Rs 0, ROI 0.00x"
MYS-02,MobiMart Kuvempunagar,M07,POCO X7 Pro,mid,26999,0.1145,23908,near end-of-life,0.21428571428571427,1,1000,662.43975,0.02770786975071106,0,0,0.0,False,"MobiMart Kuvempunagar: 0 units of POCO X7 Pro - expected demand 0.2/week, capital tied up Rs 0, expected gross profit Rs 0, ROI 0.00x"
KOL-01,MobiMart Station Road,F07,iPhone 16 Pro,flagship,119900,0.1678,99781,near end-of-life,0.136,1,1000,2736.21392,0.027422193804431706,0,0,0.0,False,"MobiMart Station Road: 0 units of iPhone 16 Pro - expected demand 0.1/week, capital tied up Rs 0, expected gross profit Rs 0, ROI 0.00x"
MYS-02,MobiMart Kuvempunagar,M18,Nothing Phone (4a),mid,29999,0.1426,25721,ramping,0.16428571428571426,1,1000,702.7908585714285,0.027323621110043488,0,0,0.0,False,"MobiMart Kuvempunagar: 0 units of Nothing Phone (4a) - expected demand 0.2/week, capital tied up Rs 0, expected gross profit Rs 0, ROI 0.00x"
BLR-05,MobiMart Malleshwaram,B04,Realme Note 60,budget,9499,0.0751,8786,near end-of-life,0.3333333333333333,1,1000,237.79163333333332,0.027064834205933683,0,0,0.0,False,"MobiMart Malleshwaram: 0 units of Realme Note 60 - expected demand 0.3/week, capital tied up Rs 0, expected gross profit Rs 0, ROI 0.00x"
DAV-01,MobiMart PJ Extension,B04,Realme Note 60,budget,9499,0.0751,8786,near end-of-life,0.3333333333333333,1,1000,237.79163333333332,0.027064834205933683,0,0,0.0,False,"MobiMart PJ Extension: 0 units of Realme Note 60 - expected demand 0.3/week, capital tied up Rs 0, expected gross profit Rs 0, ROI 0.00x"
KAL-01,MobiMart KCD Road,B04,Realme Note 60,budget,9499,0.0751,8786,near end-of-life,0.3333333333333333,1,1000,237.79163333333332,0.027064834205933683,0,0,0.0,False,"MobiMart KCD Road: 0 units of Realme Note 60 - expected demand 0.3/week, capital tied up Rs 0, expected gross profit Rs 0, ROI 0.00x"
BEL-02,MobiMart Tilakwadi,M08,Nothing Phone (3a),mid,27999,0.1243,24519,near end-of-life,0.19047619047619047,1,1000,662.9096571428571,0.02703656989040569,0,0,0.0,False,"MobiMart Tilakwadi: 0 units of Nothing Phone (3a) - expected demand 0.2/week, capital tied up Rs 0, expected gross profit Rs 0, ROI 0.00x"
KOL-01,MobiMart Station Road,F11,Samsung Galaxy S26,flagship,79999,0.1658,66735,near end-of-life,0.136,1,1000,1803.8814512000004,0.027030515489623142,0,0,0.0,False,"MobiMart Station Road: 0 units of Samsung Galaxy S26 - expected demand 0.1/week, capital tied up Rs 0, expected gross profit Rs 0, ROI 0.00x"
BLR-03,MobiMart Indiranagar,B09,Realme C75x,budget,12999,0.0703,12085,near end-of-life,0.35714285714285715,1,1000,326.36775,0.02700601985932975,0,0,0.0,False,"MobiMart Indiranagar: 0 units of Realme C75x - expected demand 0.4/week, capital tied up Rs 0, expected gross profit Rs 0, ROI 0.00x"
DAV-02,MobiMart MCC B Block,B09,Realme C75x,budget,12999,0.0703,12085,near end-of-life,0.35714285714285715,1,1000,326.36775,0.02700601985932975,0,0,0.0,False,"MobiMart MCC B Block: 0 units of Realme C75x - expected demand 0.4/week, capital tied up Rs 0, expected gross profit Rs 0, ROI 0.00x"
HOS-01,MobiMart Hosur Road,B09,Realme C75x,budget,12999,0.0703,12085,near end-of-life,0.35714285714285715,1,1000,326.36775,0.02700601985932975,0,0,0.0,False,"MobiMart Hosur Road: 0 units of Realme C75x - expected demand 0.4/week, capital tied up Rs 0, expected gross profit Rs 0, ROI 0.00x"
BLR-04,MobiMart Whitefield,F06,Xiaomi 15,flagship,64999,0.1837,53059,near end-of-life,0.11904761904761904,1,1000,1421.4662261904762,0.0267902943174669,0,0,0.0,False,"MobiMart Whitefield: 0 units of Xiaomi 15 - expected demand 0.1/week, capital tied up Rs 0, expected gross profit Rs 0, ROI 0.00x"
MAN-01,MobiMart Court Road,F06,Xiaomi 15,flagship,64999,0.1837,53059,near end-of-life,0.11904761904761904,1,1000,1421.4662261904762,0.0267902943174669,0,0,0.0,False,"MobiMart Court Road: 0 units of Xiaomi 15 - expected demand 0.1/week, capital tied up Rs 0, expected gross profit Rs 0, ROI 0.00x"
TUM-02,MobiMart SS Puram,M11,Samsung Galaxy A27,mid,23999,0.138,20687,near end-of-life,0.16666666666666666,1,1000,551.977,0.02668231256344564,0,0,0.0,False,"MobiMart SS Puram: 0 units of Samsung Galaxy A27 - expected demand 0.2/week, capital tied up Rs 0, expected gross profit Rs 0, ROI 0.00x"
BLR-08,MobiMart Electronic City,B10,Nokia 3210 4G,budget,7499,0.0586,7060,near end-of-life,0.42857142857142855,1,1000,188.33202857142857,0.02667592472683124,0,0,0.0,False,"MobiMart Electronic City: 0 units of Nokia 3210 4G - expected demand 0.4/week, capital tied up Rs 0, expected gross profit Rs 0, ROI 0.00x"
BLR-02,MobiMart Koramangala,F08,Samsung Galaxy Z Flip7,flagship,99999,0.2188,78119,near end-of-life,0.09523809523809523,1,1000,2083.7886857142853,0.026674543782105316,0,0,0.0,False,"MobiMart Koramangala: 0 units of Samsung Galaxy Z Flip7 - expected demand 0.1/week, capital tied up Rs 0, expected gross profit Rs 0, ROI 0.00x"
BLR-04,MobiMart Whitefield,F08,Samsung Galaxy Z Flip7,flagship,99999,0.2188,78119,near end-of-life,0.09523809523809523,1,1000,2083.7886857142853,0.026674543782105316,0,0,0.0,False,"MobiMart Whitefield: 0 units of Samsung Galaxy Z Flip7 - expected demand 0.1/week, capital tied up Rs 0, expected gross profit Rs 0, ROI 0.00x"
HUB-01,MobiMart Vidya Nagar,F08,Samsung Galaxy Z Flip7,flagship,99999,0.2188,78119,near end-of-life,0.09523809523809523,1,1000,2083.7886857142853,0.026674543782105316,0,0,0.0,False,"MobiMart Vidya Nagar: 0 units of Samsung Galaxy Z Flip7 - expected demand 0.1/week, capital tied up Rs 0, expected gross profit Rs 0, ROI 0.00x"
UDU-01,MobiMart Udupi Main Road,F08,Samsung Galaxy Z Flip7,flagship,99999,0.2188,78119,near end-of-life,0.09523809523809523,1,1000,2083.7886857142853,0.026674543782105316,0,0,0.0,False,"MobiMart Udupi Main Road: 0 units of Samsung Galaxy Z Flip7 - expected demand 0.1/week, capital tied up Rs 0, expected gross profit Rs 0, ROI 0.00x"
DAV-01,MobiMart PJ Extension,B05,Moto G15 Play,budget,10999,0.0793,10127,near end-of-life,0.30952380952380953,1,1000,269.97307380952384,0.026658741365609147,0,0,0.0,False,"MobiMart PJ Extension: 0 units of Moto G15 Play - expected demand 0.3/week, capital tied up Rs 0, expected gross profit Rs 0, ROI 0.00x"
BEL-02,MobiMart Tilakwadi,B05,Moto G15 Play,budget,10999,0.0793,10127,near end-of-life,0.30952380952380953,1,1000,269.97307380952384,0.026658741365609147,0,0,0.0,False,"MobiMart Tilakwadi: 0 units of Moto G15 Play - expected demand 0.3/week, capital tied up Rs 0, expected gross profit Rs 0, ROI 0.00x"
MYS-01,MobiMart Devaraja Mohalla,B11,Nokia 125 Power,budget,7999,0.0617,7505,near end-of-life,0.40476190476190477,1,1000,199.76550238095237,0.026617655213984327,0,0,0.0,False,"MobiMart Devaraja Mohalla: 0 units of Nokia 125 Power - expected demand 0.4/week, capital tied up Rs 0, expected gross profit Rs 0, ROI 0.00x"
BLR-03,MobiMart Indiranagar,F10,iPhone 17,flagship,84900,0.2179,66400,near end-of-life,0.09523809523809523,1,1000,1761.8771428571429,0.026534294320137694,0,0,0.0,False,"MobiMart Indiranagar: 0 units of iPhone 17 - expected demand 0.1/week, capital tied up Rs 0, expected gross profit Rs 0, ROI 0.00x"
MAN-01,MobiMart Court Road,F10,iPhone 17,flagship,84900,0.2179,66400,near end-of-life,0.09523809523809523,1,1000,1761.8771428571429,0.026534294320137694,0,0,0.0,False,"MobiMart Court Road: 0 units of iPhone 17 - expected demand 0.1/week, capital tied up Rs 0, expected gross profit Rs 0, ROI 0.00x"
BLR-03,MobiMart Indiranagar,F01,Samsung Galaxy S25,flagship,74999,0.182,61349,near end-of-life,0.11904761904761904,1,1000,1624.978333333333,0.026487446141474726,0,0,0.0,False,"MobiMart Indiranagar: 0 units of Samsung Galaxy S25 - expected demand 0.1/week, capital tied up Rs 0, expected gross profit Rs 0, ROI 0.00x"
BEL-02,MobiMart Tilakwadi,F01,Samsung Galaxy S25,flagship,74999,0.182,61349,near end-of-life,0.11904761904761904,1,1000,1624.978333333333,0.026487446141474726,0,0,0.0,False,"MobiMart Tilakwadi: 0 units of Samsung Galaxy S25 - expected demand 0.1/week, capital tied up Rs 0, expected gross profit Rs 0, ROI 0.00x"
BLR-01,MobiMart Jayanagar,M12,Redmi Note 15,mid,19999,0.1391,17217,declining,0.16190476190476188,1,1000,450.3965266666666,0.026159988770788557,0,0,0.0,False,"MobiMart Jayanagar: 0 units of Redmi Note 15 - expected demand 0.2/week, capital tied up Rs 0, expected gross profit Rs 0, ROI 0.00x"
BLR-04,MobiMart Whitefield,B08,Samsung Galaxy F06,budget,10499,0.0776,9684,near end-of-life,0.30952380952380953,1,1000,252.17598095238097,0.026040477173934425,0,0,0.0,False,"MobiMart Whitefield: 0 units of Samsung Galaxy F06 - expected demand 0.3/week, capital tied up Rs 0, expected gross profit Rs 0, ROI 0.00x"
TUM-02,MobiMart SS Puram,M16,Motorola Edge 70 Fusion,mid,23999,0.1383,20680,declining,0.16190476190476188,1,1000,537.3718942857142,0.025985101271069354,0,0,0.0,False,"MobiMart SS Puram: 0 units of Motorola Edge 70 Fusion - expected demand 0.2/week, capital tied up Rs 0, expected gross profit Rs 0, ROI 0.00x"
BEL-02,MobiMart Tilakwadi,B12,Samsung Galaxy M06,budget,9999,0.0569,9430,near end-of-life,0.42857142857142855,1,1000,243.8327571428571,0.025857132252688982,0,0,0.0,False,"MobiMart Tilakwadi: 0 units of Samsung Galaxy M06 - expected demand 0.4/week, capital tied up Rs 0, expected gross profit Rs 0, ROI 0.00x"
MAN-01,MobiMart Court Road,B12,Samsung Galaxy M06,budget,9999,0.0569,9430,near end-of-life,0.42857142857142855,1,1000,243.8327571428571,0.025857132252688982,0,0,0.0,False,"MobiMart Court Road: 0 units of Samsung Galaxy M06 - expected demand 0.4/week, capital tied up Rs 0, expected gross profit Rs 0, ROI 0.00x"
HOS-01,MobiMart Hosur Road,B07,POCO C75,budget,11999,0.0595,11285,near end-of-life,0.40476190476190477,1,1000,288.97591666666665,0.025607081671835768,0,0,0.0,False,"MobiMart Hosur Road: 0 units of POCO C75 - expected demand 0.4/week, capital tied up Rs 0, expected gross profit Rs 0, ROI 0.00x"
BLR-07,MobiMart Yelahanka,F14,Vivo X210,flagship,69999,0.1731,57882,declining,0.12142857142857141,1,1000,1471.3289807142855,0.025419456492766068,0,0,0.0,False,"MobiMart Yelahanka: 0 units of Vivo X210 - expected demand 0.1/week, capital tied up Rs 0, expected gross profit Rs 0, ROI 0.00x"
HUB-02,MobiMart Gokul Road,F14,Vivo X210,flagship,69999,0.1731,57882,declining,0.12142857142857141,1,1000,1471.3289807142855,0.025419456492766068,0,0,0.0,False,"MobiMart Gokul Road: 0 units of Vivo X210 - expected demand 0.1/week, capital tied up Rs 0, expected gross profit Rs 0, ROI 0.00x"
MYS-01,MobiMart Devaraja Mohalla,F13,OnePlus 14,flagship,72999,0.1726,60399,declining,0.12142857142857141,1,1000,1529.9547557142857,0.025330796134278476,0,0,0.0,False,"MobiMart Devaraja Mohalla: 0 units of OnePlus 14 - expected demand 0.1/week, capital tied up Rs 0, expected gross profit Rs 0, ROI 0.00x"
BEL-02,MobiMart Tilakwadi,B09,Realme C75x,budget,12999,0.0703,12085,near end-of-life,0.3333333333333333,1,1000,304.6099,0.025205618535374428,0,0,0.0,False,"MobiMart Tilakwadi: 0 units of Realme C75x - expected demand 0.3/week, capital tied up Rs 0, expected gross profit Rs 0, ROI 0.00x"
TUM-02,MobiMart SS Puram,B10,Nokia 3210 4G,budget,7499,0.0586,7060,near end-of-life,0.40476190476190477,1,1000,177.8691380952381,0.025193928908673953,0,0,0.0,False,"MobiMart SS Puram: 0 units of Nokia 3210 4G - expected demand 0.4/week, capital tied up Rs 0, expected gross profit Rs 0, ROI 0.00x"
MAN-02,MobiMart Kottara,B10,Nokia 3210 4G,budget,7499,0.0586,7060,near end-of-life,0.40476190476190477,1,1000,177.8691380952381,0.025193928908673953,0,0,0.0,False,"MobiMart Kottara: 0 units of Nokia 3210 4G - expected demand 0.4/week, capital tied up Rs 0, expected gross profit Rs 0, ROI 0.00x"
BLR-01,MobiMart Jayanagar,B11,Nokia 125 Power,budget,7999,0.0617,7505,near end-of-life,0.38095238095238093,1,1000,188.01459047619045,0.025051910789632304,0,0,0.0,False,"MobiMart Jayanagar: 0 units of Nokia 125 Power - expected demand 0.4/week, capital tied up Rs 0, expected gross profit Rs 0, ROI 0.00x"
MAN-01,MobiMart Court Road,B11,Nokia 125 Power,budget,7999,0.0617,7505,near end-of-life,0.38095238095238093,1,1000,188.01459047619045,0.025051910789632304,0,0,0.0,False,"MobiMart Court Road: 0 units of Nokia 125 Power - expected demand 0.4/week, capital tied up Rs 0, expected gross profit Rs 0, ROI 0.00x"
SHI-01,MobiMart Vidya Nagar,B03,Redmi A5,budget,7999,0.0748,7401,near end-of-life,0.30952380952380953,1,1000,185.19589523809523,0.02502309083071142,0,0,0.0,False,"MobiMart Vidya Nagar: 0 units of Redmi A5 - expected demand 0.3/week, capital tied up Rs 0, expected gross profit Rs 0, ROI 0.00x"
BLR-02,MobiMart Koramangala,M03,Realme 14 Pro,mid,27999,0.1295,24373,near end-of-life,0.16666666666666666,1,1000,604.3117500000001,0.024794311328108977,0,0,0.0,False,"MobiMart Koramangala: 0 units of Realme 14 Pro - expected demand 0.2/week, capital tied up Rs 0, expected gross profit Rs 0, ROI 0.00x"
HUB-02,MobiMart Gokul Road,M09,Samsung Galaxy A36,mid,32999,0.1474,28135,near end-of-life,0.14285714285714285,1,1000,694.8646571428571,0.024697517581050547,0,0,0.0,False,"MobiMart Gokul Road: 0 units of Samsung Galaxy A36 - expected demand 0.1/week, capital tied up Rs 0, expected gross profit Rs 0, ROI 0.00x"
HOS-01,MobiMart Hosur Road,M09,Samsung Galaxy A36,mid,32999,0.1474,28135,near end-of-life,0.14285714285714285,1,1000,694.8646571428571,0.024697517581050547,0,0,0.0,False,"MobiMart Hosur Road: 0 units of Samsung Galaxy A36 - expected demand 0.1/week, capital tied up Rs 0, expected gross profit Rs 0, ROI 0.00x"
BLR-07,MobiMart Yelahanka,M10,OnePlus Nord 5,mid,29999,0.1463,25610,near end-of-life,0.14285714285714285,1,1000,626.9791,0.02448180788754393,0,0,0.0,False,"MobiMart Yelahanka: 0 units of OnePlus Nord 5 - expected demand 0.1/week, capital tied up Rs 0, expected gross profit Rs 0, ROI 0.00x"
KAL-01,MobiMart KCD Road,M10,OnePlus Nord 5,mid,29999,0.1463,25610,near end-of-life,0.14285714285714285,1,1000,626.9791,0.02448180788754393,0,0,0.0,False,"MobiMart KCD Road: 0 units of OnePlus Nord 5 - expected demand 0.1/week, capital tied up Rs 0, expected gross profit Rs 0, ROI 0.00x"
BLR-06,MobiMart Rajajinagar,B12,Samsung Galaxy M06,budget,9999,0.0569,9430,near end-of-life,0.40476190476190477,1,1000,230.28649285714286,0.024420624905317375,0,0,0.0,False,"MobiMart Rajajinagar: 0 units of Samsung Galaxy M06 - expected demand 0.4/week, capital tied up Rs 0, expected gross profit Rs 0, ROI 0.00x"
BLR-05,MobiMart Malleshwaram,M04,OnePlus Nord CE5,mid,24999,0.1444,21389,near end-of-life,0.14285714285714285,1,1000,515.6936571428571,0.024110227553548885,0,0,0.0,False,"MobiMart Malleshwaram: 0 units of OnePlus Nord CE5 - expected demand 0.1/week, capital tied up Rs 0, expected gross profit Rs 0, ROI 0.00x"
TUM-01,MobiMart MG Road,M04,OnePlus Nord CE5,mid,24999,0.1444,21389,near end-of-life,0.14285714285714285,1,1000,515.6936571428571,0.024110227553548885,0,0,0.0,False,"MobiMart MG Road: 0 units of OnePlus Nord CE5 - expected demand 0.1/week, capital tied up Rs 0, expected gross profit Rs 0, ROI 0.00x"
SHI-01,MobiMart Vidya Nagar,M04,OnePlus Nord CE5,mid,24999,0.1444,21389,near end-of-life,0.14285714285714285,1,1000,515.6936571428571,0.024110227553548885,0,0,0.0,False,"MobiMart Vidya Nagar: 0 units of OnePlus Nord CE5 - expected demand 0.1/week, capital tied up Rs 0, expected gross profit Rs 0, ROI 0.00x"
KAL-01,MobiMart KCD Road,M04,OnePlus Nord CE5,mid,24999,0.1444,21389,near end-of-life,0.14285714285714285,1,1000,515.6936571428571,0.024110227553548885,0,0,0.0,False,"MobiMart KCD Road: 0 units of OnePlus Nord CE5 - expected demand 0.1/week, capital tied up Rs 0, expected gross profit Rs 0, ROI 0.00x"
BLR-07,MobiMart Yelahanka,B08,Samsung Galaxy F06,budget,10499,0.0776,9684,near end-of-life,0.2857142857142857,1,1000,232.77782857142856,0.024037363545170234,0,0,0.0,False,"MobiMart Yelahanka: 0 units of Samsung Galaxy F06 - expected demand 0.3/week, capital tied up Rs 0, expected gross profit Rs 0, ROI 0.00x"
DAV-01,MobiMart PJ Extension,M06,Motorola Edge 60 Fusion,mid,22999,0.1248,20129,near end-of-life,0.16666666666666666,1,1000,478.37919999999997,0.02376567141934522,0,0,0.0,False,"MobiMart PJ Extension: 0 units of Motorola Edge 60 Fusion - expected demand 0.2/week, capital tied up Rs 0, expected gross profit Rs 0, ROI 0.00x"
MAN-01,MobiMart Court Road,M06,Motorola Edge 60 Fusion,mid,22999,0.1248,20129,near end-of-life,0.16666666666666666,1,1000,478.37919999999997,0.02376567141934522,0,0,0.0,False,"MobiMart Court Road: 0 units of Motorola Edge 60 Fusion - expected demand 0.2/week, capital tied up Rs 0, expected gross profit Rs 0, ROI 0.00x"
MYS-01,MobiMart Devaraja Mohalla,B06,Lava Blaze Core,budget,8499,0.0523,8055,near end-of-life,0.42857142857142855,1,1000,190.49901428571425,0.023649784517158816,0,0,0.0,False,"MobiMart Devaraja Mohalla: 0 units of Lava Blaze Core - expected demand 0.4/week, capital tied up Rs 0, expected gross profit Rs 0, ROI 0.00x"
HUB-01,MobiMart Vidya Nagar,B06,Lava Blaze Core,budget,8499,0.0523,8055,near end-of-life,0.42857142857142855,1,1000,190.49901428571425,0.023649784517158816,0,0,0.0,False,"MobiMart Vidya Nagar: 0 units of Lava Blaze Core - expected demand 0.4/week, capital tied up Rs 0, expected gross profit Rs 0, ROI 0.00x"
KAL-01,MobiMart KCD Road,B11,Nokia 125 Power,budget,7999,0.0617,7505,near end-of-life,0.35714285714285715,1,1000,176.26367857142856,0.023486166365280288,0,0,0.0,False,"MobiMart KCD Road: 0 units of Nokia 125 Power - expected demand 0.4/week, capital tied up Rs 0, expected gross profit Rs 0, ROI 0.00x"
BLR-07,MobiMart Yelahanka,M14,OnePlus Nord CE6,mid,25999,0.1259,22726,declining,0.16190476190476188,1,1000,529.9586638095237,0.023319487098896582,0,0,0.0,False,"MobiMart Yelahanka: 0 units of OnePlus Nord CE6 - expected demand 0.2/week, capital tied up Rs 0, expected gross profit Rs 0, ROI 0.00x"
MYS-01,MobiMart Devaraja Mohalla,B04,Realme Note 60,budget,9499,0.0751,8786,near end-of-life,0.2857142857142857,1,1000,203.8214,0.02319842931937173,0,0,0.0,False,"MobiMart Devaraja Mohalla: 0 units of Realme Note 60 - expected demand 0.3/week, capital tied up Rs 0, expected gross profit Rs 0, ROI 0.00x"
MAN-02,MobiMart Kottara,M11,Samsung Galaxy A27,mid,23999,0.138,20687,near end-of-life,0.14285714285714285,1,1000,473.12314285714285,0.02287055362581055,0,0,0.0,False,"MobiMart Kottara: 0 units of Samsung Galaxy A27 - expected demand 0.1/week, capital tied up Rs 0, expected gross profit Rs 0, ROI 0.00x"
BLR-07,MobiMart Yelahanka,B07,POCO C75,budget,11999,0.0595,11285,near end-of-life,0.35714285714285715,1,1000,254.97875,0.022594483828090383,0,0,0.0,False,"MobiMart Yelahanka: 0 units of POCO C75 - expected demand 0.4/week, capital tied up Rs 0, expected gross profit Rs 0, ROI 0.00x"
MYS-01,MobiMart Devaraja Mohalla,B07,POCO C75,budget,11999,0.0595,11285,near end-of-life,0.35714285714285715,1,1000,254.97875,0.022594483828090383,0,0,0.0,False,"MobiMart Devaraja Mohalla: 0 units of POCO C75 - expected demand 0.4/week, capital tied up Rs 0, expected gross profit Rs 0, ROI 0.00x"
KOL-01,MobiMart Station Road,B07,POCO C75,budget,11999,0.0595,11285,near end-of-life,0.35714285714285715,1,1000,254.97875,0.022594483828090383,0,0,0.0,False,"MobiMart Station Road: 0 units of POCO C75 - expected demand 0.4/week, capital tied up Rs 0, expected gross profit Rs 0, ROI 0.00x"
BLR-03,MobiMart Indiranagar,B10,Nokia 3210 4G,budget,7499,0.0586,7060,near end-of-life,0.35714285714285715,1,1000,156.94335714285714,0.02222993727235937,0,0,0.0,False,"MobiMart Indiranagar: 0 units of Nokia 3210 4G - expected demand 0.4/week, capital tied up Rs 0, expected gross profit Rs 0, ROI 0.00x"
TUM-01,MobiMart MG Road,M17,POCO X8 Pro,mid,28999,0.1287,25267,peaking,0.15,1,1000,559.825695,0.022156397474967348,0,0,0.0,False,"MobiMart MG Road: 0 units of POCO X8 Pro - expected demand 0.1/week, capital tied up Rs 0, expected gross profit Rs 0, ROI 0.00x"
BLR-04,MobiMart Whitefield,F09,OnePlus Open 2,flagship,119999,0.1886,97367,near end-of-life,0.09523809523809523,1,1000,2155.410609523809,0.0221369725833579,0,0,0.0,False,"MobiMart Whitefield: 0 units of OnePlus Open 2 - expected demand 0.1/week, capital tied up Rs 0, expected gross profit Rs 0, ROI 0.00x"
TUM-01,MobiMart MG Road,F09,OnePlus Open 2,flagship,119999,0.1886,97367,near end-of-life,0.09523809523809523,1,1000,2155.410609523809,0.0221369725833579,0,0,0.0,False,"MobiMart MG Road: 0 units of OnePlus Open 2 - expected demand 0.1/week, capital tied up Rs 0, expected gross profit Rs 0, ROI 0.00x"
BLR-01,MobiMart Jayanagar,B08,Samsung Galaxy F06,budget,10499,0.0776,9684,near end-of-life,0.2619047619047619,1,1000,213.3796761904762,0.02203424991640605,0,0,0.0,False,"MobiMart Jayanagar: 0 units of Samsung Galaxy F06 - expected demand 0.3/week, capital tied up Rs 0, expected gross profit Rs 0, ROI 0.00x"
BLR-03,MobiMart Indiranagar,B08,Samsung Galaxy F06,budget,10499,0.0776,9684,near end-of-life,0.2619047619047619,1,1000,213.3796761904762,0.02203424991640605,0,0,0.0,False,"MobiMart Indiranagar: 0 units of Samsung Galaxy F06 - expected demand 0.3/week, capital tied up Rs 0, expected gross profit Rs 0, ROI 0.00x"
MYS-01,MobiMart Devaraja Mohalla,B08,Samsung Galaxy F06,budget,10499,0.0776,9684,near end-of-life,0.2619047619047619,1,1000,213.3796761904762,0.02203424991640605,0,0,0.0,False,"MobiMart Devaraja Mohalla: 0 units of Samsung Galaxy F06 - expected demand 0.3/week, capital tied up Rs 0, expected gross profit Rs 0, ROI 0.00x"
MYS-02,MobiMart Kuvempunagar,B08,Samsung Galaxy F06,budget,10499,0.0776,9684,near end-of-life,0.2619047619047619,1,1000,213.3796761904762,0.02203424991640605,0,0,0.0,False,"MobiMart Kuvempunagar: 0 units of Samsung Galaxy F06 - expected demand 0.3/week, capital tied up Rs 0, expected gross profit Rs 0, ROI 0.00x"
HUB-02,MobiMart Gokul Road,B11,Nokia 125 Power,budget,7999,0.0617,7505,near end-of-life,0.3333333333333333,1,1000,164.51276666666664,0.021920421940928265,0,0,0.0,False,"MobiMart Gokul Road: 0 units of Nokia 125 Power - expected demand 0.3/week, capital tied up Rs 0, expected gross profit Rs 0, ROI 0.00x"
BEL-02,MobiMart Tilakwadi,B11,Nokia 125 Power,budget,7999,0.0617,7505,near end-of-life,0.3333333333333333,1,1000,164.51276666666664,0.021920421940928265,0,0,0.0,False,"MobiMart Tilakwadi: 0 units of Nokia 125 Power - expected demand 0.3/week, capital tied up Rs 0, expected gross profit Rs 0, ROI 0.00x"
BLR-07,MobiMart Yelahanka,F12,iPhone 17 Pro,flagship,124900,0.213,98296,declining,0.08095238095238094,1,1000,2153.6328571428567,0.021909669336929852,0,0,0.0,False,"MobiMart Yelahanka: 0 units of iPhone 17 Pro - expected demand 0.1/week, capital tied up Rs 0, expected gross profit Rs 0, ROI 0.00x"
BLR-08,MobiMart Electronic City,F12,iPhone 17 Pro,flagship,124900,0.213,98296,declining,0.08095238095238094,1,1000,2153.6328571428567,0.021909669336929852,0,0,0.0,False,"MobiMart Electronic City: 0 units of iPhone 17 Pro - expected demand 0.1/week, capital tied up Rs 0, expected gross profit Rs 0, ROI 0.00x"
DAV-01,MobiMart PJ Extension,F12,iPhone 17 Pro,flagship,124900,0.213,98296,declining,0.08095238095238094,1,1000,2153.6328571428567,0.021909669336929852,0,0,0.0,False,"MobiMart PJ Extension: 0 units of iPhone 17 Pro - expected demand 0.1/week, capital tied up Rs 0, expected gross profit Rs 0, ROI 0.00x"
BLR-06,MobiMart Rajajinagar,B09,Realme C75x,budget,12999,0.0703,12085,near end-of-life,0.2857142857142857,1,1000,261.0942,0.0216048158874638,0,0,0.0,False,"MobiMart Rajajinagar: 0 units of Realme C75x - expected demand 0.3/week, capital tied up Rs 0, expected gross profit Rs 0, ROI 0.00x"
HUB-02,MobiMart Gokul Road,B09,Realme C75x,budget,12999,0.0703,12085,near end-of-life,0.2857142857142857,1,1000,261.0942,0.0216048158874638,0,0,0.0,False,"MobiMart Gokul Road: 0 units of Realme C75x - expected demand 0.3/week, capital tied up Rs 0, expected gross profit Rs 0, ROI 0.00x"
BLR-01,MobiMart Jayanagar,M07,POCO X7 Pro,mid,26999,0.1145,23908,near end-of-life,0.16666666666666666,1,1000,515.2309166666666,0.021550565361664158,0,0,0.0,False,"MobiMart Jayanagar: 0 units of POCO X7 Pro - expected demand 0.2/week, capital tied up Rs 0, expected gross profit Rs 0, ROI 0.00x"
BLR-04,MobiMart Whitefield,M07,POCO X7 Pro,mid,26999,0.1145,23908,near end-of-life,0.16666666666666666,1,1000,515.2309166666666,0.021550565361664158,0,0,0.0,False,"MobiMart Whitefield: 0 units of POCO X7 Pro - expected demand 0.2/week, capital tied up Rs 0, expected gross profit Rs 0, ROI 0.00x"
MAN-02,MobiMart Kottara,M07,POCO X7 Pro,mid,26999,0.1145,23908,near end-of-life,0.16666666666666666,1,1000,515.2309166666666,0.021550565361664158,0,0,0.0,False,"MobiMart Kottara: 0 units of POCO X7 Pro - expected demand 0.2/week, capital tied up Rs 0, expected gross profit Rs 0, ROI 0.00x"
BEL-01,MobiMart Cantonment,B04,Realme Note 60,budget,9499,0.0751,8786,near end-of-life,0.2619047619047619,1,1000,186.83628333333334,0.02126522687609075,0,0,0.0,False,"MobiMart Cantonment: 0 units of Realme Note 60 - expected demand 0.3/week, capital tied up Rs 0, expected gross profit Rs 0, ROI 0.00x"
MYS-01,MobiMart Devaraja Mohalla,M03,Realme 14 Pro,mid,27999,0.1295,24373,near end-of-life,0.14285714285714285,1,1000,517.9815,0.021252266852664833,0,0,0.0,False,"MobiMart Devaraja Mohalla: 0 units of Realme 14 Pro - expected demand 0.1/week, capital tied up Rs 0, expected gross profit Rs 0, ROI 0.00x"
HUB-02,MobiMart Gokul Road,M03,Realme 14 Pro,mid,27999,0.1295,24373,near end-of-life,0.14285714285714285,1,1000,517.9815,0.021252266852664833,0,0,0.0,False,"MobiMart Gokul Road: 0 units of Realme 14 Pro - expected demand 0.1/week, capital tied up Rs 0, expected gross profit Rs 0, ROI 0.00x"
DAV-01,MobiMart PJ Extension,B03,Redmi A5,budget,7999,0.0748,7401,near end-of-life,0.2619047619047619,1,1000,156.70421904761906,0.021173384549063513,0,0,0.0,False,"MobiMart PJ Extension: 0 units of Redmi A5 - expected demand 0.3/week, capital tied up Rs 0, expected gross profit Rs 0, ROI 0.00x"
DAV-02,MobiMart MCC B Block,B03,Redmi A5,budget,7999,0.0748,7401,near end-of-life,0.2619047619047619,1,1000,156.70421904761906,0.021173384549063513,0,0,0.0,False,"MobiMart MCC B Block: 0 units of Redmi A5 - expected demand 0.3/week, capital tied up Rs 0, expected gross profit Rs 0, ROI 0.00x"
BEL-01,MobiMart Cantonment,B03,Redmi A5,budget,7999,0.0748,7401,near end-of-life,0.2619047619047619,1,1000,156.70421904761906,0.021173384549063513,0,0,0.0,False,"MobiMart Cantonment: 0 units of Redmi A5 - expected demand 0.3/week, capital tied up Rs 0, expected gross profit Rs 0, ROI 0.00x"
KAL-01,MobiMart KCD Road,B03,Redmi A5,budget,7999,0.0748,7401,near end-of-life,0.2619047619047619,1,1000,156.70421904761906,0.021173384549063513,0,0,0.0,False,"MobiMart KCD Road: 0 units of Redmi A5 - expected demand 0.3/week, capital tied up Rs 0, expected gross profit Rs 0, ROI 0.00x"
UDU-01,MobiMart Udupi Main Road,B03,Redmi A5,budget,7999,0.0748,7401,near end-of-life,0.2619047619047619,1,1000,156.70421904761906,0.021173384549063513,0,0,0.0,False,"MobiMart Udupi Main Road: 0 units of Redmi A5 - expected demand 0.3/week, capital tied up Rs 0, expected gross profit Rs 0, ROI 0.00x"
BLR-02,MobiMart Koramangala,B07,POCO C75,budget,11999,0.0595,11285,near end-of-life,0.3333333333333333,1,1000,237.98016666666663,0.02108818490621769,0,0,0.0,False,"MobiMart Koramangala: 0 units of POCO C75 - expected demand 0.3/week, capital tied up Rs 0, expected gross profit Rs 0, ROI 0.00x"
BEL-01,MobiMart Cantonment,B10,Nokia 3210 4G,budget,7499,0.0586,7060,near end-of-life,0.3333333333333333,1,1000,146.48046666666664,0.020747941454202074,0,0,0.0,False,"MobiMart Cantonment: 0 units of Nokia 3210 4G - expected demand 0.3/week, capital tied up Rs 0, expected gross profit Rs 0, ROI 0.00x"
BLR-04,MobiMart Whitefield,M01,Samsung Galaxy A26,mid,22999,0.1104,20460,near end-of-life,0.16666666666666666,1,1000,423.1816,0.02068336265884653,0,0,0.0,False,"MobiMart Whitefield: 0 units of Samsung Galaxy A26 - expected demand 0.2/week, capital tied up Rs 0, expected gross profit Rs 0, ROI 0.00x"
KAL-01,MobiMart KCD Road,M01,Samsung Galaxy A26,mid,22999,0.1104,20460,near end-of-life,0.16666666666666666,1,1000,423.1816,0.02068336265884653,0,0,0.0,False,"MobiMart KCD Road: 0 units of Samsung Galaxy A26 - expected demand 0.2/week, capital tied up Rs 0, expected gross profit Rs 0, ROI 0.00x"
TUM-02,MobiMart SS Puram,M09,Samsung Galaxy A36,mid,32999,0.1474,28135,near end-of-life,0.11904761904761904,1,1000,579.053880952381,0.020581264650875456,0,0,0.0,False,"MobiMart SS Puram: 0 units of Samsung Galaxy A36 - expected demand 0.1/week, capital tied up Rs 0, expected gross profit Rs 0, ROI 0.00x"
DAV-01,MobiMart PJ Extension,M09,Samsung Galaxy A36,mid,32999,0.1474,28135,near end-of-life,0.11904761904761904,1,1000,579.053880952381,0.020581264650875456,0,0,0.0,False,"MobiMart PJ Extension: 0 units of Samsung Galaxy A36 - expected demand 0.1/week, capital tied up Rs 0, expected gross profit Rs 0, ROI 0.00x"
BEL-01,MobiMart Cantonment,M09,Samsung Galaxy A36,mid,32999,0.1474,28135,near end-of-life,0.11904761904761904,1,1000,579.053880952381,0.020581264650875456,0,0,0.0,False,"MobiMart Cantonment: 0 units of Samsung Galaxy A36 - expected demand 0.1/week, capital tied up Rs 0, expected gross profit Rs 0, ROI 0.00x"
BEL-01,MobiMart Cantonment,F16,Xiaomi 16,flagship,67999,0.2027,54216,declining,0.08095238095238094,1,1000,1115.798829047619,0.020580618803445826,0,0,0.0,False,"MobiMart Cantonment: 0 units of Xiaomi 16 - expected demand 0.1/week, capital tied up Rs 0, expected gross profit Rs 0, ROI 0.00x"
BEL-02,MobiMart Tilakwadi,F16,Xiaomi 16,flagship,67999,0.2027,54216,declining,0.08095238095238094,1,1000,1115.798829047619,0.020580618803445826,0,0,0.0,False,"MobiMart Tilakwadi: 0 units of Xiaomi 16 - expected demand 0.1/week, capital tied up Rs 0, expected gross profit Rs 0, ROI 0.00x"
MYS-01,MobiMart Devaraja Mohalla,B05,Moto G15 Play,budget,10999,0.0793,10127,near end-of-life,0.23809523809523808,1,1000,207.67159523809522,0.02050672412739165,0,0,0.0,False,"MobiMart Devaraja Mohalla: 0 units of Moto G15 Play - expected demand 0.2/week, capital tied up Rs 0, expected gross profit Rs 0, ROI 0.00x"
TUM-02,MobiMart SS Puram,B05,Moto G15 Play,budget,10999,0.0793,10127,near end-of-life,0.23809523809523808,1,1000,207.67159523809522,0.02050672412739165,0,0,0.0,False,"MobiMart SS Puram: 0 units of Moto G15 Play - expected demand 0.2/week, capital tied up Rs 0, expected gross profit Rs 0, ROI 0.00x"
KOL-01,MobiMart Station Road,M10,OnePlus Nord 5,mid,29999,0.1463,25610,near end-of-life,0.11904761904761904,1,1000,522.4825833333333,0.02040150657295327,0,0,0.0,False,"MobiMart Station Road: 0 units of OnePlus Nord 5 - expected demand 0.1/week, capital tied up Rs 0, expected gross profit Rs 0, ROI 0.00x"
BLR-05,MobiMart Malleshwaram,M06,Motorola Edge 60 Fusion,mid,22999,0.1248,20129,near end-of-life,0.14285714285714285,1,1000,410.0393142857142,0.0203705755022959,0,0,0.0,False,"MobiMart Malleshwaram: 0 units of Motorola Edge 60 Fusion - expected demand 0.1/week, capital tied up Rs 0, expected gross profit Rs 0, ROI 0.00x"
BLR-02,MobiMart Koramangala,B11,Nokia 125 Power,budget,7999,0.0617,7505,near end-of-life,0.30952380952380953,1,1000,152.76185476190474,0.02035467751657625,0,0,0.0,False,"MobiMart Koramangala: 0 units of Nokia 125 Power - expected demand 0.3/week, capital tied up Rs 0, expected gross profit Rs 0, ROI 0.00x"
SHI-01,MobiMart Vidya Nagar,B11,Nokia 125 Power,budget,7999,0.0617,7505,near end-of-life,0.30952380952380953,1,1000,152.76185476190474,0.02035467751657625,0,0,0.0,False,"MobiMart Vidya Nagar: 0 units of Nokia 125 Power - expected demand 0.3/week, capital tied up Rs 0, expected gross profit Rs 0, ROI 0.00x"
BLR-05,MobiMart Malleshwaram,M08,Nothing Phone (3a),mid,27999,0.1243,24519,near end-of-life,0.14285714285714285,1,1000,497.1822428571428,0.020277427417804268,0,0,0.0,False,"MobiMart Malleshwaram: 0 units of Nothing Phone (3a) - expected demand 0.1/week, capital tied up Rs 0, expected gross profit Rs 0, ROI 0.00x"
BLR-07,MobiMart Yelahanka,M08,Nothing Phone (3a),mid,27999,0.1243,24519,near end-of-life,0.14285714285714285,1,1000,497.1822428571428,0.020277427417804268,0,0,0.0,False,"MobiMart Yelahanka: 0 units of Nothing Phone (3a) - expected demand 0.1/week, capital tied up Rs 0, expected gross profit Rs 0, ROI 0.00x"
MYS-01,MobiMart Devaraja Mohalla,M08,Nothing Phone (3a),mid,27999,0.1243,24519,near end-of-life,0.14285714285714285,1,1000,497.1822428571428,0.020277427417804268,0,0,0.0,False,"MobiMart Devaraja Mohalla: 0 units of Nothing Phone (3a) - expected demand 0.1/week, capital tied up Rs 0, expected gross profit Rs 0, ROI 0.00x"
BLR-05,MobiMart Malleshwaram,F15,Pixel 10 Pro,flagship,114999,0.1999,92011,declining,0.08095238095238094,1,1000,1860.9576271428568,0.02022538204283028,0,0,0.0,False,"MobiMart Malleshwaram: 0 units of Pixel 10 Pro - expected demand 0.1/week, capital tied up Rs 0, expected gross profit Rs 0, ROI 0.00x"
BLR-02,MobiMart Koramangala,B12,Samsung Galaxy M06,budget,9999,0.0569,9430,near end-of-life,0.3333333333333333,1,1000,189.6477,0.020111102863202543,0,0,0.0,False,"MobiMart Koramangala: 0 units of Samsung Galaxy M06 - expected demand 0.3/week, capital tied up Rs 0, expected gross profit Rs 0, ROI 0.00x"
BLR-03,MobiMart Indiranagar,B12,Samsung Galaxy M06,budget,9999,0.0569,9430,near end-of-life,0.3333333333333333,1,1000,189.6477,0.020111102863202543,0,0,0.0,False,"MobiMart Indiranagar: 0 units of Samsung Galaxy M06 - expected demand 0.3/week, capital tied up Rs 0, expected gross profit Rs 0, ROI 0.00x"
HUB-02,MobiMart Gokul Road,M04,OnePlus Nord CE5,mid,24999,0.1444,21389,near end-of-life,0.11904761904761904,1,1000,429.7447142857143,0.020091856294624073,0,0,0.0,False,"MobiMart Gokul Road: 0 units of OnePlus Nord CE5 - expected demand 0.1/week, capital tied up Rs 0, expected gross profit Rs 0, ROI 0.00x"
BLR-08,MobiMart Electronic City,B08,Samsung Galaxy F06,budget,10499,0.0776,9684,near end-of-life,0.23809523809523808,1,1000,193.9815238095238,0.020031136287641863,0,0,0.0,False,"MobiMart Electronic City: 0 units of Samsung Galaxy F06 - expected demand 0.2/week, capital tied up Rs 0, expected gross profit Rs 0, ROI 0.00x"
KAL-01,MobiMart KCD Road,F08,Samsung Galaxy Z Flip7,flagship,99999,0.2188,78119,near end-of-life,0.07142857142857142,1,1000,1562.841514285714,0.02000590783657899,0,0,0.0,False,"MobiMart KCD Road: 0 units of Samsung Galaxy Z Flip7 - expected demand 0.1/week, capital tied up Rs 0, expected gross profit Rs 0, ROI 0.00x"
MAN-02,MobiMart Kottara,B09,Realme C75x,budget,12999,0.0703,12085,near end-of-life,0.2619047619047619,1,1000,239.33635,0.019804414563508482,0,0,0.0,False,"MobiMart Kottara: 0 units of Realme C75x - expected demand 0.3/week, capital tied up Rs 0, expected gross profit Rs 0, ROI 0.00x"
HUB-01,MobiMart Vidya Nagar,F02,iPhone 16,flagship,79900,0.1711,66229,near end-of-life,0.09523809523809523,1,1000,1301.9895238095237,0.01965890355900774,0,0,0.0,False,"MobiMart Vidya Nagar: 0 units of iPhone 16 - expected demand 0.1/week, capital tied up Rs 0, expected gross profit Rs 0, ROI 0.00x"
BEL-02,MobiMart Tilakwadi,B20,Nokia 3310 Max,budget,8999,0.0563,8492,ramping,0.3285714285714285,1,1000,166.46864428571428,0.019602996265392636,0,0,0.0,False,"MobiMart Tilakwadi: 0 units of Nokia 3310 Max - expected demand 0.3/week, capital tied up Rs 0, expected gross profit Rs 0, ROI 0.00x"
BLR-02,MobiMart Koramangala,B04,Realme Note 60,budget,9499,0.0751,8786,near end-of-life,0.23809523809523808,1,1000,169.85116666666664,0.01933202443280977,0,0,0.0,False,"MobiMart Koramangala: 0 units of Realme Note 60 - expected demand 0.2/week, capital tied up Rs 0, expected gross profit Rs 0, ROI 0.00x"
BLR-06,MobiMart Rajajinagar,B04,Realme Note 60,budget,9499,0.0751,8786,near end-of-life,0.23809523809523808,1,1000,169.85116666666664,0.01933202443280977,0,0,0.0,False,"MobiMart Rajajinagar: 0 units of Realme Note 60 - expected demand 0.2/week, capital tied up Rs 0, expected gross profit Rs 0, ROI 0.00x"
BLR-01,MobiMart Jayanagar,F07,iPhone 16 Pro,flagship,119900,0.1678,99781,near end-of-life,0.09523809523809523,1,1000,1916.1161904761905,0.019203216949882147,0,0,0.0,False,"MobiMart Jayanagar: 0 units of iPhone 16 Pro - expected demand 0.1/week, capital tied up Rs 0, expected gross profit Rs 0, ROI 0.00x"
BEL-01,MobiMart Cantonment,M11,Samsung Galaxy A27,mid,23999,0.138,20687,near end-of-life,0.11904761904761904,1,1000,394.2692857142857,0.019058794688175458,0,0,0.0,False,"MobiMart Cantonment: 0 units of Samsung Galaxy A27 - expected demand 0.1/week, capital tied up Rs 0, expected gross profit Rs 0, ROI 0.00x"
TUM-02,MobiMart SS Puram,F11,Samsung Galaxy S26,flagship,79999,0.1658,66735,near end-of-life,0.09523809523809523,1,1000,1263.2223047619048,0.018928932415702475,0,0,0.0,False,"MobiMart SS Puram: 0 units of Samsung Galaxy S26 - expected demand 0.1/week, capital tied up Rs 0, expected gross profit Rs 0, ROI 0.00x"
DAV-02,MobiMart MCC B Block,F11,Samsung Galaxy S26,flagship,79999,0.1658,66735,near end-of-life,0.09523809523809523,1,1000,1263.2223047619048,0.018928932415702475,0,0,0.0,False,"MobiMart MCC B Block: 0 units of Samsung Galaxy S26 - expected demand 0.1/week, capital tied up Rs 0, expected gross profit Rs 0, ROI 0.00x"
BEL-01,MobiMart Cantonment,F11,Samsung Galaxy S26,flagship,79999,0.1658,66735,near end-of-life,0.09523809523809523,1,1000,1263.2223047619048,0.018928932415702475,0,0,0.0,False,"MobiMart Cantonment: 0 units of Samsung Galaxy S26 - expected demand 0.1/week, capital tied up Rs 0, expected gross profit Rs 0, ROI 0.00x"
BLR-07,MobiMart Yelahanka,B12,Samsung Galaxy M06,budget,9999,0.0569,9430,near end-of-life,0.30952380952380953,1,1000,176.1014357142857,0.018674595515830936,0,0,0.0,False,"MobiMart Yelahanka: 0 units of Samsung Galaxy M06 - expected demand 0.3/week, capital tied up Rs 0, expected gross profit Rs 0, ROI 0.00x"
BLR-06,MobiMart Rajajinagar,M07,POCO X7 Pro,mid,26999,0.1145,23908,near end-of-life,0.14285714285714285,1,1000,441.6265,0.018471913167140707,0,0,0.0,False,"MobiMart Rajajinagar: 0 units of POCO X7 Pro - expected demand 0.1/week, capital tied up Rs 0, expected gross profit Rs 0, ROI 0.00x"
MYS-01,MobiMart Devaraja Mohalla,M07,POCO X7 Pro,mid,26999,0.1145,23908,near end-of-life,0.14285714285714285,1,1000,441.6265,0.018471913167140707,0,0,0.0,False,"MobiMart Devaraja Mohalla: 0 units of POCO X7 Pro - expected demand 0.1/week, capital tied up Rs 0, expected gross profit Rs 0, ROI 0.00x"
SHI-01,MobiMart Vidya Nagar,M07,POCO X7 Pro,mid,26999,0.1145,23908,near end-of-life,0.14285714285714285,1,1000,441.6265,0.018471913167140707,0,0,0.0,False,"MobiMart Vidya Nagar: 0 units of POCO X7 Pro - expected demand 0.1/week, capital tied up Rs 0, expected gross profit Rs 0, ROI 0.00x"
BLR-08,MobiMart Electronic City,B07,POCO C75,budget,11999,0.0595,11285,near end-of-life,0.2857142857142857,1,1000,203.98299999999998,0.018075587062472306,0,0,0.0,False,"MobiMart Electronic City: 0 units of POCO C75 - expected demand 0.3/week, capital tied up Rs 0, expected gross profit Rs 0, ROI 0.00x"
MAN-01,MobiMart Court Road,B07,POCO C75,budget,11999,0.0595,11285,near end-of-life,0.2857142857142857,1,1000,203.98299999999998,0.018075587062472306,0,0,0.0,False,"MobiMart Court Road: 0 units of POCO C75 - expected demand 0.3/week, capital tied up Rs 0, expected gross profit Rs 0, ROI 0.00x"
SHI-01,MobiMart Vidya Nagar,B08,Samsung Galaxy F06,budget,10499,0.0776,9684,near end-of-life,0.21428571428571427,1,1000,174.58337142857144,0.01802802265887768,0,0,0.0,False,"MobiMart Vidya Nagar: 0 units of Samsung Galaxy F06 - expected demand 0.2/week, capital tied up Rs 0, expected gross profit Rs 0, ROI 0.00x"
UDU-01,MobiMart Udupi Main Road,B08,Samsung Galaxy F06,budget,10499,0.0776,9684,near end-of-life,0.21428571428571427,1,1000,174.58337142857144,0.01802802265887768,0,0,0.0,False,"MobiMart Udupi Main Road: 0 units of Samsung Galaxy F06 - expected demand 0.2/week, capital tied up Rs 0, expected gross profit Rs 0, ROI 0.00x"
BLR-01,MobiMart Jayanagar,B10,Nokia 3210 4G,budget,7499,0.0586,7060,near end-of-life,0.2857142857142857,1,1000,125.55468571428571,0.017783949817887494,0,0,0.0,False,"MobiMart Jayanagar: 0 units of Nokia 3210 4G - expected demand 0.3/week, capital tied up Rs 0, expected gross profit Rs 0, ROI 0.00x"
MYS-02,MobiMart Kuvempunagar,B10,Nokia 3210 4G,budget,7499,0.0586,7060,near end-of-life,0.2857142857142857,1,1000,125.55468571428571,0.017783949817887494,0,0,0.0,False,"MobiMart Kuvempunagar: 0 units of Nokia 3210 4G - expected demand 0.3/week, capital tied up Rs 0, expected gross profit Rs 0, ROI 0.00x"
BLR-08,MobiMart Electronic City,M03,Realme 14 Pro,mid,27999,0.1295,24373,near end-of-life,0.11904761904761904,1,1000,431.65124999999995,0.017710222377220693,0,0,0.0,False,"MobiMart Electronic City: 0 units of Realme 14 Pro - expected demand 0.1/week, capital tied up Rs 0, expected gross profit Rs 0, ROI 0.00x"
HUB-01,MobiMart Vidya Nagar,M03,Realme 14 Pro,mid,27999,0.1295,24373,near end-of-life,0.11904761904761904,1,1000,431.65124999999995,0.017710222377220693,0,0,0.0,False,"MobiMart Vidya Nagar: 0 units of Realme 14 Pro - expected demand 0.1/week, capital tied up Rs 0, expected gross profit Rs 0, ROI 0.00x"
BEL-02,MobiMart Tilakwadi,M03,Realme 14 Pro,mid,27999,0.1295,24373,near end-of-life,0.11904761904761904,1,1000,431.65124999999995,0.017710222377220693,0,0,0.0,False,"MobiMart Tilakwadi: 0 units of Realme 14 Pro - expected demand 0.1/week, capital tied up Rs 0, expected gross profit Rs 0, ROI 0.00x"
MYS-02,MobiMart Kuvempunagar,M02,Redmi Note 14,mid,18999,0.129,16548,near end-of-life,0.11904761904761904,1,1000,291.77035714285716,0.017631759556614526,0,0,0.0,False,"MobiMart Kuvempunagar: 0 units of Redmi Note 14 - expected demand 0.1/week, capital tied up Rs 0, expected gross profit Rs 0, ROI 0.00x"
DAV-02,MobiMart MCC B Block,M02,Redmi Note 14,mid,18999,0.129,16548,near end-of-life,0.11904761904761904,1,1000,291.77035714285716,0.017631759556614526,0,0,0.0,False,"MobiMart MCC B Block: 0 units of Redmi Note 14 - expected demand 0.1/week, capital tied up Rs 0, expected gross profit Rs 0, ROI 0.00x"
TUM-01,MobiMart MG Road,B04,Realme Note 60,budget,9499,0.0751,8786,near end-of-life,0.21428571428571427,1,1000,152.86605,0.017398821989528798,0,0,0.0,False,"MobiMart MG Road: 0 units of Realme Note 60 - expected demand 0.2/week, capital tied up Rs 0, expected gross profit Rs 0, ROI 0.00x"
MYS-01,MobiMart Devaraja Mohalla,B03,Redmi A5,budget,7999,0.0748,7401,near end-of-life,0.21428571428571427,1,1000,128.21254285714286,0.017323678267415602,0,0,0.0,False,"MobiMart Devaraja Mohalla: 0 units of Redmi A5 - expected demand 0.2/week, capital tied up Rs 0, expected gross profit Rs 0, ROI 0.00x"
DAV-01,MobiMart PJ Extension,B11,Nokia 125 Power,budget,7999,0.0617,7505,near end-of-life,0.2619047619047619,1,1000,129.26003095238093,0.01722318866787221,0,0,0.0,False,"MobiMart PJ Extension: 0 units of Nokia 125 Power - expected demand 0.3/week, capital tied up Rs 0, expected gross profit Rs 0, ROI 0.00x"
DAV-01,MobiMart PJ Extension,B02,Samsung Galaxy M05,budget,8999,0.0615,8446,near end-of-life,0.2619047619047619,1,1000,144.94817857142857,0.017161754507628295,0,0,0.0,False,"MobiMart PJ Extension: 0 units of Samsung Galaxy M05 - expected demand 0.3/week, capital tied up Rs 0, expected gross profit Rs 0, ROI 0.00x"
BLR-03,MobiMart Indiranagar,M06,Motorola Edge 60 Fusion,mid,22999,0.1248,20129,near end-of-life,0.11904761904761904,1,1000,341.69942857142854,0.016975479585246585,0,0,0.0,False,"MobiMart Indiranagar: 0 units of Motorola Edge 60 Fusion - expected demand 0.1/week, capital tied up Rs 0, expected gross profit Rs 0, ROI 0.00x"
DAV-01,MobiMart PJ Extension,F14,Vivo X210,flagship,69999,0.1731,57882,declining,0.08095238095238094,1,1000,980.8859871428571,0.016946304328510714,0,0,0.0,False,"MobiMart PJ Extension: 0 units of Vivo X210 - expected demand 0.1/week, capital tied up Rs 0, expected gross profit Rs 0, ROI 0.00x"
BLR-04,MobiMart Whitefield,M08,Nothing Phone (3a),mid,27999,0.1243,24519,near end-of-life,0.11904761904761904,1,1000,414.31853571428564,0.016897856181503555,0,0,0.0,False,"MobiMart Whitefield: 0 units of Nothing Phone (3a) - expected demand 0.1/week, capital tied up Rs 0, expected gross profit Rs 0, ROI 0.00x"
DAV-02,MobiMart MCC B Block,M08,Nothing Phone (3a),mid,27999,0.1243,24519,near end-of-life,0.11904761904761904,1,1000,414.31853571428564,0.016897856181503555,0,0,0.0,False,"MobiMart MCC B Block: 0 units of Nothing Phone (3a) - expected demand 0.1/week, capital tied up Rs 0, expected gross profit Rs 0, ROI 0.00x"
HOS-01,MobiMart Hosur Road,M08,Nothing Phone (3a),mid,27999,0.1243,24519,near end-of-life,0.11904761904761904,1,1000,414.31853571428564,0.016897856181503555,0,0,0.0,False,"MobiMart Hosur Road: 0 units of Nothing Phone (3a) - expected demand 0.1/week, capital tied up Rs 0, expected gross profit Rs 0, ROI 0.00x"
MYS-02,MobiMart Kuvempunagar,F13,OnePlus 14,flagship,72999,0.1726,60399,declining,0.08095238095238094,1,1000,1019.969837142857,0.016887197422852315,0,0,0.0,False,"MobiMart Kuvempunagar: 0 units of OnePlus 14 - expected demand 0.1/week, capital tied up Rs 0, expected gross profit Rs 0, ROI 0.00x"
DAV-02,MobiMart MCC B Block,F13,OnePlus 14,flagship,72999,0.1726,60399,declining,0.08095238095238094,1,1000,1019.969837142857,0.016887197422852315,0,0,0.0,False,"MobiMart MCC B Block: 0 units of OnePlus 14 - expected demand 0.1/week, capital tied up Rs 0, expected gross profit Rs 0, ROI 0.00x"
SHI-01,MobiMart Vidya Nagar,F13,OnePlus 14,flagship,72999,0.1726,60399,declining,0.08095238095238094,1,1000,1019.969837142857,0.016887197422852315,0,0,0.0,False,"MobiMart Vidya Nagar: 0 units of OnePlus 14 - expected demand 0.1/week, capital tied up Rs 0, expected gross profit Rs 0, ROI 0.00x"
UDU-01,MobiMart Udupi Main Road,F13,OnePlus 14,flagship,72999,0.1726,60399,declining,0.08095238095238094,1,1000,1019.969837142857,0.016887197422852315,0,0,0.0,False,"MobiMart Udupi Main Road: 0 units of OnePlus 14 - expected demand 0.1/week, capital tied up Rs 0, expected gross profit Rs 0, ROI 0.00x"
BLR-01,MobiMart Jayanagar,M05,Vivo V50e,mid,29999,0.1055,26834,near end-of-life,0.14285714285714285,1,1000,452.12778571428566,0.016849064087138915,0,0,0.0,False,"MobiMart Jayanagar: 0 units of Vivo V50e - expected demand 0.1/week, capital tied up Rs 0, expected gross profit Rs 0, ROI 0.00x"
BLR-07,MobiMart Yelahanka,M05,Vivo V50e,mid,29999,0.1055,26834,near end-of-life,0.14285714285714285,1,1000,452.12778571428566,0.016849064087138915,0,0,0.0,False,"MobiMart Yelahanka: 0 units of Vivo V50e - expected demand 0.1/week, capital tied up Rs 0, expected gross profit Rs 0, ROI 0.00x"
BLR-08,MobiMart Electronic City,M05,Vivo V50e,mid,29999,0.1055,26834,near end-of-life,0.14285714285714285,1,1000,452.12778571428566,0.016849064087138915,0,0,0.0,False,"MobiMart Electronic City: 0 units of Vivo V50e - expected demand 0.1/week, capital tied up Rs 0, expected gross profit Rs 0, ROI 0.00x"
MYS-02,MobiMart Kuvempunagar,M05,Vivo V50e,mid,29999,0.1055,26834,near end-of-life,0.14285714285714285,1,1000,452.12778571428566,0.016849064087138915,0,0,0.0,False,"MobiMart Kuvempunagar: 0 units of Vivo V50e - expected demand 0.1/week, capital tied up Rs 0, expected gross profit Rs 0, ROI 0.00x"
BLR-01,MobiMart Jayanagar,B07,POCO C75,budget,11999,0.0595,11285,near end-of-life,0.2619047619047619,1,1000,186.98441666666665,0.016569288140599613,0,0,0.0,False,"MobiMart Jayanagar: 0 units of POCO C75 - expected demand 0.3/week, capital tied up Rs 0, expected gross profit Rs 0, ROI 0.00x"
BLR-02,MobiMart Koramangala,B13,Redmi A6,budget,8999,0.055,8504,declining,0.2833333333333333,1,1000,140.23441666666668,0.016490406475384134,0,0,0.0,False,"MobiMart Koramangala: 0 units of Redmi A6 - expected demand 0.3/week, capital tied up Rs 0, expected gross profit Rs 0, ROI 0.00x"
BLR-02,MobiMart Koramangala,M09,Samsung Galaxy A36,mid,32999,0.1474,28135,near end-of-life,0.09523809523809523,1,1000,463.24310476190476,0.016465011720700366,0,0,0.0,False,"MobiMart Koramangala: 0 units of Samsung Galaxy A36 - expected demand 0.1/week, capital tied up Rs 0, expected gross profit Rs 0, ROI 0.00x"
BLR-04,MobiMart Whitefield,M09,Samsung Galaxy A36,mid,32999,0.1474,28135,near end-of-life,0.09523809523809523,1,1000,463.24310476190476,0.016465011720700366,0,0,0.0,False,"MobiMart Whitefield: 0 units of Samsung Galaxy A36 - expected demand 0.1/week, capital tied up Rs 0, expected gross profit Rs 0, ROI 0.00x"
BEL-02,MobiMart Tilakwadi,M09,Samsung Galaxy A36,mid,32999,0.1474,28135,near end-of-life,0.09523809523809523,1,1000,463.24310476190476,0.016465011720700366,0,0,0.0,False,"MobiMart Tilakwadi: 0 units of Samsung Galaxy A36 - expected demand 0.1/week, capital tied up Rs 0, expected gross profit Rs 0, ROI 0.00x"
KOL-01,MobiMart Station Road,M09,Samsung Galaxy A36,mid,32999,0.1474,28135,near end-of-life,0.09523809523809523,1,1000,463.24310476190476,0.016465011720700366,0,0,0.0,False,"MobiMart Station Road: 0 units of Samsung Galaxy A36 - expected demand 0.1/week, capital tied up Rs 0, expected gross profit Rs 0, ROI 0.00x"
MAN-02,MobiMart Kottara,B05,Moto G15 Play,budget,10999,0.0793,10127,near end-of-life,0.19047619047619047,1,1000,166.13727619047617,0.01640537930191332,0,0,0.0,False,"MobiMart Kottara: 0 units of Moto G15 Play - expected demand 0.2/week, capital tied up Rs 0, expected gross profit Rs 0, ROI 0.00x"
KAL-01,MobiMart KCD Road,B05,Moto G15 Play,budget,10999,0.0793,10127,near end-of-life,0.19047619047619047,1,1000,166.13727619047617,0.01640537930191332,0,0,0.0,False,"MobiMart KCD Road: 0 units of Moto G15 Play - expected demand 0.2/week, capital tied up Rs 0, expected gross profit Rs 0, ROI 0.00x"
MAN-01,MobiMart Court Road,B20,Nokia 3310 Max,budget,8999,0.0563,8492,ramping,0.2738095238095238,1,1000,138.72387023809523,0.01633583022116053,0,0,0.0,False,"MobiMart Court Road: 0 units of Nokia 3310 Max - expected demand 0.3/week, capital tied up Rs 0, expected gross profit Rs 0, ROI 0.00x"
BEL-01,MobiMart Cantonment,M10,OnePlus Nord 5,mid,29999,0.1463,25610,near end-of-life,0.09523809523809523,1,1000,417.98606666666666,0.016321205258362618,0,0,0.0,False,"MobiMart Cantonment: 0 units of OnePlus Nord 5 - expected demand 0.1/week, capital tied up Rs 0, expected gross profit Rs 0, ROI 0.00x"
SHI-01,MobiMart Vidya Nagar,M10,OnePlus Nord 5,mid,29999,0.1463,25610,near end-of-life,0.09523809523809523,1,1000,417.98606666666666,0.016321205258362618,0,0,0.0,False,"MobiMart Vidya Nagar: 0 units of OnePlus Nord 5 - expected demand 0.1/week, capital tied up Rs 0, expected gross profit Rs 0, ROI 0.00x"
UDU-01,MobiMart Udupi Main Road,B10,Nokia 3210 4G,budget,7499,0.0586,7060,near end-of-life,0.2619047619047619,1,1000,115.09179523809524,0.016301953999730206,0,0,0.0,False,"MobiMart Udupi Main Road: 0 units of Nokia 3210 4G - expected demand 0.3/week, capital tied up Rs 0, expected gross profit Rs 0, ROI 0.00x"
BLR-01,MobiMart Jayanagar,B09,Realme C75x,budget,12999,0.0703,12085,near end-of-life,0.21428571428571427,1,1000,195.82065,0.016203611915597847,0,0,0.0,False,"MobiMart Jayanagar: 0 units of Realme C75x - expected demand 0.2/week, capital tied up Rs 0, expected gross profit Rs 0, ROI 0.00x"
MYS-01,MobiMart Devaraja Mohalla,B09,Realme C75x,budget,12999,0.0703,12085,near end-of-life,0.21428571428571427,1,1000,195.82065,0.016203611915597847,0,0,0.0,False,"MobiMart Devaraja Mohalla: 0 units of Realme C75x - expected demand 0.2/week, capital tied up Rs 0, expected gross profit Rs 0, ROI 0.00x"
HUB-01,MobiMart Vidya Nagar,B09,Realme C75x,budget,12999,0.0703,12085,near end-of-life,0.21428571428571427,1,1000,195.82065,0.016203611915597847,0,0,0.0,False,"MobiMart Vidya Nagar: 0 units of Realme C75x - expected demand 0.2/week, capital tied up Rs 0, expected gross profit Rs 0, ROI 0.00x"
BLR-06,MobiMart Rajajinagar,F04,Vivo X200,flagship,65999,0.1846,53816,near end-of-life,0.07142857142857142,1,1000,870.243957142857,0.016170729098090846,0,0,0.0,False,"MobiMart Rajajinagar: 0 units of Vivo X200 - expected demand 0.1/week, capital tied up Rs 0, expected gross profit Rs 0, ROI 0.00x"
TUM-02,MobiMart SS Puram,M04,OnePlus Nord CE5,mid,24999,0.1444,21389,near end-of-life,0.09523809523809523,1,1000,343.7957714285714,0.016073485035699258,0,0,0.0,False,"MobiMart SS Puram: 0 units of OnePlus Nord CE5 - expected demand 0.1/week, capital tied up Rs 0, expected gross profit Rs 0, ROI 0.00x"
BLR-01,MobiMart Jayanagar,B12,Samsung Galaxy M06,budget,9999,0.0569,9430,near end-of-life,0.2619047619047619,1,1000,149.00890714285714,0.015801580821087714,0,0,0.0,False,"MobiMart Jayanagar: 0 units of Samsung Galaxy M06 - expected demand 0.3/week, capital tied up Rs 0, expected gross profit Rs 0, ROI 0.00x"
BLR-08,MobiMart Electronic City,B12,Samsung Galaxy M06,budget,9999,0.0569,9430,near end-of-life,0.2619047619047619,1,1000,149.00890714285714,0.015801580821087714,0,0,0.0,False,"MobiMart Electronic City: 0 units of Samsung Galaxy M06 - expected demand 0.3/week, capital tied up Rs 0, expected gross profit Rs 0, ROI 0.00x"
BLR-05,MobiMart Malleshwaram,B06,Lava Blaze Core,budget,8499,0.0523,8055,near end-of-life,0.2857142857142857,1,1000,126.99934285714285,0.01576652301143921,0,0,0.0,False,"MobiMart Malleshwaram: 0 units of Lava Blaze Core - expected demand 0.3/week, capital tied up Rs 0, expected gross profit Rs 0, ROI 0.00x"
TUM-02,MobiMart SS Puram,B06,Lava Blaze Core,budget,8499,0.0523,8055,near end-of-life,0.2857142857142857,1,1000,126.99934285714285,0.01576652301143921,0,0,0.0,False,"MobiMart SS Puram: 0 units of Lava Blaze Core - expected demand 0.3/week, capital tied up Rs 0, expected gross profit Rs 0, ROI 0.00x"
DAV-02,MobiMart MCC B Block,B11,Nokia 125 Power,budget,7999,0.0617,7505,near end-of-life,0.23809523809523808,1,1000,117.50911904761904,0.015657444243520193,0,0,0.0,False,"MobiMart MCC B Block: 0 units of Nokia 125 Power - expected demand 0.2/week, capital tied up Rs 0, expected gross profit Rs 0, ROI 0.00x"
BEL-01,MobiMart Cantonment,F17,iPhone 17 Pro Max,flagship,139900,0.2178,109430,ramping,0.054761904761904755,1,1000,1668.6072857142854,0.015248170389420501,0,0,0.0,False,"MobiMart Cantonment: 0 units of iPhone 17 Pro Max - expected demand 0.1/week, capital tied up Rs 0, expected gross profit Rs 0, ROI 0.00x"
UDU-01,MobiMart Udupi Main Road,M11,Samsung Galaxy A27,mid,23999,0.138,20687,near end-of-life,0.09523809523809523,1,1000,315.4154285714286,0.015247035750540368,0,0,0.0,False,"MobiMart Udupi Main Road: 0 units of Samsung Galaxy A27 - expected demand 0.1/week, capital tied up Rs 0, expected gross profit Rs 0, ROI 0.00x"
KOL-01,MobiMart Station Road,M11,Samsung Galaxy A27,mid,23999,0.138,20687,near end-of-life,0.09523809523809523,1,1000,315.4154285714286,0.015247035750540368,0,0,0.0,False,"MobiMart Station Road: 0 units of Samsung Galaxy A27 - expected demand 0.1/week, capital tied up Rs 0, expected gross profit Rs 0, ROI 0.00x"
HUB-01,MobiMart Vidya Nagar,B07,POCO C75,budget,11999,0.0595,11285,near end-of-life,0.23809523809523808,1,1000,169.98583333333332,0.015062989218726923,0,0,0.0,False,"MobiMart Vidya Nagar: 0 units of POCO C75 - expected demand 0.2/week, capital tied up Rs 0, expected gross profit Rs 0, ROI 0.00x"
HUB-02,MobiMart Gokul Road,B07,POCO C75,budget,11999,0.0595,11285,near end-of-life,0.23809523809523808,1,1000,169.98583333333332,0.015062989218726923,0,0,0.0,False,"MobiMart Gokul Road: 0 units of POCO C75 - expected demand 0.2/week, capital tied up Rs 0, expected gross profit Rs 0, ROI 0.00x"
DAV-02,MobiMart MCC B Block,B07,POCO C75,budget,11999,0.0595,11285,near end-of-life,0.23809523809523808,1,1000,169.98583333333332,0.015062989218726923,0,0,0.0,False,"MobiMart MCC B Block: 0 units of POCO C75 - expected demand 0.2/week, capital tied up Rs 0, expected gross profit Rs 0, ROI 0.00x"
DAV-02,MobiMart MCC B Block,M01,Samsung Galaxy A26,mid,22999,0.1104,20460,near end-of-life,0.11904761904761904,1,1000,302.27257142857144,0.014773830470604665,0,0,0.0,False,"MobiMart MCC B Block: 0 units of Samsung Galaxy A26 - expected demand 0.1/week, capital tied up Rs 0, expected gross profit Rs 0, ROI 0.00x"
BLR-07,MobiMart Yelahanka,B01,Nokia 110 Power,budget,6999,0.0798,6440,near end-of-life,0.16666666666666666,1,1000,93.0867,0.014454456521739129,0,0,0.0,False,"MobiMart Yelahanka: 0 units of Nokia 110 Power - expected demand 0.2/week, capital tied up Rs 0, expected gross profit Rs 0, ROI 0.00x"
DAV-01,MobiMart PJ Extension,B06,Lava Blaze Core,budget,8499,0.0523,8055,near end-of-life,0.2619047619047619,1,1000,116.41606428571428,0.014452646093819278,0,0,0.0,False,"MobiMart PJ Extension: 0 units of Lava Blaze Core - expected demand 0.3/week, capital tied up Rs 0, expected gross profit Rs 0, ROI 0.00x"
BEL-01,MobiMart Cantonment,B09,Realme C75x,budget,12999,0.0703,12085,near end-of-life,0.19047619047619047,1,1000,174.0628,0.014403210591642533,0,0,0.0,False,"MobiMart Cantonment: 0 units of Realme C75x - expected demand 0.2/week, capital tied up Rs 0, expected gross profit Rs 0, ROI 0.00x"
BLR-04,MobiMart Whitefield,F11,Samsung Galaxy S26,flagship,79999,0.1658,66735,near end-of-life,0.07142857142857142,1,1000,947.4167285714285,0.014196699311776856,0,0,0.0,False,"MobiMart Whitefield: 0 units of Samsung Galaxy S26 - expected demand 0.1/week, capital tied up Rs 0, expected gross profit Rs 0, ROI 0.00x"
BLR-06,MobiMart Rajajinagar,F11,Samsung Galaxy S26,flagship,79999,0.1658,66735,near end-of-life,0.07142857142857142,1,1000,947.4167285714285,0.014196699311776856,0,0,0.0,False,"MobiMart Rajajinagar: 0 units of Samsung Galaxy S26 - expected demand 0.1/week, capital tied up Rs 0, expected gross profit Rs 0, ROI 0.00x"
BLR-04,MobiMart Whitefield,M03,Realme 14 Pro,mid,27999,0.1295,24373,near end-of-life,0.09523809523809523,1,1000,345.32099999999997,0.014168177901776555,0,0,0.0,False,"MobiMart Whitefield: 0 units of Realme 14 Pro - expected demand 0.1/week, capital tied up Rs 0, expected gross profit Rs 0, ROI 0.00x"
BLR-08,MobiMart Electronic City,B13,Redmi A6,budget,8999,0.055,8504,declining,0.24285714285714283,1,1000,120.20092857142855,0.014134634121757826,0,0,0.0,False,"MobiMart Electronic City: 0 units of Redmi A6 - expected demand 0.2/week, capital tied up Rs 0, expected gross profit Rs 0, ROI 0.00x"
BEL-02,MobiMart Tilakwadi,M02,Redmi Note 14,mid,18999,0.129,16548,near end-of-life,0.09523809523809523,1,1000,233.41628571428572,0.014105407645291619,0,0,0.0,False,"MobiMart Tilakwadi: 0 units of Redmi Note 14 - expected demand 0.1/week, capital tied up Rs 0, expected gross profit Rs 0, ROI 0.00x"
BLR-02,MobiMart Koramangala,B08,Samsung Galaxy F06,budget,10499,0.0776,9684,near end-of-life,0.16666666666666666,1,1000,135.78706666666668,0.014021795401349306,0,0,0.0,False,"MobiMart Koramangala: 0 units of Samsung Galaxy F06 - expected demand 0.2/week, capital tied up Rs 0, expected gross profit Rs 0, ROI 0.00x"
BLR-06,MobiMart Rajajinagar,M06,Motorola Edge 60 Fusion,mid,22999,0.1248,20129,near end-of-life,0.09523809523809523,1,1000,273.35954285714286,0.01358038366819727,0,0,0.0,False,"MobiMart Rajajinagar: 0 units of Motorola Edge 60 Fusion - expected demand 0.1/week, capital tied up Rs 0, expected gross profit Rs 0, ROI 0.00x"
MYS-02,MobiMart Kuvempunagar,M06,Motorola Edge 60 Fusion,mid,22999,0.1248,20129,near end-of-life,0.09523809523809523,1,1000,273.35954285714286,0.01358038366819727,0,0,0.0,False,"MobiMart Kuvempunagar: 0 units of Motorola Edge 60 Fusion - expected demand 0.1/week, capital tied up Rs 0, expected gross profit Rs 0, ROI 0.00x"
TUM-02,MobiMart SS Puram,M06,Motorola Edge 60 Fusion,mid,22999,0.1248,20129,near end-of-life,0.09523809523809523,1,1000,273.35954285714286,0.01358038366819727,0,0,0.0,False,"MobiMart SS Puram: 0 units of Motorola Edge 60 Fusion - expected demand 0.1/week, capital tied up Rs 0, expected gross profit Rs 0, ROI 0.00x"
BEL-01,MobiMart Cantonment,M06,Motorola Edge 60 Fusion,mid,22999,0.1248,20129,near end-of-life,0.09523809523809523,1,1000,273.35954285714286,0.01358038366819727,0,0,0.0,False,"MobiMart Cantonment: 0 units of Motorola Edge 60 Fusion - expected demand 0.1/week, capital tied up Rs 0, expected gross profit Rs 0, ROI 0.00x"
BLR-07,MobiMart Yelahanka,B04,Realme Note 60,budget,9499,0.0751,8786,near end-of-life,0.16666666666666666,1,1000,118.89581666666666,0.013532417102966841,0,0,0.0,False,"MobiMart Yelahanka: 0 units of Realme Note 60 - expected demand 0.2/week, capital tied up Rs 0, expected gross profit Rs 0, ROI 0.00x"
BLR-05,MobiMart Malleshwaram,B03,Redmi A5,budget,7999,0.0748,7401,near end-of-life,0.16666666666666666,1,1000,99.72086666666667,0.01347397198576769,0,0,0.0,False,"MobiMart Malleshwaram: 0 units of Redmi A5 - expected demand 0.2/week, capital tied up Rs 0, expected gross profit Rs 0, ROI 0.00x"
BLR-05,MobiMart Malleshwaram,B10,Nokia 3210 4G,budget,7499,0.0586,7060,near end-of-life,0.21428571428571427,1,1000,94.16601428571428,0.01333796236341562,0,0,0.0,False,"MobiMart Malleshwaram: 0 units of Nokia 3210 4G - expected demand 0.2/week, capital tied up Rs 0, expected gross profit Rs 0, ROI 0.00x"
KOL-01,MobiMart Station Road,F10,iPhone 17,flagship,84900,0.2179,66400,near end-of-life,0.047619047619047616,1,1000,880.9385714285714,0.013267147160068847,0,0,0.0,False,"MobiMart Station Road: 0 units of iPhone 17 - expected demand 0.0/week, capital tied up Rs 0, expected gross profit Rs 0, ROI 0.00x"
HUB-02,MobiMart Gokul Road,B06,Lava Blaze Core,budget,8499,0.0523,8055,near end-of-life,0.23809523809523808,1,1000,105.8327857142857,0.013138769176199343,0,0,0.0,False,"MobiMart Gokul Road: 0 units of Lava Blaze Core - expected demand 0.2/week, capital tied up Rs 0, expected gross profit Rs 0, ROI 0.00x"
BLR-08,MobiMart Electronic City,B09,Realme C75x,budget,12999,0.0703,12085,near end-of-life,0.16666666666666666,1,1000,152.30495,0.012602809267687214,0,0,0.0,False,"MobiMart Electronic City: 0 units of Realme C75x - expected demand 0.2/week, capital tied up Rs 0, expected gross profit Rs 0, ROI 0.00x"
MYS-01,MobiMart Devaraja Mohalla,B02,Samsung Galaxy M05,budget,8999,0.0615,8446,near end-of-life,0.19047619047619047,1,1000,105.41685714285714,0.01248127600554785,0,0,0.0,False,"MobiMart Devaraja Mohalla: 0 units of Samsung Galaxy M05 - expected demand 0.2/week, capital tied up Rs 0, expected gross profit Rs 0, ROI 0.00x"
MYS-02,MobiMart Kuvempunagar,M09,Samsung Galaxy A36,mid,32999,0.1474,28135,near end-of-life,0.07142857142857142,1,1000,347.43232857142857,0.012348758790525273,0,0,0.0,False,"MobiMart Kuvempunagar: 0 units of Samsung Galaxy A36 - expected demand 0.1/week, capital tied up Rs 0, expected gross profit Rs 0, ROI 0.00x"
BLR-08,MobiMart Electronic City,B05,Moto G15 Play,budget,10999,0.0793,10127,near end-of-life,0.14285714285714285,1,1000,124.60295714285714,0.012304034476434989,0,0,0.0,False,"MobiMart Electronic City: 0 units of Moto G15 Play - expected demand 0.1/week, capital tied up Rs 0, expected gross profit Rs 0, ROI 0.00x"
MAN-02,MobiMart Kottara,M10,OnePlus Nord 5,mid,29999,0.1463,25610,near end-of-life,0.07142857142857142,1,1000,313.48955,0.012240903943771964,0,0,0.0,False,"MobiMart Kottara: 0 units of OnePlus Nord 5 - expected demand 0.1/week, capital tied up Rs 0, expected gross profit Rs 0, ROI 0.00x"
HUB-01,MobiMart Vidya Nagar,M04,OnePlus Nord CE5,mid,24999,0.1444,21389,near end-of-life,0.07142857142857142,1,1000,257.84682857142855,0.012055113776774443,0,0,0.0,False,"MobiMart Vidya Nagar: 0 units of OnePlus Nord CE5 - expected demand 0.1/week, capital tied up Rs 0, expected gross profit Rs 0, ROI 0.00x"
BEL-01,MobiMart Cantonment,M04,OnePlus Nord CE5,mid,24999,0.1444,21389,near end-of-life,0.07142857142857142,1,1000,257.84682857142855,0.012055113776774443,0,0,0.0,False,"MobiMart Cantonment: 0 units of OnePlus Nord CE5 - expected demand 0.1/week, capital tied up Rs 0, expected gross profit Rs 0, ROI 0.00x"
BEL-02,MobiMart Tilakwadi,M04,OnePlus Nord CE5,mid,24999,0.1444,21389,near end-of-life,0.07142857142857142,1,1000,257.84682857142855,0.012055113776774443,0,0,0.0,False,"MobiMart Tilakwadi: 0 units of OnePlus Nord CE5 - expected demand 0.1/week, capital tied up Rs 0, expected gross profit Rs 0, ROI 0.00x"
MYS-02,MobiMart Kuvempunagar,B07,POCO C75,budget,11999,0.0595,11285,near end-of-life,0.19047619047619047,1,1000,135.98866666666663,0.012050391374981536,0,0,0.0,False,"MobiMart Kuvempunagar: 0 units of POCO C75 - expected demand 0.2/week, capital tied up Rs 0, expected gross profit Rs 0, ROI 0.00x"
KAL-01,MobiMart KCD Road,B07,POCO C75,budget,11999,0.0595,11285,near end-of-life,0.19047619047619047,1,1000,135.98866666666663,0.012050391374981536,0,0,0.0,False,"MobiMart KCD Road: 0 units of POCO C75 - expected demand 0.2/week, capital tied up Rs 0, expected gross profit Rs 0, ROI 0.00x"
KOL-01,MobiMart Station Road,B08,Samsung Galaxy F06,budget,10499,0.0776,9684,near end-of-life,0.14285714285714285,1,1000,116.38891428571428,0.012018681772585117,0,0,0.0,False,"MobiMart Station Road: 0 units of Samsung Galaxy F06 - expected demand 0.1/week, capital tied up Rs 0, expected gross profit Rs 0, ROI 0.00x"
BLR-04,MobiMart Whitefield,B10,Nokia 3210 4G,budget,7499,0.0586,7060,near end-of-life,0.19047619047619047,1,1000,83.7031238095238,0.011855966545258329,0,0,0.0,False,"MobiMart Whitefield: 0 units of Nokia 3210 4G - expected demand 0.2/week, capital tied up Rs 0, expected gross profit Rs 0, ROI 0.00x"
HUB-01,MobiMart Vidya Nagar,B10,Nokia 3210 4G,budget,7499,0.0586,7060,near end-of-life,0.19047619047619047,1,1000,83.7031238095238,0.011855966545258329,0,0,0.0,False,"MobiMart Vidya Nagar: 0 units of Nokia 3210 4G - expected demand 0.2/week, capital tied up Rs 0, expected gross profit Rs 0, ROI 0.00x"
BEL-02,MobiMart Tilakwadi,B10,Nokia 3210 4G,budget,7499,0.0586,7060,near end-of-life,0.19047619047619047,1,1000,83.7031238095238,0.011855966545258329,0,0,0.0,False,"MobiMart Tilakwadi: 0 units of Nokia 3210 4G - expected demand 0.2/week, capital tied up Rs 0, expected gross profit Rs 0, ROI 0.00x"
SHI-01,MobiMart Vidya Nagar,B10,Nokia 3210 4G,budget,7499,0.0586,7060,near end-of-life,0.19047619047619047,1,1000,83.7031238095238,0.011855966545258329,0,0,0.0,False,"MobiMart Vidya Nagar: 0 units of Nokia 3210 4G - expected demand 0.2/week, capital tied up Rs 0, expected gross profit Rs 0, ROI 0.00x"
KOL-01,MobiMart Station Road,B10,Nokia 3210 4G,budget,7499,0.0586,7060,near end-of-life,0.19047619047619047,1,1000,83.7031238095238,0.011855966545258329,0,0,0.0,False,"MobiMart Station Road: 0 units of Nokia 3210 4G - expected demand 0.2/week, capital tied up Rs 0, expected gross profit Rs 0, ROI 0.00x"
BLR-03,MobiMart Indiranagar,M01,Samsung Galaxy A26,mid,22999,0.1104,20460,near end-of-life,0.09523809523809523,1,1000,241.81805714285713,0.01181906437648373,0,0,0.0,False,"MobiMart Indiranagar: 0 units of Samsung Galaxy A26 - expected demand 0.1/week, capital tied up Rs 0, expected gross profit Rs 0, ROI 0.00x"
DAV-01,MobiMart PJ Extension,M01,Samsung Galaxy A26,mid,22999,0.1104,20460,near end-of-life,0.09523809523809523,1,1000,241.81805714285713,0.01181906437648373,0,0,0.0,False,"MobiMart PJ Extension: 0 units of Samsung Galaxy A26 - expected demand 0.1/week, capital tied up Rs 0, expected gross profit Rs 0, ROI 0.00x"
HUB-01,MobiMart Vidya Nagar,B03,Redmi A5,budget,7999,0.0748,7401,near end-of-life,0.14285714285714285,1,1000,85.47502857142857,0.011549118844943734,0,0,0.0,False,"MobiMart Vidya Nagar: 0 units of Redmi A5 - expected demand 0.1/week, capital tied up Rs 0, expected gross profit Rs 0, ROI 0.00x"
BEL-02,MobiMart Tilakwadi,B03,Redmi A5,budget,7999,0.0748,7401,near end-of-life,0.14285714285714285,1,1000,85.47502857142857,0.011549118844943734,0,0,0.0,False,"MobiMart Tilakwadi: 0 units of Redmi A5 - expected demand 0.1/week, capital tied up Rs 0, expected gross profit Rs 0, ROI 0.00x"
MYS-02,MobiMart Kuvempunagar,B12,Samsung Galaxy M06,budget,9999,0.0569,9430,near end-of-life,0.19047619047619047,1,1000,108.37011428571428,0.011492058778972882,0,0,0.0,False,"MobiMart Kuvempunagar: 0 units of Samsung Galaxy M06 - expected demand 0.2/week, capital tied up Rs 0, expected gross profit Rs 0, ROI 0.00x"
BEL-01,MobiMart Cantonment,M05,Vivo V50e,mid,29999,0.1055,26834,near end-of-life,0.09523809523809523,1,1000,301.4185238095238,0.011232709391425944,0,0,0.0,False,"MobiMart Cantonment: 0 units of Vivo V50e - expected demand 0.1/week, capital tied up Rs 0, expected gross profit Rs 0, ROI 0.00x"
BLR-04,MobiMart Whitefield,F05,Pixel 9 Pro,flagship,109999,0.1894,89165,near end-of-life,0.047619047619047616,1,1000,992.086219047619,0.011126408557703348,0,0,0.0,False,"MobiMart Whitefield: 0 units of Pixel 9 Pro - expected demand 0.0/week, capital tied up Rs 0, expected gross profit Rs 0, ROI 0.00x"
BLR-03,MobiMart Indiranagar,F09,OnePlus Open 2,flagship,119999,0.1886,97367,near end-of-life,0.047619047619047616,1,1000,1077.7053047619045,0.01106848629167895,0,0,0.0,False,"MobiMart Indiranagar: 0 units of OnePlus Open 2 - expected demand 0.0/week, capital tied up Rs 0, expected gross profit Rs 0, ROI 0.00x"
BLR-04,MobiMart Whitefield,B11,Nokia 125 Power,budget,7999,0.0617,7505,near end-of-life,0.16666666666666666,1,1000,82.25638333333332,0.010960210970464132,0,0,0.0,False,"MobiMart Whitefield: 0 units of Nokia 125 Power - expected demand 0.2/week, capital tied up Rs 0, expected gross profit Rs 0, ROI 0.00x"
UDU-01,MobiMart Udupi Main Road,B02,Samsung Galaxy M05,budget,8999,0.0615,8446,near end-of-life,0.16666666666666666,1,1000,92.23975,0.010921116504854368,0,0,0.0,False,"MobiMart Udupi Main Road: 0 units of Samsung Galaxy M05 - expected demand 0.2/week, capital tied up Rs 0, expected gross profit Rs 0, ROI 0.00x"
TUM-02,MobiMart SS Puram,B09,Realme C75x,budget,12999,0.0703,12085,near end-of-life,0.14285714285714285,1,1000,130.5471,0.0108024079437319,0,0,0.0,False,"MobiMart SS Puram: 0 units of Realme C75x - expected demand 0.1/week, capital tied up Rs 0, expected gross profit Rs 0, ROI 0.00x"
BLR-05,MobiMart Malleshwaram,M03,Realme 14 Pro,mid,27999,0.1295,24373,near end-of-life,0.07142857142857142,1,1000,258.99075,0.010626133426332417,0,0,0.0,False,"MobiMart Malleshwaram: 0 units of Realme 14 Pro - expected demand 0.1/week, capital tied up Rs 0, expected gross profit Rs 0, ROI 0.00x"
HUB-01,MobiMart Vidya Nagar,F01,Samsung Galaxy S25,flagship,74999,0.182,61349,near end-of-life,0.047619047619047616,1,1000,649.9913333333333,0.010594978456589892,0,0,0.0,False,"MobiMart Vidya Nagar: 0 units of Samsung Galaxy S25 - expected demand 0.0/week, capital tied up Rs 0, expected gross profit Rs 0, ROI 0.00x"
MAN-02,MobiMart Kottara,M02,Redmi Note 14,mid,18999,0.129,16548,near end-of-life,0.07142857142857142,1,1000,175.06221428571428,0.010579055733968714,0,0,0.0,False,"MobiMart Kottara: 0 units of Redmi Note 14 - expected demand 0.1/week, capital tied up Rs 0, expected gross profit Rs 0, ROI 0.00x"
BLR-05,MobiMart Malleshwaram,B07,POCO C75,budget,11999,0.0595,11285,near end-of-life,0.16666666666666666,1,1000,118.99008333333332,0.010544092453108845,0,0,0.0,False,"MobiMart Malleshwaram: 0 units of POCO C75 - expected demand 0.2/week, capital tied up Rs 0, expected gross profit Rs 0, ROI 0.00x"
TUM-01,MobiMart MG Road,B07,POCO C75,budget,11999,0.0595,11285,near end-of-life,0.16666666666666666,1,1000,118.99008333333332,0.010544092453108845,0,0,0.0,False,"MobiMart MG Road: 0 units of POCO C75 - expected demand 0.2/week, capital tied up Rs 0, expected gross profit Rs 0, ROI 0.00x"
MYS-02,MobiMart Kuvempunagar,B06,Lava Blaze Core,budget,8499,0.0523,8055,near end-of-life,0.19047619047619047,1,1000,84.66622857142856,0.010511015340959474,0,0,0.0,False,"MobiMart Kuvempunagar: 0 units of Lava Blaze Core - expected demand 0.2/week, capital tied up Rs 0, expected gross profit Rs 0, ROI 0.00x"
MAN-02,MobiMart Kottara,B06,Lava Blaze Core,budget,8499,0.0523,8055,near end-of-life,0.19047619047619047,1,1000,84.66622857142856,0.010511015340959474,0,0,0.0,False,"MobiMart Kottara: 0 units of Lava Blaze Core - expected demand 0.2/week, capital tied up Rs 0, expected gross profit Rs 0, ROI 0.00x"
BLR-02,MobiMart Koramangala,M13,Realme 15 Pro,mid,28999,0.1139,25696,declining,0.08095238095238094,1,1000,267.38458904761904,0.010405689175265374,0,0,0.0,False,"MobiMart Koramangala: 0 units of Realme 15 Pro - expected demand 0.1/week, capital tied up Rs 0, expected gross profit Rs 0, ROI 0.00x"
DAV-01,MobiMart PJ Extension,M13,Realme 15 Pro,mid,28999,0.1139,25696,declining,0.08095238095238094,1,1000,267.38458904761904,0.010405689175265374,0,0,0.0,False,"MobiMart PJ Extension: 0 units of Realme 15 Pro - expected demand 0.1/week, capital tied up Rs 0, expected gross profit Rs 0, ROI 0.00x"
BLR-02,MobiMart Koramangala,B01,Nokia 110 Power,budget,6999,0.0798,6440,near end-of-life,0.11904761904761904,1,1000,66.4905,0.010324611801242235,0,0,0.0,False,"MobiMart Koramangala: 0 units of Nokia 110 Power - expected demand 0.1/week, capital tied up Rs 0, expected gross profit Rs 0, ROI 0.00x"
MYS-01,MobiMart Devaraja Mohalla,B01,Nokia 110 Power,budget,6999,0.0798,6440,near end-of-life,0.11904761904761904,1,1000,66.4905,0.010324611801242235,0,0,0.0,False,"MobiMart Devaraja Mohalla: 0 units of Nokia 110 Power - expected demand 0.1/week, capital tied up Rs 0, expected gross profit Rs 0, ROI 0.00x"
TUM-02,MobiMart SS Puram,B01,Nokia 110 Power,budget,6999,0.0798,6440,near end-of-life,0.11904761904761904,1,1000,66.4905,0.010324611801242235,0,0,0.0,False,"MobiMart SS Puram: 0 units of Nokia 110 Power - expected demand 0.1/week, capital tied up Rs 0, expected gross profit Rs 0, ROI 0.00x"
SHI-01,MobiMart Vidya Nagar,B01,Nokia 110 Power,budget,6999,0.0798,6440,near end-of-life,0.11904761904761904,1,1000,66.4905,0.010324611801242235,0,0,0.0,False,"MobiMart Vidya Nagar: 0 units of Nokia 110 Power - expected demand 0.1/week, capital tied up Rs 0, expected gross profit Rs 0, ROI 0.00x"
BLR-02,MobiMart Koramangala,B05,Moto G15 Play,budget,10999,0.0793,10127,near end-of-life,0.11904761904761904,1,1000,103.83579761904761,0.010253362063695825,0,0,0.0,False,"MobiMart Koramangala: 0 units of Moto G15 Play - expected demand 0.1/week, capital tied up Rs 0, expected gross profit Rs 0, ROI 0.00x"
SHI-01,MobiMart Vidya Nagar,B05,Moto G15 Play,budget,10999,0.0793,10127,near end-of-life,0.11904761904761904,1,1000,103.83579761904761,0.010253362063695825,0,0,0.0,False,"MobiMart Vidya Nagar: 0 units of Moto G15 Play - expected demand 0.1/week, capital tied up Rs 0, expected gross profit Rs 0, ROI 0.00x"
BLR-07,MobiMart Yelahanka,M06,Motorola Edge 60 Fusion,mid,22999,0.1248,20129,near end-of-life,0.07142857142857142,1,1000,205.0196571428571,0.01018528775114795,0,0,0.0,False,"MobiMart Yelahanka: 0 units of Motorola Edge 60 Fusion - expected demand 0.1/week, capital tied up Rs 0, expected gross profit Rs 0, ROI 0.00x"
MYS-01,MobiMart Devaraja Mohalla,M06,Motorola Edge 60 Fusion,mid,22999,0.1248,20129,near end-of-life,0.07142857142857142,1,1000,205.0196571428571,0.01018528775114795,0,0,0.0,False,"MobiMart Devaraja Mohalla: 0 units of Motorola Edge 60 Fusion - expected demand 0.1/week, capital tied up Rs 0, expected gross profit Rs 0, ROI 0.00x"
BLR-08,MobiMart Electronic City,M08,Nothing Phone (3a),mid,27999,0.1243,24519,near end-of-life,0.07142857142857142,1,1000,248.5911214285714,0.010138713708902134,0,0,0.0,False,"MobiMart Electronic City: 0 units of Nothing Phone (3a) - expected demand 0.1/week, capital tied up Rs 0, expected gross profit Rs 0, ROI 0.00x"
HUB-01,MobiMart Vidya Nagar,M08,Nothing Phone (3a),mid,27999,0.1243,24519,near end-of-life,0.07142857142857142,1,1000,248.5911214285714,0.010138713708902134,0,0,0.0,False,"MobiMart Vidya Nagar: 0 units of Nothing Phone (3a) - expected demand 0.1/week, capital tied up Rs 0, expected gross profit Rs 0, ROI 0.00x"
UDU-01,MobiMart Udupi Main Road,M08,Nothing Phone (3a),mid,27999,0.1243,24519,near end-of-life,0.07142857142857142,1,1000,248.5911214285714,0.010138713708902134,0,0,0.0,False,"MobiMart Udupi Main Road: 0 units of Nothing Phone (3a) - expected demand 0.1/week, capital tied up Rs 0, expected gross profit Rs 0, ROI 0.00x"
DAV-02,MobiMart MCC B Block,F15,Pixel 10 Pro,flagship,114999,0.1999,92011,declining,0.04047619047619047,1,1000,930.4788135714284,0.01011269102141514,0,0,0.0,False,"MobiMart MCC B Block: 0 units of Pixel 10 Pro - expected demand 0.0/week, capital tied up Rs 0, expected gross profit Rs 0, ROI 0.00x"
BEL-01,MobiMart Cantonment,F15,Pixel 10 Pro,flagship,114999,0.1999,92011,declining,0.04047619047619047,1,1000,930.4788135714284,0.01011269102141514,0,0,0.0,False,"MobiMart Cantonment: 0 units of Pixel 10 Pro - expected demand 0.0/week, capital tied up Rs 0, expected gross profit Rs 0, ROI 0.00x"
MAN-02,MobiMart Kottara,F15,Pixel 10 Pro,flagship,114999,0.1999,92011,declining,0.04047619047619047,1,1000,930.4788135714284,0.01011269102141514,0,0,0.0,False,"MobiMart Kottara: 0 units of Pixel 10 Pro - expected demand 0.0/week, capital tied up Rs 0, expected gross profit Rs 0, ROI 0.00x"
DAV-02,MobiMart MCC B Block,B08,Samsung Galaxy F06,budget,10499,0.0776,9684,near end-of-life,0.11904761904761904,1,1000,96.9907619047619,0.010015568143820932,0,0,0.0,False,"MobiMart MCC B Block: 0 units of Samsung Galaxy F06 - expected demand 0.1/week, capital tied up Rs 0, expected gross profit Rs 0, ROI 0.00x"
BEL-01,MobiMart Cantonment,B08,Samsung Galaxy F06,budget,10499,0.0776,9684,near end-of-life,0.11904761904761904,1,1000,96.9907619047619,0.010015568143820932,0,0,0.0,False,"MobiMart Cantonment: 0 units of Samsung Galaxy F06 - expected demand 0.1/week, capital tied up Rs 0, expected gross profit Rs 0, ROI 0.00x"
MAN-01,MobiMart Court Road,B08,Samsung Galaxy F06,budget,10499,0.0776,9684,near end-of-life,0.11904761904761904,1,1000,96.9907619047619,0.010015568143820932,0,0,0.0,False,"MobiMart Court Road: 0 units of Samsung Galaxy F06 - expected demand 0.1/week, capital tied up Rs 0, expected gross profit Rs 0, ROI 0.00x"
BEL-02,MobiMart Tilakwadi,F02,iPhone 16,flagship,79900,0.1711,66229,near end-of-life,0.047619047619047616,1,1000,650.9947619047618,0.00982945177950387,0,0,0.0,False,"MobiMart Tilakwadi: 0 units of iPhone 16 - expected demand 0.0/week, capital tied up Rs 0, expected gross profit Rs 0, ROI 0.00x"
HUB-02,MobiMart Gokul Road,B04,Realme Note 60,budget,9499,0.0751,8786,near end-of-life,0.11904761904761904,1,1000,84.92558333333332,0.009666012216404885,0,0,0.0,False,"MobiMart Gokul Road: 0 units of Realme Note 60 - expected demand 0.1/week, capital tied up Rs 0, expected gross profit Rs 0, ROI 0.00x"
MAN-01,MobiMart Court Road,B04,Realme Note 60,budget,9499,0.0751,8786,near end-of-life,0.11904761904761904,1,1000,84.92558333333332,0.009666012216404885,0,0,0.0,False,"MobiMart Court Road: 0 units of Realme Note 60 - expected demand 0.1/week, capital tied up Rs 0, expected gross profit Rs 0, ROI 0.00x"
TUM-02,MobiMart SS Puram,B03,Redmi A5,budget,7999,0.0748,7401,near end-of-life,0.11904761904761904,1,1000,71.22919047619048,0.009624265704119778,0,0,0.0,False,"MobiMart SS Puram: 0 units of Redmi A5 - expected demand 0.1/week, capital tied up Rs 0, expected gross profit Rs 0, ROI 0.00x"
BLR-02,MobiMart Koramangala,F07,iPhone 16 Pro,flagship,119900,0.1678,99781,near end-of-life,0.047619047619047616,1,1000,958.0580952380952,0.009601608474941074,0,0,0.0,False,"MobiMart Koramangala: 0 units of iPhone 16 Pro - expected demand 0.0/week, capital tied up Rs 0, expected gross profit Rs 0, ROI 0.00x"
BLR-08,MobiMart Electronic City,B11,Nokia 125 Power,budget,7999,0.0617,7505,near end-of-life,0.14285714285714285,1,1000,70.50547142857141,0.009394466546112113,0,0,0.0,False,"MobiMart Electronic City: 0 units of Nokia 125 Power - expected demand 0.1/week, capital tied up Rs 0, expected gross profit Rs 0, ROI 0.00x"
BLR-04,MobiMart Whitefield,B02,Samsung Galaxy M05,budget,8999,0.0615,8446,near end-of-life,0.14285714285714285,1,1000,79.06264285714285,0.009360957004160887,0,0,0.0,False,"MobiMart Whitefield: 0 units of Samsung Galaxy M05 - expected demand 0.1/week, capital tied up Rs 0, expected gross profit Rs 0, ROI 0.00x"
BLR-06,MobiMart Rajajinagar,B02,Samsung Galaxy M05,budget,8999,0.0615,8446,near end-of-life,0.14285714285714285,1,1000,79.06264285714285,0.009360957004160887,0,0,0.0,False,"MobiMart Rajajinagar: 0 units of Samsung Galaxy M05 - expected demand 0.1/week, capital tied up Rs 0, expected gross profit Rs 0, ROI 0.00x"
DAV-02,MobiMart MCC B Block,B02,Samsung Galaxy M05,budget,8999,0.0615,8446,near end-of-life,0.14285714285714285,1,1000,79.06264285714285,0.009360957004160887,0,0,0.0,False,"MobiMart MCC B Block: 0 units of Samsung Galaxy M05 - expected demand 0.1/week, capital tied up Rs 0, expected gross profit Rs 0, ROI 0.00x"
HOS-01,MobiMart Hosur Road,B02,Samsung Galaxy M05,budget,8999,0.0615,8446,near end-of-life,0.14285714285714285,1,1000,79.06264285714285,0.009360957004160887,0,0,0.0,False,"MobiMart Hosur Road: 0 units of Samsung Galaxy M05 - expected demand 0.1/week, capital tied up Rs 0, expected gross profit Rs 0, ROI 0.00x"
TUM-01,MobiMart MG Road,M07,POCO X7 Pro,mid,26999,0.1145,23908,near end-of-life,0.07142857142857142,1,1000,220.81325,0.009235956583570354,0,0,0.0,False,"MobiMart MG Road: 0 units of POCO X7 Pro - expected demand 0.1/week, capital tied up Rs 0, expected gross profit Rs 0, ROI 0.00x"
BEL-01,MobiMart Cantonment,M07,POCO X7 Pro,mid,26999,0.1145,23908,near end-of-life,0.07142857142857142,1,1000,220.81325,0.009235956583570354,0,0,0.0,False,"MobiMart Cantonment: 0 units of POCO X7 Pro - expected demand 0.1/week, capital tied up Rs 0, expected gross profit Rs 0, ROI 0.00x"
BLR-06,MobiMart Rajajinagar,B06,Lava Blaze Core,budget,8499,0.0523,8055,near end-of-life,0.16666666666666666,1,1000,74.08295,0.009197138423339541,0,0,0.0,False,"MobiMart Rajajinagar: 0 units of Lava Blaze Core - expected demand 0.2/week, capital tied up Rs 0, expected gross profit Rs 0, ROI 0.00x"
KOL-01,MobiMart Station Road,B06,Lava Blaze Core,budget,8499,0.0523,8055,near end-of-life,0.16666666666666666,1,1000,74.08295,0.009197138423339541,0,0,0.0,False,"MobiMart Station Road: 0 units of Lava Blaze Core - expected demand 0.2/week, capital tied up Rs 0, expected gross profit Rs 0, ROI 0.00x"
KAL-01,MobiMart KCD Road,B09,Realme C75x,budget,12999,0.0703,12085,near end-of-life,0.11904761904761904,1,1000,108.78925,0.009002006619776582,0,0,0.0,False,"MobiMart KCD Road: 0 units of Realme C75x - expected demand 0.1/week, capital tied up Rs 0, expected gross profit Rs 0, ROI 0.00x"
BLR-04,MobiMart Whitefield,B12,Samsung Galaxy M06,budget,9999,0.0569,9430,near end-of-life,0.14285714285714285,1,1000,81.2775857142857,0.00861904408422966,0,0,0.0,False,"MobiMart Whitefield: 0 units of Samsung Galaxy M06 - expected demand 0.1/week, capital tied up Rs 0, expected gross profit Rs 0, ROI 0.00x"
UDU-01,MobiMart Udupi Main Road,B12,Samsung Galaxy M06,budget,9999,0.0569,9430,near end-of-life,0.14285714285714285,1,1000,81.2775857142857,0.00861904408422966,0,0,0.0,False,"MobiMart Udupi Main Road: 0 units of Samsung Galaxy M06 - expected demand 0.1/week, capital tied up Rs 0, expected gross profit Rs 0, ROI 0.00x"
MAN-02,MobiMart Kottara,F14,Vivo X210,flagship,69999,0.1731,57882,declining,0.04047619047619047,1,1000,490.44299357142853,0.008473152164255357,0,0,0.0,False,"MobiMart Kottara: 0 units of Vivo X210 - expected demand 0.0/week, capital tied up Rs 0, expected gross profit Rs 0, ROI 0.00x"
HOS-01,MobiMart Hosur Road,F13,OnePlus 14,flagship,72999,0.1726,60399,declining,0.04047619047619047,1,1000,509.9849185714285,0.008443598711426158,0,0,0.0,False,"MobiMart Hosur Road: 0 units of OnePlus 14 - expected demand 0.0/week, capital tied up Rs 0, expected gross profit Rs 0, ROI 0.00x"
BLR-02,MobiMart Koramangala,M05,Vivo V50e,mid,29999,0.1055,26834,near end-of-life,0.07142857142857142,1,1000,226.06389285714283,0.008424532043569457,0,0,0.0,False,"MobiMart Koramangala: 0 units of Vivo V50e - expected demand 0.1/week, capital tied up Rs 0, expected gross profit Rs 0, ROI 0.00x"
BLR-05,MobiMart Malleshwaram,M05,Vivo V50e,mid,29999,0.1055,26834,near end-of-life,0.07142857142857142,1,1000,226.06389285714283,0.008424532043569457,0,0,0.0,False,"MobiMart Malleshwaram: 0 units of Vivo V50e - expected demand 0.1/week, capital tied up Rs 0, expected gross profit Rs 0, ROI 0.00x"
BEL-02,MobiMart Tilakwadi,B01,Nokia 110 Power,budget,6999,0.0798,6440,near end-of-life,0.09523809523809523,1,1000,53.1924,0.008259689440993789,0,0,0.0,False,"MobiMart Tilakwadi: 0 units of Nokia 110 Power - expected demand 0.1/week, capital tied up Rs 0, expected gross profit Rs 0, ROI 0.00x"
DAV-02,MobiMart MCC B Block,M09,Samsung Galaxy A36,mid,32999,0.1474,28135,near end-of-life,0.047619047619047616,1,1000,231.62155238095238,0.008232505860350183,0,0,0.0,False,"MobiMart MCC B Block: 0 units of Samsung Galaxy A36 - expected demand 0.0/week, capital tied up Rs 0, expected gross profit Rs 0, ROI 0.00x"
SHI-01,MobiMart Vidya Nagar,M09,Samsung Galaxy A36,mid,32999,0.1474,28135,near end-of-life,0.047619047619047616,1,1000,231.62155238095238,0.008232505860350183,0,0,0.0,False,"MobiMart Vidya Nagar: 0 units of Samsung Galaxy A36 - expected demand 0.0/week, capital tied up Rs 0, expected gross profit Rs 0, ROI 0.00x"
BLR-06,MobiMart Rajajinagar,B05,Moto G15 Play,budget,10999,0.0793,10127,near end-of-life,0.09523809523809523,1,1000,83.06863809523809,0.00820268965095666,0,0,0.0,False,"MobiMart Rajajinagar: 0 units of Moto G15 Play - expected demand 0.1/week, capital tied up Rs 0, expected gross profit Rs 0, ROI 0.00x"
BEL-01,MobiMart Cantonment,B05,Moto G15 Play,budget,10999,0.0793,10127,near end-of-life,0.09523809523809523,1,1000,83.06863809523809,0.00820268965095666,0,0,0.0,False,"MobiMart Cantonment: 0 units of Moto G15 Play - expected demand 0.1/week, capital tied up Rs 0, expected gross profit Rs 0, ROI 0.00x"
BLR-06,MobiMart Rajajinagar,M04,OnePlus Nord CE5,mid,24999,0.1444,21389,near end-of-life,0.047619047619047616,1,1000,171.8978857142857,0.008036742517849629,0,0,0.0,False,"MobiMart Rajajinagar: 0 units of OnePlus Nord CE5 - expected demand 0.0/week, capital tied up Rs 0, expected gross profit Rs 0, ROI 0.00x"
BLR-03,MobiMart Indiranagar,B06,Lava Blaze Core,budget,8499,0.0523,8055,near end-of-life,0.14285714285714285,1,1000,63.499671428571425,0.007883261505719606,0,0,0.0,False,"MobiMart Indiranagar: 0 units of Lava Blaze Core - expected demand 0.1/week, capital tied up Rs 0, expected gross profit Rs 0, ROI 0.00x"
MAN-01,MobiMart Court Road,B06,Lava Blaze Core,budget,8499,0.0523,8055,near end-of-life,0.14285714285714285,1,1000,63.499671428571425,0.007883261505719606,0,0,0.0,False,"MobiMart Court Road: 0 units of Lava Blaze Core - expected demand 0.1/week, capital tied up Rs 0, expected gross profit Rs 0, ROI 0.00x"
KAL-01,MobiMart KCD Road,B06,Lava Blaze Core,budget,8499,0.0523,8055,near end-of-life,0.14285714285714285,1,1000,63.499671428571425,0.007883261505719606,0,0,0.0,False,"MobiMart KCD Road: 0 units of Lava Blaze Core - expected demand 0.1/week, capital tied up Rs 0, expected gross profit Rs 0, ROI 0.00x"
UDU-01,MobiMart Udupi Main Road,B06,Lava Blaze Core,budget,8499,0.0523,8055,near end-of-life,0.14285714285714285,1,1000,63.499671428571425,0.007883261505719606,0,0,0.0,False,"MobiMart Udupi Main Road: 0 units of Lava Blaze Core - expected demand 0.1/week, capital tied up Rs 0, expected gross profit Rs 0, ROI 0.00x"
SHI-01,MobiMart Vidya Nagar,B04,Realme Note 60,budget,9499,0.0751,8786,near end-of-life,0.09523809523809523,1,1000,67.94046666666667,0.007732809773123909,0,0,0.0,False,"MobiMart Vidya Nagar: 0 units of Realme Note 60 - expected demand 0.1/week, capital tied up Rs 0, expected gross profit Rs 0, ROI 0.00x"
HOS-01,MobiMart Hosur Road,B03,Redmi A5,budget,7999,0.0748,7401,near end-of-life,0.09523809523809523,1,1000,56.98335238095238,0.007699412563295822,0,0,0.0,False,"MobiMart Hosur Road: 0 units of Redmi A5 - expected demand 0.1/week, capital tied up Rs 0, expected gross profit Rs 0, ROI 0.00x"
MYS-02,MobiMart Kuvempunagar,M11,Samsung Galaxy A27,mid,23999,0.138,20687,near end-of-life,0.047619047619047616,1,1000,157.7077142857143,0.007623517875270184,0,0,0.0,False,"MobiMart Kuvempunagar: 0 units of Samsung Galaxy A27 - expected demand 0.0/week, capital tied up Rs 0, expected gross profit Rs 0, ROI 0.00x"
TUM-02,MobiMart SS Puram,B07,POCO C75,budget,11999,0.0595,11285,near end-of-life,0.11904761904761904,1,1000,84.99291666666666,0.007531494609363461,0,0,0.0,False,"MobiMart SS Puram: 0 units of POCO C75 - expected demand 0.1/week, capital tied up Rs 0, expected gross profit Rs 0, ROI 0.00x"
BLR-02,MobiMart Koramangala,B10,Nokia 3210 4G,budget,7499,0.0586,7060,near end-of-life,0.11904761904761904,1,1000,52.314452380952375,0.007409979090786455,0,0,0.0,False,"MobiMart Koramangala: 0 units of Nokia 3210 4G - expected demand 0.1/week, capital tied up Rs 0, expected gross profit Rs 0, ROI 0.00x"
BLR-07,MobiMart Yelahanka,B09,Realme C75x,budget,12999,0.0703,12085,near end-of-life,0.09523809523809523,1,1000,87.0314,0.007201605295821267,0,0,0.0,False,"MobiMart Yelahanka: 0 units of Realme C75x - expected demand 0.1/week, capital tied up Rs 0, expected gross profit Rs 0, ROI 0.00x"
MYS-02,MobiMart Kuvempunagar,B09,Realme C75x,budget,12999,0.0703,12085,near end-of-life,0.09523809523809523,1,1000,87.0314,0.007201605295821267,0,0,0.0,False,"MobiMart Kuvempunagar: 0 units of Realme C75x - expected demand 0.1/week, capital tied up Rs 0, expected gross profit Rs 0, ROI 0.00x"
TUM-02,MobiMart SS Puram,B12,Samsung Galaxy M06,budget,9999,0.0569,9430,near end-of-life,0.11904761904761904,1,1000,67.73132142857143,0.007182536736858053,0,0,0.0,False,"MobiMart SS Puram: 0 units of Samsung Galaxy M06 - expected demand 0.1/week, capital tied up Rs 0, expected gross profit Rs 0, ROI 0.00x"
BLR-03,MobiMart Indiranagar,M02,Redmi Note 14,mid,18999,0.129,16548,near end-of-life,0.047619047619047616,1,1000,116.70814285714286,0.0070527038226458096,0,0,0.0,False,"MobiMart Indiranagar: 0 units of Redmi Note 14 - expected demand 0.0/week, capital tied up Rs 0, expected gross profit Rs 0, ROI 0.00x"
DAV-01,MobiMart PJ Extension,M02,Redmi Note 14,mid,18999,0.129,16548,near end-of-life,0.047619047619047616,1,1000,116.70814285714286,0.0070527038226458096,0,0,0.0,False,"MobiMart PJ Extension: 0 units of Redmi Note 14 - expected demand 0.0/week, capital tied up Rs 0, expected gross profit Rs 0, ROI 0.00x"
MAN-01,MobiMart Court Road,M02,Redmi Note 14,mid,18999,0.129,16548,near end-of-life,0.047619047619047616,1,1000,116.70814285714286,0.0070527038226458096,0,0,0.0,False,"MobiMart Court Road: 0 units of Redmi Note 14 - expected demand 0.0/week, capital tied up Rs 0, expected gross profit Rs 0, ROI 0.00x"
KAL-01,MobiMart KCD Road,M06,Motorola Edge 60 Fusion,mid,22999,0.1248,20129,near end-of-life,0.047619047619047616,1,1000,136.67977142857143,0.006790191834098635,0,0,0.0,False,"MobiMart KCD Road: 0 units of Motorola Edge 60 Fusion - expected demand 0.0/week, capital tied up Rs 0, expected gross profit Rs 0, ROI 0.00x"
MYS-02,MobiMart Kuvempunagar,M08,Nothing Phone (3a),mid,27999,0.1243,24519,near end-of-life,0.047619047619047616,1,1000,165.72741428571427,0.0067591424726014225,0,0,0.0,False,"MobiMart Kuvempunagar: 0 units of Nothing Phone (3a) - expected demand 0.0/week, capital tied up Rs 0, expected gross profit Rs 0, ROI 0.00x"
TUM-02,MobiMart SS Puram,M08,Nothing Phone (3a),mid,27999,0.1243,24519,near end-of-life,0.047619047619047616,1,1000,165.72741428571427,0.0067591424726014225,0,0,0.0,False,"MobiMart SS Puram: 0 units of Nothing Phone (3a) - expected demand 0.0/week, capital tied up Rs 0, expected gross profit Rs 0, ROI 0.00x"
KAL-01,MobiMart KCD Road,M08,Nothing Phone (3a),mid,27999,0.1243,24519,near end-of-life,0.047619047619047616,1,1000,165.72741428571427,0.0067591424726014225,0,0,0.0,False,"MobiMart KCD Road: 0 units of Nothing Phone (3a) - expected demand 0.0/week, capital tied up Rs 0, expected gross profit Rs 0, ROI 0.00x"
BLR-03,MobiMart Indiranagar,F08,Samsung Galaxy Z Flip7,flagship,99999,0.2188,78119,near end-of-life,0.023809523809523808,1,1000,520.9471714285713,0.006668635945526329,0,0,0.0,False,"MobiMart Indiranagar: 0 units of Samsung Galaxy Z Flip7 - expected demand 0.0/week, capital tied up Rs 0, expected gross profit Rs 0, ROI 0.00x"
KOL-01,MobiMart Station Road,B11,Nokia 125 Power,budget,7999,0.0617,7505,near end-of-life,0.09523809523809523,1,1000,47.00364761904761,0.006262977697408076,0,0,0.0,False,"MobiMart Station Road: 0 units of Nokia 125 Power - expected demand 0.1/week, capital tied up Rs 0, expected gross profit Rs 0, ROI 0.00x"
BLR-05,MobiMart Malleshwaram,B02,Samsung Galaxy M05,budget,8999,0.0615,8446,near end-of-life,0.09523809523809523,1,1000,52.70842857142857,0.006240638002773925,0,0,0.0,False,"MobiMart Malleshwaram: 0 units of Samsung Galaxy M05 - expected demand 0.1/week, capital tied up Rs 0, expected gross profit Rs 0, ROI 0.00x"
BEL-01,MobiMart Cantonment,B02,Samsung Galaxy M05,budget,8999,0.0615,8446,near end-of-life,0.09523809523809523,1,1000,52.70842857142857,0.006240638002773925,0,0,0.0,False,"MobiMart Cantonment: 0 units of Samsung Galaxy M05 - expected demand 0.1/week, capital tied up Rs 0, expected gross profit Rs 0, ROI 0.00x"
TUM-01,MobiMart MG Road,B01,Nokia 110 Power,budget,6999,0.0798,6440,near end-of-life,0.07142857142857142,1,1000,39.894299999999994,0.00619476708074534,0,0,0.0,False,"MobiMart MG Road: 0 units of Nokia 110 Power - expected demand 0.1/week, capital tied up Rs 0, expected gross profit Rs 0, ROI 0.00x"
BLR-03,MobiMart Indiranagar,M07,POCO X7 Pro,mid,26999,0.1145,23908,near end-of-life,0.047619047619047616,1,1000,147.20883333333333,0.006157304389046902,0,0,0.0,False,"MobiMart Indiranagar: 0 units of POCO X7 Pro - expected demand 0.0/week, capital tied up Rs 0, expected gross profit Rs 0, ROI 0.00x"
BLR-07,MobiMart Yelahanka,M07,POCO X7 Pro,mid,26999,0.1145,23908,near end-of-life,0.047619047619047616,1,1000,147.20883333333333,0.006157304389046902,0,0,0.0,False,"MobiMart Yelahanka: 0 units of POCO X7 Pro - expected demand 0.0/week, capital tied up Rs 0, expected gross profit Rs 0, ROI 0.00x"
KAL-01,MobiMart KCD Road,M07,POCO X7 Pro,mid,26999,0.1145,23908,near end-of-life,0.047619047619047616,1,1000,147.20883333333333,0.006157304389046902,0,0,0.0,False,"MobiMart KCD Road: 0 units of POCO X7 Pro - expected demand 0.0/week, capital tied up Rs 0, expected gross profit Rs 0, ROI 0.00x"
BEL-01,MobiMart Cantonment,B07,POCO C75,budget,11999,0.0595,11285,near end-of-life,0.09523809523809523,1,1000,67.99433333333332,0.006025195687490768,0,0,0.0,False,"MobiMart Cantonment: 0 units of POCO C75 - expected demand 0.1/week, capital tied up Rs 0, expected gross profit Rs 0, ROI 0.00x"
MAN-02,MobiMart Kottara,B08,Samsung Galaxy F06,budget,10499,0.0776,9684,near end-of-life,0.07142857142857142,1,1000,58.19445714285714,0.006009340886292559,0,0,0.0,False,"MobiMart Kottara: 0 units of Samsung Galaxy F06 - expected demand 0.1/week, capital tied up Rs 0, expected gross profit Rs 0, ROI 0.00x"
MYS-01,MobiMart Devaraja Mohalla,M01,Samsung Galaxy A26,mid,22999,0.1104,20460,near end-of-life,0.047619047619047616,1,1000,120.90902857142856,0.005909532188241865,0,0,0.0,False,"MobiMart Devaraja Mohalla: 0 units of Samsung Galaxy A26 - expected demand 0.0/week, capital tied up Rs 0, expected gross profit Rs 0, ROI 0.00x"
DAV-02,MobiMart MCC B Block,B04,Realme Note 60,budget,9499,0.0751,8786,near end-of-life,0.07142857142857142,1,1000,50.95535,0.0057996073298429325,0,0,0.0,False,"MobiMart MCC B Block: 0 units of Realme Note 60 - expected demand 0.1/week, capital tied up Rs 0, expected gross profit Rs 0, ROI 0.00x"
KOL-01,MobiMart Station Road,B04,Realme Note 60,budget,9499,0.0751,8786,near end-of-life,0.07142857142857142,1,1000,50.95535,0.0057996073298429325,0,0,0.0,False,"MobiMart Station Road: 0 units of Realme Note 60 - expected demand 0.1/week, capital tied up Rs 0, expected gross profit Rs 0, ROI 0.00x"
BLR-04,MobiMart Whitefield,M05,Vivo V50e,mid,29999,0.1055,26834,near end-of-life,0.047619047619047616,1,1000,150.7092619047619,0.005616354695712972,0,0,0.0,False,"MobiMart Whitefield: 0 units of Vivo V50e - expected demand 0.0/week, capital tied up Rs 0, expected gross profit Rs 0, ROI 0.00x"
BLR-06,MobiMart Rajajinagar,M05,Vivo V50e,mid,29999,0.1055,26834,near end-of-life,0.047619047619047616,1,1000,150.7092619047619,0.005616354695712972,0,0,0.0,False,"MobiMart Rajajinagar: 0 units of Vivo V50e - expected demand 0.0/week, capital tied up Rs 0, expected gross profit Rs 0, ROI 0.00x"
BEL-02,MobiMart Tilakwadi,M05,Vivo V50e,mid,29999,0.1055,26834,near end-of-life,0.047619047619047616,1,1000,150.7092619047619,0.005616354695712972,0,0,0.0,False,"MobiMart Tilakwadi: 0 units of Vivo V50e - expected demand 0.0/week, capital tied up Rs 0, expected gross profit Rs 0, ROI 0.00x"
BLR-05,MobiMart Malleshwaram,F09,OnePlus Open 2,flagship,119999,0.1886,97367,near end-of-life,0.023809523809523808,1,1000,538.8526523809522,0.005534243145839475,0,0,0.0,False,"MobiMart Malleshwaram: 0 units of OnePlus Open 2 - expected demand 0.0/week, capital tied up Rs 0, expected gross profit Rs 0, ROI 0.00x"
TUM-01,MobiMart MG Road,B09,Realme C75x,budget,12999,0.0703,12085,near end-of-life,0.07142857142857142,1,1000,65.27355,0.00540120397186595,0,0,0.0,False,"MobiMart MG Road: 0 units of Realme C75x - expected demand 0.1/week, capital tied up Rs 0, expected gross profit Rs 0, ROI 0.00x"
MAN-01,MobiMart Court Road,F04,Vivo X200,flagship,65999,0.1846,53816,near end-of-life,0.023809523809523808,1,1000,290.08131904761905,0.00539024303269695,0,0,0.0,False,"MobiMart Court Road: 0 units of Vivo X200 - expected demand 0.0/week, capital tied up Rs 0, expected gross profit Rs 0, ROI 0.00x"
BLR-03,MobiMart Indiranagar,F06,Xiaomi 15,flagship,64999,0.1837,53059,near end-of-life,0.023809523809523808,1,1000,284.2932452380952,0.005358058863493379,0,0,0.0,False,"MobiMart Indiranagar: 0 units of Xiaomi 15 - expected demand 0.0/week, capital tied up Rs 0, expected gross profit Rs 0, ROI 0.00x"
HUB-01,MobiMart Vidya Nagar,F06,Xiaomi 15,flagship,64999,0.1837,53059,near end-of-life,0.023809523809523808,1,1000,284.2932452380952,0.005358058863493379,0,0,0.0,False,"MobiMart Vidya Nagar: 0 units of Xiaomi 15 - expected demand 0.0/week, capital tied up Rs 0, expected gross profit Rs 0, ROI 0.00x"
DAV-01,MobiMart PJ Extension,F06,Xiaomi 15,flagship,64999,0.1837,53059,near end-of-life,0.023809523809523808,1,1000,284.2932452380952,0.005358058863493379,0,0,0.0,False,"MobiMart PJ Extension: 0 units of Xiaomi 15 - expected demand 0.0/week, capital tied up Rs 0, expected gross profit Rs 0, ROI 0.00x"
DAV-02,MobiMart MCC B Block,F06,Xiaomi 15,flagship,64999,0.1837,53059,near end-of-life,0.023809523809523808,1,1000,284.2932452380952,0.005358058863493379,0,0,0.0,False,"MobiMart MCC B Block: 0 units of Xiaomi 15 - expected demand 0.0/week, capital tied up Rs 0, expected gross profit Rs 0, ROI 0.00x"
BLR-08,MobiMart Electronic City,B06,Lava Blaze Core,budget,8499,0.0523,8055,near end-of-life,0.09523809523809523,1,1000,42.33311428571428,0.005255507670479737,0,0,0.0,False,"MobiMart Electronic City: 0 units of Lava Blaze Core - expected demand 0.1/week, capital tied up Rs 0, expected gross profit Rs 0, ROI 0.00x"
DAV-02,MobiMart MCC B Block,B06,Lava Blaze Core,budget,8499,0.0523,8055,near end-of-life,0.09523809523809523,1,1000,42.33311428571428,0.005255507670479737,0,0,0.0,False,"MobiMart MCC B Block: 0 units of Lava Blaze Core - expected demand 0.1/week, capital tied up Rs 0, expected gross profit Rs 0, ROI 0.00x"
BEL-01,MobiMart Cantonment,B06,Lava Blaze Core,budget,8499,0.0523,8055,near end-of-life,0.09523809523809523,1,1000,42.33311428571428,0.005255507670479737,0,0,0.0,False,"MobiMart Cantonment: 0 units of Lava Blaze Core - expected demand 0.1/week, capital tied up Rs 0, expected gross profit Rs 0, ROI 0.00x"
SHI-01,MobiMart Vidya Nagar,B06,Lava Blaze Core,budget,8499,0.0523,8055,near end-of-life,0.09523809523809523,1,1000,42.33311428571428,0.005255507670479737,0,0,0.0,False,"MobiMart Vidya Nagar: 0 units of Lava Blaze Core - expected demand 0.1/week, capital tied up Rs 0, expected gross profit Rs 0, ROI 0.00x"
HOS-01,MobiMart Hosur Road,B06,Lava Blaze Core,budget,8499,0.0523,8055,near end-of-life,0.09523809523809523,1,1000,42.33311428571428,0.005255507670479737,0,0,0.0,False,"MobiMart Hosur Road: 0 units of Lava Blaze Core - expected demand 0.1/week, capital tied up Rs 0, expected gross profit Rs 0, ROI 0.00x"
BLR-04,MobiMart Whitefield,F02,iPhone 16,flagship,79900,0.1711,66229,near end-of-life,0.023809523809523808,1,1000,325.4973809523809,0.004914725889751935,0,0,0.0,False,"MobiMart Whitefield: 0 units of iPhone 16 - expected demand 0.0/week, capital tied up Rs 0, expected gross profit Rs 0, ROI 0.00x"
DAV-01,MobiMart PJ Extension,F11,Samsung Galaxy S26,flagship,79999,0.1658,66735,near end-of-life,0.023809523809523808,1,1000,315.8055761904762,0.004732233103925619,0,0,0.0,False,"MobiMart PJ Extension: 0 units of Samsung Galaxy S26 - expected demand 0.0/week, capital tied up Rs 0, expected gross profit Rs 0, ROI 0.00x"
BLR-01,MobiMart Jayanagar,B13,Redmi A6,budget,8999,0.055,8504,declining,0.08095238095238094,1,1000,40.06697619047618,0.004711544707252609,0,0,0.0,False,"MobiMart Jayanagar: 0 units of Redmi A6 - expected demand 0.1/week, capital tied up Rs 0, expected gross profit Rs 0, ROI 0.00x"
BLR-01,MobiMart Jayanagar,B02,Samsung Galaxy M05,budget,8999,0.0615,8446,near end-of-life,0.07142857142857142,1,1000,39.531321428571424,0.004680478502080443,0,0,0.0,False,"MobiMart Jayanagar: 0 units of Samsung Galaxy M05 - expected demand 0.1/week, capital tied up Rs 0, expected gross profit Rs 0, ROI 0.00x"
BLR-07,MobiMart Yelahanka,B02,Samsung Galaxy M05,budget,8999,0.0615,8446,near end-of-life,0.07142857142857142,1,1000,39.531321428571424,0.004680478502080443,0,0,0.0,False,"MobiMart Yelahanka: 0 units of Samsung Galaxy M05 - expected demand 0.1/week, capital tied up Rs 0, expected gross profit Rs 0, ROI 0.00x"
BEL-02,MobiMart Tilakwadi,B07,POCO C75,budget,11999,0.0595,11285,near end-of-life,0.07142857142857142,1,1000,50.995749999999994,0.004518896765618076,0,0,0.0,False,"MobiMart Tilakwadi: 0 units of POCO C75 - expected demand 0.1/week, capital tied up Rs 0, expected gross profit Rs 0, ROI 0.00x"
MAN-02,MobiMart Kottara,B07,POCO C75,budget,11999,0.0595,11285,near end-of-life,0.07142857142857142,1,1000,50.995749999999994,0.004518896765618076,0,0,0.0,False,"MobiMart Kottara: 0 units of POCO C75 - expected demand 0.1/week, capital tied up Rs 0, expected gross profit Rs 0, ROI 0.00x"
BLR-07,MobiMart Yelahanka,B10,Nokia 3210 4G,budget,7499,0.0586,7060,near end-of-life,0.07142857142857142,1,1000,31.388671428571428,0.0044459874544718735,0,0,0.0,False,"MobiMart Yelahanka: 0 units of Nokia 3210 4G - expected demand 0.1/week, capital tied up Rs 0, expected gross profit Rs 0, ROI 0.00x"
HUB-01,MobiMart Vidya Nagar,B01,Nokia 110 Power,budget,6999,0.0798,6440,near end-of-life,0.047619047619047616,1,1000,26.5962,0.0041298447204968945,0,0,0.0,False,"MobiMart Vidya Nagar: 0 units of Nokia 110 Power - expected demand 0.0/week, capital tied up Rs 0, expected gross profit Rs 0, ROI 0.00x"
BLR-06,MobiMart Rajajinagar,M09,Samsung Galaxy A36,mid,32999,0.1474,28135,near end-of-life,0.023809523809523808,1,1000,115.81077619047619,0.004116252930175091,0,0,0.0,False,"MobiMart Rajajinagar: 0 units of Samsung Galaxy A36 - expected demand 0.0/week, capital tied up Rs 0, expected gross profit Rs 0, ROI 0.00x"
MAN-01,MobiMart Court Road,B05,Moto G15 Play,budget,10999,0.0793,10127,near end-of-life,0.047619047619047616,1,1000,41.53431904761904,0.00410134482547833,0,0,0.0,False,"MobiMart Court Road: 0 units of Moto G15 Play - expected demand 0.0/week, capital tied up Rs 0, expected gross profit Rs 0, ROI 0.00x"
BLR-05,MobiMart Malleshwaram,B08,Samsung Galaxy F06,budget,10499,0.0776,9684,near end-of-life,0.047619047619047616,1,1000,38.79630476190476,0.004006227257528372,0,0,0.0,False,"MobiMart Malleshwaram: 0 units of Samsung Galaxy F06 - expected demand 0.0/week, capital tied up Rs 0, expected gross profit Rs 0, ROI 0.00x"
HUB-01,MobiMart Vidya Nagar,B08,Samsung Galaxy F06,budget,10499,0.0776,9684,near end-of-life,0.047619047619047616,1,1000,38.79630476190476,0.004006227257528372,0,0,0.0,False,"MobiMart Vidya Nagar: 0 units of Samsung Galaxy F06 - expected demand 0.0/week, capital tied up Rs 0, expected gross profit Rs 0, ROI 0.00x"
BEL-02,MobiMart Tilakwadi,B08,Samsung Galaxy F06,budget,10499,0.0776,9684,near end-of-life,0.047619047619047616,1,1000,38.79630476190476,0.004006227257528372,0,0,0.0,False,"MobiMart Tilakwadi: 0 units of Samsung Galaxy F06 - expected demand 0.0/week, capital tied up Rs 0, expected gross profit Rs 0, ROI 0.00x"
BLR-01,MobiMart Jayanagar,B06,Lava Blaze Core,budget,8499,0.0523,8055,near end-of-life,0.07142857142857142,1,1000,31.749835714285712,0.003941630752859803,0,0,0.0,False,"MobiMart Jayanagar: 0 units of Lava Blaze Core - expected demand 0.1/week, capital tied up Rs 0, expected gross profit Rs 0, ROI 0.00x"
TUM-01,MobiMart MG Road,B06,Lava Blaze Core,budget,8499,0.0523,8055,near end-of-life,0.07142857142857142,1,1000,31.749835714285712,0.003941630752859803,0,0,0.0,False,"MobiMart MG Road: 0 units of Lava Blaze Core - expected demand 0.1/week, capital tied up Rs 0, expected gross profit Rs 0, ROI 0.00x"
BEL-02,MobiMart Tilakwadi,B06,Lava Blaze Core,budget,8499,0.0523,8055,near end-of-life,0.07142857142857142,1,1000,31.749835714285712,0.003941630752859803,0,0,0.0,False,"MobiMart Tilakwadi: 0 units of Lava Blaze Core - expected demand 0.1/week, capital tied up Rs 0, expected gross profit Rs 0, ROI 0.00x"
TUM-01,MobiMart MG Road,B03,Redmi A5,budget,7999,0.0748,7401,near end-of-life,0.047619047619047616,1,1000,28.49167619047619,0.003849706281647911,0,0,0.0,False,"MobiMart MG Road: 0 units of Redmi A5 - expected demand 0.0/week, capital tied up Rs 0, expected gross profit Rs 0, ROI 0.00x"
BLR-02,MobiMart Koramangala,M06,Motorola Edge 60 Fusion,mid,22999,0.1248,20129,near end-of-life,0.023809523809523808,1,1000,68.33988571428571,0.0033950959170493174,0,0,0.0,False,"MobiMart Koramangala: 0 units of Motorola Edge 60 Fusion - expected demand 0.0/week, capital tied up Rs 0, expected gross profit Rs 0, ROI 0.00x"
HUB-02,MobiMart Gokul Road,M06,Motorola Edge 60 Fusion,mid,22999,0.1248,20129,near end-of-life,0.023809523809523808,1,1000,68.33988571428571,0.0033950959170493174,0,0,0.0,False,"MobiMart Gokul Road: 0 units of Motorola Edge 60 Fusion - expected demand 0.0/week, capital tied up Rs 0, expected gross profit Rs 0, ROI 0.00x"
DAV-02,MobiMart MCC B Block,M06,Motorola Edge 60 Fusion,mid,22999,0.1248,20129,near end-of-life,0.023809523809523808,1,1000,68.33988571428571,0.0033950959170493174,0,0,0.0,False,"MobiMart MCC B Block: 0 units of Motorola Edge 60 Fusion - expected demand 0.0/week, capital tied up Rs 0, expected gross profit Rs 0, ROI 0.00x"
MAN-02,MobiMart Kottara,M06,Motorola Edge 60 Fusion,mid,22999,0.1248,20129,near end-of-life,0.023809523809523808,1,1000,68.33988571428571,0.0033950959170493174,0,0,0.0,False,"MobiMart Kottara: 0 units of Motorola Edge 60 Fusion - expected demand 0.0/week, capital tied up Rs 0, expected gross profit Rs 0, ROI 0.00x"
HOS-01,MobiMart Hosur Road,M06,Motorola Edge 60 Fusion,mid,22999,0.1248,20129,near end-of-life,0.023809523809523808,1,1000,68.33988571428571,0.0033950959170493174,0,0,0.0,False,"MobiMart Hosur Road: 0 units of Motorola Edge 60 Fusion - expected demand 0.0/week, capital tied up Rs 0, expected gross profit Rs 0, ROI 0.00x"
KOL-01,MobiMart Station Road,M08,Nothing Phone (3a),mid,27999,0.1243,24519,near end-of-life,0.023809523809523808,1,1000,82.86370714285714,0.0033795712363007113,0,0,0.0,False,"MobiMart Station Road: 0 units of Nothing Phone (3a) - expected demand 0.0/week, capital tied up Rs 0, expected gross profit Rs 0, ROI 0.00x"
BLR-02,MobiMart Koramangala,B02,Samsung Galaxy M05,budget,8999,0.0615,8446,near end-of-life,0.047619047619047616,1,1000,26.354214285714285,0.0031203190013869625,0,0,0.0,False,"MobiMart Koramangala: 0 units of Samsung Galaxy M05 - expected demand 0.0/week, capital tied up Rs 0, expected gross profit Rs 0, ROI 0.00x"
HUB-02,MobiMart Gokul Road,B02,Samsung Galaxy M05,budget,8999,0.0615,8446,near end-of-life,0.047619047619047616,1,1000,26.354214285714285,0.0031203190013869625,0,0,0.0,False,"MobiMart Gokul Road: 0 units of Samsung Galaxy M05 - expected demand 0.0/week, capital tied up Rs 0, expected gross profit Rs 0, ROI 0.00x"
TUM-02,MobiMart SS Puram,B02,Samsung Galaxy M05,budget,8999,0.0615,8446,near end-of-life,0.047619047619047616,1,1000,26.354214285714285,0.0031203190013869625,0,0,0.0,False,"MobiMart SS Puram: 0 units of Samsung Galaxy M05 - expected demand 0.0/week, capital tied up Rs 0, expected gross profit Rs 0, ROI 0.00x"
MAN-02,MobiMart Kottara,B02,Samsung Galaxy M05,budget,8999,0.0615,8446,near end-of-life,0.047619047619047616,1,1000,26.354214285714285,0.0031203190013869625,0,0,0.0,False,"MobiMart Kottara: 0 units of Samsung Galaxy M05 - expected demand 0.0/week, capital tied up Rs 0, expected gross profit Rs 0, ROI 0.00x"
BLR-05,MobiMart Malleshwaram,M07,POCO X7 Pro,mid,26999,0.1145,23908,near end-of-life,0.023809523809523808,1,1000,73.60441666666667,0.003078652194523451,0,0,0.0,False,"MobiMart Malleshwaram: 0 units of POCO X7 Pro - expected demand 0.0/week, capital tied up Rs 0, expected gross profit Rs 0, ROI 0.00x"
BLR-03,MobiMart Indiranagar,B07,POCO C75,budget,11999,0.0595,11285,near end-of-life,0.047619047619047616,1,1000,33.99716666666666,0.003012597843745384,0,0,0.0,False,"MobiMart Indiranagar: 0 units of POCO C75 - expected demand 0.0/week, capital tied up Rs 0, expected gross profit Rs 0, ROI 0.00x"
BLR-07,MobiMart Yelahanka,M01,Samsung Galaxy A26,mid,22999,0.1104,20460,near end-of-life,0.023809523809523808,1,1000,60.45451428571428,0.0029547660941209326,0,0,0.0,False,"MobiMart Yelahanka: 0 units of Samsung Galaxy A26 - expected demand 0.0/week, capital tied up Rs 0, expected gross profit Rs 0, ROI 0.00x"
DAV-01,MobiMart PJ Extension,B01,Nokia 110 Power,budget,6999,0.0798,6440,near end-of-life,0.023809523809523808,1,1000,13.2981,0.0020649223602484472,0,0,0.0,False,"MobiMart PJ Extension: 0 units of Nokia 110 Power - expected demand 0.0/week, capital tied up Rs 0, expected gross profit Rs 0, ROI 0.00x"
MYS-02,MobiMart Kuvempunagar,B05,Moto G15 Play,budget,10999,0.0793,10127,near end-of-life,0.023809523809523808,1,1000,20.76715952380952,0.002050672412739165,0,0,0.0,False,"MobiMart Kuvempunagar: 0 units of Moto G15 Play - expected demand 0.0/week, capital tied up Rs 0, expected gross profit Rs 0, ROI 0.00x"
BLR-08,MobiMart Electronic City,B04,Realme Note 60,budget,9499,0.0751,8786,near end-of-life,0.023809523809523808,1,1000,16.985116666666666,0.0019332024432809772,0,0,0.0,False,"MobiMart Electronic City: 0 units of Realme Note 60 - expected demand 0.0/week, capital tied up Rs 0, expected gross profit Rs 0, ROI 0.00x"
BLR-04,MobiMart Whitefield,B09,Realme C75x,budget,12999,0.0703,12085,near end-of-life,0.023809523809523808,1,1000,21.75785,0.0018004013239553167,0,0,0.0,False,"MobiMart Whitefield: 0 units of Realme C75x - expected demand 0.0/week, capital tied up Rs 0, expected gross profit Rs 0, ROI 0.00x"
BLR-08,MobiMart Electronic City,B02,Samsung Galaxy M05,budget,8999,0.0615,8446,near end-of-life,0.023809523809523808,1,1000,13.177107142857142,0.0015601595006934812,0,0,0.0,False,"MobiMart Electronic City: 0 units of Samsung Galaxy M05 - expected demand 0.0/week, capital tied up Rs 0, expected gross profit Rs 0, ROI 0.00x"
TUM-01,MobiMart MG Road,B02,Samsung Galaxy M05,budget,8999,0.0615,8446,near end-of-life,0.023809523809523808,1,1000,13.177107142857142,0.0015601595006934812,0,0,0.0,False,"MobiMart MG Road: 0 units of Samsung Galaxy M05 - expected demand 0.0/week, capital tied up Rs 0, expected gross profit Rs 0, ROI 0.00x"
KOL-01,MobiMart Station Road,B02,Samsung Galaxy M05,budget,8999,0.0615,8446,near end-of-life,0.023809523809523808,1,1000,13.177107142857142,0.0015601595006934812,0,0,0.0,False,"MobiMart Station Road: 0 units of Samsung Galaxy M05 - expected demand 0.0/week, capital tied up Rs 0, expected gross profit Rs 0, ROI 0.00x"
KAL-01,MobiMart KCD Road,B10,Nokia 3210 4G,budget,7499,0.0586,7060,near end-of-life,0.023809523809523808,1,1000,10.462890476190475,0.001481995818157291,0,0,0.0,False,"MobiMart KCD Road: 0 units of Nokia 3210 4G - expected demand 0.0/week, capital tied up Rs 0, expected gross profit Rs 0, ROI 0.00x"
